{"query": {"url": "https://www.car.gr/10503713-gilera-nexus-300", "type": "CAR_ADDE", "trial_count": 1, "last_processed": 1553095006}, "title": "Gilera Nexus 300  '09", "ad_id": "10503713", "ad_data": {"Make/Model": "Gilera Nexus 300 '09", "Classified number": "10503713", "Price": "€1.850", "Category": "Bike - Roller/Scooter", "Registration": "1 / 2009", "Mileage": "40,000 km", "Fuel type": "Gasoline", "Cubic capacity": "300 cc", "Power": "22 bhp", "Color": "Black", "Previous owners": "1", "Modified": "2 days", "Times clicked": "200", "Short link": "www.car.gr/10503713", "Telephone": "None"}, "ad_seller": {}, "metadata": {"type": "Bikes", "brand": "Gilera", "model": "Nexus 300"}, "extras": ["Automatic", "Centerstand", "Electric starter", "Four-stroke engine", "Sidestand"], "description": "Πληροφορίες από τηλέφωνο ! - Less - "}