{"query": {"url": "https://www.car.gr/10112768-honda-beat-110-new", "type": "CAR_ADDE", "trial_count": 1, "last_processed": 1553097080}, "title": "Honda  BEAT 110 NEW '17", "ad_id": "10112768", "ad_data": {"Make/Model": "Honda BEAT 110 NEW '17", "Classified number": "10112768", "Price": "€1.990", "Category": "Bike - Roller/Scooter", "Registration": "3 / 2017", "Fuel type": "Gasoline", "Cubic capacity": "110 cc", "Power": "9 bhp", "Color": "Red", "Modified": "7 days", "Times clicked": "1620", "Short link": "www.car.gr/10112768", "Telephone": "+30 2665023710"}, "ad_seller": {"Dealer": "Honda Κώτσης", "Address": "Τζαβέλαινας1", "City": "ΗΓΟΥΜΕΝΙΤΣΑ", "": "+30 2665023710", "Fax": "+30 2665023710", "Dealer page": "https//motokotsis.car.gr/"}, "metadata": {"type": "Bikes", "brand": "Honda", "model": "Honda  BEAT 110 NEW '17 - € 1.990 EUR"}, "extras": ["Automatic", "Catalyst", "Centerstand", "Credit card-Visa accepted", "Electric starter", "Exchange with Moto accepted", "Four-stroke engine", "Kick-Starter", "Service Book", "Sidestand", "Spoke wheels"], "description": "Το νεο Honda BEAT 110 ειναι εδω!!Κινητηρας 110 κυβικών με ψεκασμό PGMFi και START&STOP!! - Συνδυασμένα φρένα!!Γνωρίστε απο κοντα το πανέμορφο,hi tech και value for money scooter μας!!! - Less - "}