{"query": {"url": "https://www.car.gr/10130480-honda-vt-400-c-shadow", "type": "CAR_ADDE", "trial_count": 1, "last_processed": 1553104805}, "title": "Honda VT 400 C Shadow  '97", "ad_id": "10130480", "ad_data": {"Make/Model": "Honda VT 400 C Shadow '97", "Classified number": "10130480", "Price": "€4.900", "Category": "Bike - Chopper", "Registration": "1 / 1997", "Mileage": "22,500 km", "Fuel type": "Gasoline", "Cubic capacity": "400 cc", "Power": "34 bhp", "Color": "Black (Metallic)", "Modified": "over 2 months", "Times clicked": "2177", "Short link": "www.car.gr/10130480", "Telephone": "+30 2431026327"}, "ad_seller": {"Dealer": "OFF RUN MOTORSTORE", "Address": "ΠΕΡΙΦΕΡΕΙΑΚΗΟΔΟΣΛΑΡΙΣΗΣ-ΙΩΑΝΝΙΝΩΝ", "City": "ΤΡΙΚΑΛΑ", "": "+30 2431026327", "Fax": "+30 2431026327", "Dealer page": "https//off-run-motorstore.car.gr/"}, "metadata": {"type": "Bikes", "brand": "Honda", "model": "VT 400 C Shadow"}, "extras": ["Car Exchange", "Electric starter", "Exchange with Moto accepted", "Exhibition", "Sidestand", "Spoke wheels"], "description": "Η μηχανή ειναι πληρως ανακατασκευασμενη.1 χρονο εγγυηση.Αποστολες μοτοσυκλετων σε ολη την Ελλαδα.Δεκτες ανταλλαγες με αυτοκινητα και μοτοσυκλετες. - Less - "}