{"query": {"url": "https://www.car.gr/10455811-aprilia-sxv-550", "type": "CAR_ADDE", "trial_count": 1, "last_processed": 1553101711}, "title": "Aprilia SXV 550  '11", "ad_id": "10455811", "ad_data": {"Make/Model": "Aprilia SXV 550 '11", "Classified number": "10455811", "Price": "€4.900", "Category": "Bike - Super Motard", "Registration": "4 / 2011", "Mileage": "4,200 km", "Fuel type": "Gasoline", "Cubic capacity": "550 cc", "Power": "70 bhp", "Color": "Red", "Modified": "25 days", "Times clicked": "14104", "Short link": "www.car.gr/10455811", "Telephone": "None"}, "ad_seller": {"Name": "Βαλεντίνος", "Address": "ΛΑΜΙΑP.ΦΘΙΩΤΙΔΑΣ"}, "metadata": {"type": "Bikes", "brand": "Aprilia", "model": "SXV 550"}, "extras": ["Car Exchange", "Exchange with Moto accepted"], "description": "Ειναι '08 1η αδεια '11. - 1ο χέρι πραγματικά χλμ χωρίς επισκευή. - Χούφτες aprilia. - Σφουγγάρι τιμονιού aprilia. - Φώτα xenon. - Φυλάσσεται σε κλειστό parking. - Σε περίπτωση ανταλλαγής η τιμή αλλάζει.. - Μόνο σοβαρές προτάσεις.. - Less - "}