{"query": {"url": "https://www.car.gr/10126391-kawasaki-gpz-900-r-zx-900-a1-gpz", "type": "CAR_ADDE", "trial_count": 1, "last_processed": 1553099794}, "title": "Kawasaki GPZ 900 R Zx 900-A1/Gpz '84", "ad_id": "10126391", "ad_data": {"Make/Model": "Kawasaki GPZ 900 R Zx 900-A1/Gpz '84", "Classified number": "10126391", "Price": "€900", "Category": "Bike - Sport Touring", "Registration": "5 / 1984", "Mileage": "81,804 km", "Fuel type": "Gasoline", "Cubic capacity": "908 cc", "Power": "74 bhp", "Color": "Green", "Liters/100km": "6 (Εντός)/5 (Εκτός)/5.5 (Μικτό)", "Previous owners": "2", "Modified": "15 days", "Times clicked": "3940", "Short link": "www.car.gr/10126391", "Telephone": "None"}, "ad_seller": {}, "metadata": {"type": "Bikes", "brand": "Kawasaki", "model": "GPZ 900 R"}, "extras": ["Antique-Classic", "Exchange with Moto accepted"], "description": "Kawasaki GPZ (Serial Number ZX900A003518) - Η μοτοσυκλέτα έχει έλθει απο την Σουηδία και βρίσκετε στην Γλυφάδα. - Έχει διαγραφεί απο τα μητρώα της Σουηδίας και μπορεί να βγάλει πινακίδες Ιστορικού Οχήματος. - Δεν έχει κινηθεί για περίπου 2 έτη και το πιό πιθανό είναι να χρειαστεί καινούρια μπαταρία αν δεν σωθεί αυτή που έχει επάνω και ίσως καθάρισμα των καρμπυρατέρ και είναι απολύτως λειτουργική. - Less - "}