{"query": {"url": "https://www.car.gr/10130358-bmw-k-100-rs", "type": "CAR_ADDE", "trial_count": 1, "last_processed": 1553102128}, "title": "Bmw K 100 RS  '98", "ad_id": "10130358", "ad_data": {"Make/Model": "Bmw K 100 RS '98", "Classified number": "10130358", "Price": "€3.500", "Category": "Bike - Sport Touring", "Registration": "11 / 1998", "Mileage": "69,400 km", "Fuel type": "Gasoline", "Cubic capacity": "1,000 cc", "Power": "100 bhp", "Color": "Grey (Metallic)", "Kteo to": "02 / 2021", "Liters/100km": "6 (Εντός)/4 (Εκτός)/5 (Μικτό)", "Previous owners": "1", "Modified": "28 days", "Times clicked": "273", "Short link": "www.car.gr/10130358", "Telephone": "None"}, "ad_seller": {}, "metadata": {"type": "Bikes", "brand": "Bmw", "model": "K 100 RS"}, "extras": [], "description": "Η ΤΙΜΗ ΕΙΝΑΙ ΤΕΛΙΚΗ. ΔΕΚΤΟΣ ΚΑΘΕ ΕΛΕΝΧΟΣ. - Less - "}