{"query": {"url": "https://www.car.gr/10551631-sym-gts-250i-sport-abs-euro-4", "type": "CAR_ADDE", "trial_count": 1, "last_processed": 1553099981}, "title": "Sym  GTS 250I SPORT ABS EURO 4 '17", "ad_id": "10551631", "ad_data": {"Make/Model": "Sym GTS 250I SPORT ABS EURO 4 '17", "Classified number": "10551631", "Price": "€3.995", "Category": "Bike - Roller/Scooter", "Registration": "7 / 2017", "Fuel type": "Gasoline", "Cubic capacity": "250 cc", "Power": "22 bhp", "Color": "White", "Modified": "16 days", "Times clicked": "660", "Short link": "www.car.gr/10551631", "Telephone": "+30 2461039664"}, "ad_seller": {"Dealer": "MOTOKINISI", "Address": "ΦΙΛΙΠΠΟΥΒ17", "City": "ΚΟΖΑΝΗ", "": "+30 2461039664", "Fax": "+30 2461039664", "Dealer page": "https//tzellos-motokinisi.car.gr/"}, "metadata": {"type": "Bikes", "brand": "Sym", "model": "Sym  GTS 250I SPORT ABS EURO 4 '17 - € 3.995 EUR"}, "extras": ["ABS", "Automatic", "Centerstand", "Credit card-Visa accepted", "Exchange with Moto accepted", "Four-stroke engine", "Kick-Starter", "Service Book", "Sidestand"], "description": "Εξοπλισμός – Τεχνικά χαρακτηριστικά - – Αυτόματο άνοιγμα σέλας - – Γρίλιες στην εσωτερική ποδιά που κατευθύνουν το θερμό αέρα στα πόδια του αναβάτη - – Διπλοί εμπρόσθιοι προβολείς - · Διπλά φώτα ομίχλης - – Εμπρόσθιος και οπίσθιος φανός τεχνολογίας LED - – Νέοι αναδιπλούμενοι καθρέπτες με ενσωματωμένα φλας τεχνολογίας LED - – Διακόπτης ALARM - – Στροφόμετρο - – Μαγνητικός διακόπτης ασφαλείας κλειδαριάς - – Αντικλεπτικός διακόπτης ασφαλείας κάτω από τη σέλα - – Άνοιγμα σέλας με υδραυλικό μηχανισμό - – Μεγάλοι και έξυπνοι αποθηκευτικοί χώροι - – Εσωτερικός φωτισμός χώρου αποσκευών - – 12V παροχή ρεύματος - – Ρεζερβουάρ 12 λίτρων - – Κεντρικό/πλαϊνό σταντ με διακόπτη λειτουργίας - Τεχνολογική υπεροχή - – Τετραβάλβιδο - – Υγρόψυκτο - – Iσχύς 21.5PS - – Ηλεκτρονικός ψεκασμός EFI - – 2 χρόνια εγγύηση (απεριόριστα χλμ.) - Μέγιστη ασφάλεια -Τροχοί 14″ ο εμπρόσθιος και 13″ ο οπίσθιος - – Πίσω/Εμπρός δισκόφρενο με 4πίστονες δαγκάνες - – Φρένα ABS ( BOSCH) - – Διπλά ρυθμιζόμενα αμορτισέρ 4 θέσεων - – Νέο ενισχυμένο άκαμπτο πλαίσιο - Less - "}