{"query": {"url": "https://www.car.gr/10233134-honda-sh-150i", "type": "CAR_ADDE", "trial_count": 1, "last_processed": 1553095471}, "title": "Honda SH 150i  '05", "ad_id": "10233134", "ad_data": {"Make/Model": "Honda SH 150i '05", "Classified number": "10233134", "Price": "€1.590", "Category": "Bike - Roller/Scooter", "Registration": "3 / 2005", "Mileage": "18,745 km", "Fuel type": "Gasoline", "Cubic capacity": "150 cc", "Power": "15 bhp", "Color": "Silver (Metallic)", "Kteo to": "06 / 2019", "Previous owners": "1", "Modified": "2 days", "Times clicked": "1831", "Short link": "www.car.gr/10233134", "Telephone": "+30 2541021180"}, "ad_seller": {"Dealer": "MAINSTREET", "Address": "28ΟΚΤΩΒΡΙΟΥ311-313", "City": "ΞΑΝΘΗ", "": "+30 2541021180", "Fax": "+30 2541021180", "Dealer page": "https//mainstreet.car.gr/", "Website": "http//www.mainstreet.gr", "Open hours": "ΔΕΥΤΕΡΑ -ΠΑΡΑΣΚΕΥΗ 0900-1930, ΣΑΒΒΑΤΟ 0900-1500 ΚΥΡΙΑΚΗ ΚΛΕΙΣΤΑ"}, "metadata": {"type": "Bikes", "brand": "Honda", "model": "SH 150i"}, "extras": ["Automatic", "Cargo Rack", "Cast wheels", "Catalyst", "Centerstand", "Credit card-Visa accepted", "Electric starter", "Exchange with Moto accepted", "Four-stroke engine", "Gelatin", "Top Box-Μπαγκαζιέρα"], "description": "Σε αριστη κατασταση με σχαρα,βαλιτσα γνησια , παρμπριζ μεγαλo, σχεδον καινουργια λαστιχα michelin, πληρες σερβις. Δινουμε ΓΡΑΠΤΗ ΕΞΑΜΗΝΗ ΕΓΓΥΗΣΗ ΚΑΛΗΣ ΛΕΙΤΟΥΡΓΙΑΣ, Δυνατοτητα χρηματοδοτησης η πληρωμης με πιστωτικη καρτα. - Less - "}