{"query": {"url": "https://www.car.gr/10225172-suzuki-dl-650-v-strom", "type": "CAR_ADDE", "trial_count": 1, "last_processed": 1553094932}, "title": "Suzuki DL 650 V-STROM  '05", "ad_id": "10225172", "ad_data": {"Make/Model": "Suzuki DL 650 V-STROM '05", "Classified number": "10225172", "Price": "€3.100", "Category": "Bike - On/Off", "Registration": "5 / 2005", "Mileage": "101,000 km", "Fuel type": "Gasoline", "Cubic capacity": "650 cc", "Power": "65 bhp", "Color": "Blue (Metallic)", "Kteo to": "11 / 2017", "Liters/100km": "6 (Εντός)/4 (Εκτός)/5 (Μικτό)", "Modified": "2 days", "Times clicked": "2198", "Short link": "www.car.gr/10225172", "Telephone": "None"}, "ad_seller": {"Name": "Στέφανος", "Address": "ΑΘΗΝΑP.ΑΤΤΙΚΗΣ"}, "metadata": {"type": "Bikes", "brand": "Suzuki", "model": "DL 650 V-STROM"}, "extras": [], "description": "Πρώτο χέρι ατρακάριστο σε εξαιρετικά καλή κατάσταση με έξτρα κάγκελα, χούφτες και κεντρικό στάντ.Έχει κάνει πρόσφατα σέρβις.Τα λάστιχα έχουν 7000 χλμ.Δεν χρειάζεται τίποτα. - Less - "}