{"query": {"url": "https://www.car.gr/10182531-peugeot-geopolis-250", "type": "CAR_ADDE", "trial_count": 1, "last_processed": 1553097897}, "title": "Peugeot Geopolis 250  '08", "ad_id": "10182531", "ad_data": {"Make/Model": "Peugeot Geopolis 250 '08", "Classified number": "10182531", "Price": "€1.600", "Category": "Bike - Roller/Scooter", "Registration": "7 / 2008", "Mileage": "40,000 km", "Fuel type": "Gasoline", "Cubic capacity": "250 cc", "Power": "23 bhp", "Color": "Black", "Modified": "9 days", "Times clicked": "934", "Short link": "www.car.gr/10182531", "Telephone": "+30 2821099405"}, "ad_seller": {"Dealer": "CHANIA MOTORCYCLES", "Address": "ΝΙΚΟΛΑΟΥΠΛΑΣΤΗΡΑ4", "City": "ΧΑΝΙΑ", "": "+30 6980127373", "Fax": "+30 6996312247", "Dealer page": "https//stavroulakis-cars.car.gr/"}, "metadata": {"type": "Bikes", "brand": "Peugeot", "model": "Geopolis 250"}, "extras": ["Electric starter", "Exchange with Moto accepted", "Four-stroke engine", "Service Book", "Top Box-Μπαγκαζιέρα"], "description": "αριστη κατασταση δεκτη ανταλλαγη - Less - "}