{"query": {"url": "https://www.car.gr/10215422-honda-cbr-600-f", "type": "CAR_ADDE", "trial_count": 1, "last_processed": 1553094907}, "title": "Honda CBR 600 F  '00", "ad_id": "10215422", "ad_data": {"Make/Model": "Honda CBR 600 F '00", "Classified number": "10215422", "Price": "€2.200", "Category": "Bike - Sport Touring", "Registration": "5 / 2000", "Mileage": "26,000 km", "Fuel type": "Gasoline", "Cubic capacity": "600 cc", "Power": "115 bhp", "Color": "Yellow (Metallic)", "Kteo to": "07 / 2019", "Previous owners": "1", "Modified": "2 days", "Times clicked": "6839", "Short link": "www.car.gr/10215422", "Telephone": "None"}, "ad_seller": {}, "metadata": {"type": "Bikes", "brand": "Honda", "model": "CBR 600 F"}, "extras": ["Alarm", "Centerstand", "Four-stroke engine", "Gelatin", "Sidestand"], "description": "Η μοτοσυκλετα ειναι σε αψογη κατασταση με 26000 πραγματικα χλμ και εγιναν οι παρακατω εργασιες στις 24000: - 1.γραναζια και αλυσιδα DID χρυση. - 2.ελαστικα dunlop qualifier. - 3.τακακια εμπρος-πισω και υγρα. - 4.λαδια και φιλτρο. - 5.καθαρισμος ψυγειου και καινουργια υγρα. - 6.μπουζι. - 7.καθαρισμος φιλτρου αερος - Απο extra εχει:εξατμιση carbon,φιλτρο αερος Κ&Ν,ζελατινα smoke double bubble,ρυθμιζονενες μανετες,καινουρια grips,προστατευτικα carbon:tank protector,ταπας τεποζιτου και yoke ptotector,συναγερμο,καθρεφτες,αλαγμενα φλας,ανοδιωμενες βιδες.Σε οτι αλαχτηκε υπαρχει και το εργοστασιακο,για περισοτερες πληροφοριες παρακαλω επικοινωνηστε μαζι μου. - Less - "}