{"query": {"url": "https://www.car.gr/10236156-malaguti-spidermax-gt-500-ie", "type": "CAR_ADDE", "trial_count": 9, "last_processed": 1553093092}, "title": "Malaguti Spidermax GT 500 ie  '08", "ad_id": "10236156", "ad_data": {"Make/Model": "Malaguti Spidermax GT 500 ie '08", "Classified number": "10236156", "Price": "€2.600", "Category": "Bike - Roller/Scooter", "Registration": "3 / 2008", "Mileage": "42,000 km", "Fuel type": "Gasoline", "Cubic capacity": "500 cc", "Power": "42 bhp", "Color": "Dark blue (Metallic)", "Previous owners": "1", "Modified": "5 hours", "Times clicked": "3883", "Short link": "www.car.gr/10236156", "Telephone": "+30 2109927212"}, "ad_seller": {"Dealer": "KTM Racing Center 500", "Address": "ΠΛΑΤΑΙΩΝ6", "City": "ΑΘΗΝΑ", "": "+30 2105540640", "Dealer page": "https//ktm.car.gr/", "Website": "https//www.ktm.com/gr/", "Open hours": "Δευτέρα 1000 - 1800\nΤρίτη 1000 - 1800\nΤετάρτη 1000 - 1900\nΠέμπτη 1000 - 1900\nΠαρασκευή 1000 - 1800\nΣάββατο & Κυριακή Κλειστά"}, "metadata": {"type": "Bikes", "brand": "Malaguti", "model": "Spidermax GT 500 ie"}, "extras": [], "description": ""}