{"query": {"url": "https://www.car.gr/10717723-zundapp-sport-combinette", "type": "CAR_ADDE", "trial_count": 1, "last_processed": 1553097740}, "title": "Zundapp  Sport-Combinette '64", "ad_id": "10717723", "ad_data": {"Make/Model": "Zundapp Sport-Combinette '64", "Classified number": "10717723", "Price": "€2.000", "Category": "Bike - Other", "Registration": "1 / 1964", "Mileage": "1,953 km", "Fuel type": "Gasoline", "Cubic capacity": "50 cc", "Power": "4 bhp", "Color": "Light Blue", "Modified": "9 days", "Times clicked": "6523", "Short link": "www.car.gr/10717723", "Telephone": "None"}, "ad_seller": {}, "metadata": {"type": "Bikes", "brand": "Zundapp", "model": "Zundapp  Sport-Combinette '64 - € 2.000 EUR"}, "extras": ["Antique-Classic", "Car Exchange", "Centerstand", "Exchange with Moto accepted", "Exhibition", "Two-stroke", "Καρμπυρατέρ"], "description": "Η μοτοσικλετα ειναι σε αριστη κατασταση πληρως λειτουργικη. Εργοστασιακη χωρις να χει γινει καποια ανακατασκευη. Δειτε το βιντεο. Παρακαλω οχι ασκοπα τηλεφωνα οχι παζαρτζηδες, ΜΟΝΟ ΣΟΒΑΡΑ ΕΝΔΙΑΦΕΡΟΜΕΝΟΙ. - Less - "}