{"query": {"url": "https://www.car.gr/10551244-sym-jet14-125-a-c", "type": "CAR_ADDE", "trial_count": 1, "last_processed": 1553104657}, "title": "Sym  JET14 125 A/C '17", "ad_id": "10551244", "ad_data": {"Make/Model": "Sym JET14 125 A/C '17", "Classified number": "10551244", "Price": "€2.195", "Category": "Bike - Roller/Scooter", "Registration": "7 / 2017", "Fuel type": "Gasoline", "Cubic capacity": "125 cc", "Power": "11 bhp", "Color": "Black", "Modified": "61 days", "Times clicked": "403", "Short link": "www.car.gr/10551244", "Telephone": "+30 2461039664"}, "ad_seller": {"Dealer": "MOTOKINISI", "Address": "ΦΙΛΙΠΠΟΥΒ17", "City": "ΚΟΖΑΝΗ", "": "+30 2461039664", "Fax": "+30 2461039664", "Dealer page": "https//tzellos-motokinisi.car.gr/"}, "metadata": {"type": "Bikes", "brand": "Sym", "model": "Sym  JET14 125 A/C '17 - € 2.195 EUR"}, "extras": ["Automatic", "Centerstand", "Credit card-Visa accepted", "Exchange with Moto accepted", "Four-stroke engine", "Kick-Starter", "Service Book", "Sidestand"], "description": "Αερόψυκτος κινητήρας EFI, 10.5HP - 260mm δίσκος εμπρός με CBS - Εργονομική μεγάλη σέλα δύο επιπέδων - Επίπεδο πάτωμα - Ειδικά σχεδιασμένη ποδιά για μεγαλύτερη άνεση και χώρο - Διπλοί προβολείς 35kW / 35kW - LED φώτα θέσης και LED πίσω φωτιστικό σώμα - 14” τροχοί για ομαλότερη οδήγηση - Μεγάλος αποθηκευτικός χώρος κάτω από τη σέλα για ένα full face κράνος - Επιπλέον αποθηκευτικός χώρος για μικροαντικείμενα - Αναδιπλούμενος γάντζος για την ανάρτηση χειραποσκευών - Σύγχρονος σχεδιασμός με sport διαστάσεις - Less - "}