{"query": {"url": "https://www.car.gr/10215017-kymco-people-one-125-i-cbs-euro-4", "type": "CAR_ADDE", "trial_count": 1, "last_processed": 1553100406}, "title": "Kymco  PEOPLE ONE 125 I CBS EURO 4 '18", "ad_id": "10215017", "ad_data": {"Make/Model": "Kymco PEOPLE ONE 125 I CBS EURO 4 '18", "Classified number": "10215017", "Price": "€2.350", "Category": "Bike - Roller/Scooter", "Registration": "1 / 2018", "Fuel type": "Gasoline", "Cubic capacity": "125 cc", "Power": "11 bhp", "Color": "Red (Metallic)", "Modified": "18 days", "Times clicked": "592", "Short link": "www.car.gr/10215017", "Telephone": "+30 2510227713"}, "ad_seller": {"Dealer": "MOTO-DELIS", "Address": "ΒΕΝΙΖΕΛΟΥ38", "City": "ΚΑΒΑΛΑ", "": "+30 2510245337", "Fax": "+30 2510226583", "Dealer page": "https//moto-delis.car.gr/"}, "metadata": {"type": "Bikes", "brand": "Kymco", "model": "Kymco  PEOPLE ONE 125 I CBS EURO 4 '18 - € 2.350 EUR"}, "extras": ["Exchange with Moto accepted"], "description": "ΠΩΛΗΣΗ ΚΑΙ ΜΕ ΠΙΣΤΩΤΙΚΗ ΚΑΡΤΑ -ΑΤΟΚΕΣ ΔΟΣΕΙΣ - Less - "}