{"query": {"url": "https://www.car.gr/10326624-yamaha-fzs-1000-fazer", "type": "CAR_ADDE", "trial_count": 1, "last_processed": 1553094444}, "title": "Yamaha FZS 1000 Fazer  '03", "ad_id": "10326624", "ad_data": {"Make/Model": "Yamaha FZS 1000 Fazer '03", "Classified number": "10326624", "Price": "€3.600", "Category": "Bike - Naked", "Registration": "1 / 2003", "Mileage": "71,791 km", "Fuel type": "Gasoline", "Cubic capacity": "1,000 cc", "Power": "150 bhp", "Color": "Black", "Modified": "23 hours", "Times clicked": "10947", "Short link": "www.car.gr/10326624", "Telephone": "+30 2107789866"}, "ad_seller": {"Dealer": "Extreme Power Store", "Address": "Μιχαλακοπούλου166", "City": "ΑΘΗΝΑ", "": "+30 2107789866", "Fax": "+30 2107789866", "Dealer page": "https//extreme-power-store.car.gr/", "Website": "http//www.extremeps.gr"}, "metadata": {"type": "Bikes", "brand": "Yamaha", "model": "FZS 1000 Fazer"}, "extras": [], "description": "Διαθέτει: - Ολόκληρο μπροστινό σύστημα ανάρτηση, φρένα, δαγκάνες, δισκόπλακες από YAMAHA YZF R1 - Εξάτμιση - Ρυθμιζόμενα μαρσπιέ - Καρίνα - Πίσω φτερό - Ζελατίνα - Undertail - Less - "}