{"query": {"url": "https://www.car.gr/10006063-piaggio-beverly-300i", "type": "CAR_ADDE", "trial_count": 1, "last_processed": 1553103927}, "title": "Piaggio Beverly 300i  '11", "ad_id": "10006063", "ad_data": {"Make/Model": "Piaggio Beverly 300i '11", "Classified number": "10006063", "Price": "€2.300", "Category": "Bike - Roller/Scooter", "Registration": "4 / 2011", "Mileage": "59,000 km", "Fuel type": "Gasoline", "Cubic capacity": "300 cc", "Power": "23 bhp", "Color": "Gold", "Kteo to": "10 / 2018", "Modified": "44 days", "Times clicked": "8050", "Short link": "www.car.gr/10006063", "Telephone": "None"}, "ad_seller": {}, "metadata": {"type": "Bikes", "brand": "Piaggio", "model": "Beverly 300i"}, "extras": ["Automatic", "Catalyst", "Centerstand", "Electric starter", "Led lights", "Lights Xenon", "Service Book", "Sidestand", "Spoke wheels"], "description": "σε αψογη κατασταση με βιβλιο service. - με πληρωμενο το ΚΤΕΟ και τα τελη και εχει γίνει και το μεγάλο service αλλαγή ιμάντα - Less - "}