{"query": {"url": "https://www.car.gr/10470427-piaggio-beverly-500-cruiser-cruiser-beverly", "type": "CAR_ADDE", "trial_count": 1, "last_processed": 1553102185}, "title": "Piaggio Beverly 500 Cruiser CRUISER BEVERLY '08", "ad_id": "10470427", "ad_data": {"Make/Model": "Piaggio Beverly 500 Cruiser CRUISER BEVERLY '08", "Classified number": "10470427", "Price": "€2.700", "Category": "Bike - Roller/Scooter", "Registration": "1 / 2008", "Mileage": "43,500 km", "Fuel type": "Gasoline", "Cubic capacity": "495 cc", "Power": "45 bhp", "Color": "Silver (Metallic)", "Kteo to": "04 / 2020", "Modified": "29 days", "Times clicked": "70", "Short link": "www.car.gr/10470427", "Telephone": "None"}, "ad_seller": {}, "metadata": {"type": "Bikes", "brand": "Piaggio", "model": "Beverly 500 Cruiser"}, "extras": [], "description": "ΣΕ ΑΡΙΣΤΗ ΚΑΤΑΣΤΑΣΗ ΜΕ ΣΥΝΑΓΕΡΜΟ - ΓΕΝΙΚΟ ΣΕΡΒΙΣ ΣΤΑ 38000 (ΑΛΛΑΓΗ ΙΜΑΝΤΑ ΚΤΛ) - Less - "}