{"query": {"url": "https://www.car.gr/10256838-aprilia-sr-max-300", "type": "CAR_ADDE", "trial_count": 1, "last_processed": 1553101781}, "title": "Aprilia SR MAX 300  '11", "ad_id": "10256838", "ad_data": {"Make/Model": "Aprilia SR MAX 300 '11", "Classified number": "10256838", "Price": "€2.300", "Category": "Bike - Roller/Scooter", "Registration": "8 / 2011", "Mileage": "45,500 km", "Fuel type": "Gasoline", "Cubic capacity": "278 cc", "Power": "22 bhp", "Color": "White (Metallic)", "Kteo to": "05 / 2020", "Modified": "25 days", "Times clicked": "3003", "Short link": "www.car.gr/10256838", "Telephone": "None"}, "ad_seller": {}, "metadata": {"type": "Bikes", "brand": "Aprilia", "model": "SR MAX 300"}, "extras": ["Catalyst", "Centerstand", "Four-stroke engine", "Service Book", "Sidestand", "Trip computer"], "description": "Άριστη κατάσταση με ολα τα service στην ωρα τους. - Καινούργια λαστιχα(metzeler)-2κλειδια - Μετρητοίς όχι ανταλλαγές. - ΕΥΧΑΡΙΣΤΩ. - Less - "}