{"query": {"url": "https://www.car.gr/10047300-bmw-f-700-gs", "type": "CAR_ADDE", "trial_count": 1, "last_processed": 1553101104}, "title": "Bmw F 700 GS  '13", "ad_id": "10047300", "ad_data": {"Make/Model": "Bmw F 700 GS '13", "Classified number": "10047300", "Price": "€7.300", "Category": "Bike - On/Off", "Registration": "5 / 2013", "Mileage": "10,000 km", "Fuel type": "Gasoline", "Cubic capacity": "800 cc", "Power": "75 bhp", "Color": "Grey (Metallic)", "Kteo to": "08 / 2019", "Modified": "21 days", "Times clicked": "2396", "Short link": "www.car.gr/10047300", "Telephone": "None"}, "ad_seller": {}, "metadata": {"type": "Bikes", "brand": "Bmw", "model": "F 700 GS"}, "extras": ["Cargo Rack", "Cast wheels", "Catalyst", "Centerstand", "Electric starter", "Engine Guards", "Four-stroke engine", "Gelatin", "Heated Handguards", "Service Book", "Sidestand", "Skid Plate", "Top Box-Μπαγκαζιέρα", "Trip computer"], "description": "Η ΜΟΤΟΣΥΚΛΕΤΑ ΟΤΑΝ ΑΓΟΡΑΣΤΗΚΕ ΚΑΙΝΟΥΡΓΙΑ(EΛΛΑΔΑ) ΣΤΗΣ 28/05/2013 - ΠΕΡΙΕΛΑΜΒΑΝΕ ΑΠΟ ΤΟ ΕΡΓΟΣΤΑΣΙΟ : - 1_ΠΑΚΕΤΟ(SAFETY) - α_ESA ΗΛΕΚΡΟΝΙΚΗ ΑΝΑΡΤΗΣΗ - β_ΕΛΕΓΧΟΣ ΠΙΕΣΗΣ ΕΛΑΣΤΙΚΩΝ (RDC) - γ_ASC ΑΝΤΙΟΛΙΣΘΗΤΙΚΟ - 2_ΠΑΚΕΤΟ(COMFORT) - α_ΘΕΡΜΑΙΝΟΜΕΝΑ GRIP - β_ΥΠΟΛΟΓΙΣΤΗΣ ΤΑΞΙΔΙΟΥ - γ_ΚΕΝΤΡΙΚΟ ΣΤΑΝΤ - δ_ΒΑΣΕΙΣ ΓΙΑ ΠΛΑΙΝΕΣ ΒΑΛΙΤΣΕΣ - KAI - 3_COMFORT ΣΕΛΑ - ΣΧΟΛΙΑ : Έχει κάνει 10000km(μέχρι 20/01/2019). - Έχουν γίνει όλα τα ετήσια service σε επίσημο συνεργείο της BMW(ΝΤΟΛΑΣ). - Φυλάσσετε σε γκαράζ. - Eίναι σαν καινούργια. - ΤΙΜΗ : 7800 με τα επιπλέον αξεσουάρ που είναι τα παρακάτω. - EΠΙ ΠΛΕΟΝ ΤΟΠΟΘΕΤΗΘΗΚΑΝ ΤΑ ΕΞΗΣ ΑΞΕΣΟΥΑΡ: - 1_TANK BAG της BMW = 163 euro(Από Γερμανία). - 2_ΤΟPCASE της HEPCO&BECKER ΜΑΥΡΗ ΤΩΝ 42 l (με βάση) = 320 euro(Από MOTORAID). - 3_ΜΠΑΡΕΣ ΠΡΟΣΤΑΣΙΑΣ ΚΙΝΗΤΗΡΑ(Μαύρες) ΤΗΣ HEPCO&BECKER = 186 euro(Από Σαββίδη). - 4_\"XOYΦΤΕΣ\" της TOURATECH(πλαστικές) = 90 euro(Από KOHL-Γερμανία). - 5_ΠΡΟΣΤΑΤΕΥΤΙΚΗ \"ΠΟΔΙΑ\" ΣΤΟ ΚΑΤΩ ΜΕΡΟΣ ΤΗΣ ΜΗΧΑΝΗΣ(Μαύρη) = 90 euro(Από KOHL-Γερμανία). - 6_ΠΡΟΣΤΑΤΕΥΤΙΚΟ ΚΑΛΥΜMΑ ΕΞΑΤΜΙΣΗΣ(Αλουμίνιο) = 65 euro(Από MOTORAID). - 7_ΕΠΕΚΤΑΣΗ ΛΕΒΙΕ ΠΙΣΟΥ ΦΡΕΝΟΥ = 27 euro(Από MOTORAID). - 8_ΑΝΕΜΟΘΡΑΥΣΤΗΣ(ΖΕΛΑΤΙΝΑ) WUNDERLICH των 36cm = 164 euro. (Από MOTORAID). - ΥΠΑΡΧΕΙ ΚΑΙ Η ΓΝΗΣΙΑ ZEΛΑΤΙΝΑ. - ΣΥΝΟΛΙΚΗ ΑΞΙΑ ΤΩΝ ΕΠΙ ΠΛΕΟΝ ΑΞΕΣΟΥΑΡ : 1105 euro. - Διαθέσιμο και αφόρετο κράνος Blauer Loft Helmet Black/Gray(XXL) αξίας 180 euro - Less - "}