{"query": {"url": "https://www.car.gr/10198238-honda-goldwing-1500-anniversary-98", "type": "CAR_ADDE", "trial_count": 1, "last_processed": 1553096682}, "title": "Honda Goldwing 1500 ANNIVERSARY '98 !!ΔΟΣΕΙΣ! '98", "ad_id": "10198238", "ad_data": {"Make/Model": "Honda Goldwing 1500 ANNIVERSARY '98 !!ΔΟΣΕΙΣ! '98", "Classified number": "10198238", "Price": "€7.999", "Category": "Bike - Street Bike", "Registration": "3 / 1998", "Fuel type": "Gasoline", "Cubic capacity": "1,500 cc", "Power": "100 bhp", "Color": "White (Metallic)", "Modified": "6 days", "Times clicked": "7942", "Short link": "www.car.gr/10198238", "Telephone": "+30 2310705705"}, "ad_seller": {"Dealer": "AUTO DEAL   AUTO DEAL ΚΑΛΟΧΩΡΙ", "Address": "4oχιλ.Ε.Ο.Θεσ/νικης-Αθηνών(ΔίπλαΑΚ.Τ.Ε.Ο)", "City": "ΘΕΣΣΑΛΟΝΙΚΗ", "": "+30 2310705705", "Fax": "+30 2310755420", "Dealer page": "https//autodeal.car.gr/", "Website": "http//www.auto-deal.gr"}, "metadata": {"type": "Bikes", "brand": "Honda", "model": "Goldwing"}, "extras": ["Bars", "Car Exchange", "Cargo Rack", "Centerstand", "Exchange with Moto accepted", "Gelatin", "Led lights", "Notes, checks accepted", "Rear", "Top Box-Μπαγκαζιέρα", "Trip computer"], "description": "••••••••••••••••• AUTO DEAL •••••••••••••••••••• - ΑΓΟΡΑΖΕΙΣ ΤΗ ΜΗΧΑΝΗ ΣΟΥ ΜΕ ΔΟΣΕΙΣ ΜΕΤΑΞΥ ΜΑΣ - ΜΕ ΜΙΑ ΠΡΟΚΑΤΑΒΟΛΗ ΚΑΙ ΤΑ ΕΞΟΔΑ ΔΙΚΗ ΣΟΥ ΚΑΙ ΤΟ ΥΠΟΛΟΙΠΟ ΣΕ ΔΟΣΕΙΣ! - ΔΙΑΚΑΝΟΝΙΣΜΟΙ ευέλικτοι με σύντομες διαδικασίες, δεκτά γραμμάτια και επιταγές, - • 1520 ΚΥΒΙΚΑ - • ΧΡΩΜΑ ΛΕΥΚΟ PERLA - • CRUISE CONTROL - • AΕΡΟΔΥΝΑΜΙΚΟ FAIRING - • ΡΑΔΙΟΚΑΣΕΤΟΦΩΝΟ - • HXEIA ALPINE - • ENIΣΧYΤΕΣ & ΜΡ3 - • ΣΧΑΡΑ - • ΕΛΑΣΤΙΚΑ & ΦΡΕΝΑ ΚΑΙΝΟΥΡΙΑ - • ΕΝΔΕΙΞΗ ΜΠΑΤΑΡΙΑΣ - • ΤΕΜΠΕΛΗΔΕΣ - • ΜΑΡΣΠΙΕΔΕΣ ΑΛΛΑΓΜΕΓΜΕΝΟΙ - • ΧΕΙΡΟΛΑΒΕΣ , ΦΡΥΔΑΚΙΑ , ΚΑΘΡΕΠΤΕΣ - • ΡΥΘΜΙΖΟΜΕΝΕΣ ΑΝΑΡΤΗΣΕΙΣ - • 2.500 LED ΠΕΡΙΜΕΤΡΙΚΑ - •••••••••••••••••• CREDITLINE •••••••••••••••••••• - 500ΝΕΡ - Less - "}