{"query": {"url": "https://www.car.gr/10208789-kawasaki-z-750", "type": "CAR_ADDE", "trial_count": 1, "last_processed": 1553096878}, "title": "Kawasaki Z 750  '09", "ad_id": "10208789", "ad_data": {"Make/Model": "Kawasaki Z 750 '09", "Classified number": "10208789", "Price": "€4.400", "Category": "Bike - Naked", "Registration": "4 / 2009", "Mileage": "20,000 km", "Fuel type": "Gasoline", "Cubic capacity": "750 cc", "Power": "98 bhp", "Color": "Black (Metallic)", "Kteo to": "05 / 2019", "Modified": "7 days", "Times clicked": "1596", "Short link": "www.car.gr/10208789", "Telephone": "None"}, "ad_seller": {}, "metadata": {"type": "Bikes", "brand": "Kawasaki", "model": "Z 750"}, "extras": ["Exchange with Moto accepted"], "description": "Η μηχανη ειναι άριστη.Δεν θέλει ευρώ.Λάστιχα καινούρια Dunlop Sportmax Qualifier II φορεμενα 01/06/2017.Μπαταρια καινουρια BOSH.Λάδια φίλτρο μπουζι παραφλου αλλαγμενα 12/06/2018.Καρινα.Χιλιομετρα πραγματικα.Δερματινο κάλυμμα ντεποζιτου.Προστατευτικα μανιταρια.Ζαντες μωβ περλα.Καινουρια τακακια πισω Brembo. Καινούργια δοχεία υγρων μπροστα και πισω. Καινούριο φιμε φαναρι πισω με ενσωματωμένα τα φλας. Μανετες καινούριες. Φυλάσσεται σε γκαράζ. - Υπάρχουν ολα τα εργοστασιακα. - Ανταλλαγή με Suzuki GSXR 1000 K6 και μετά. - Less - "}