{"query": {"url": "https://www.car.gr/10550813-sym-fiddle-ii-150-fiddle-iii-125i-euro-4", "type": "CAR_ADDE", "trial_count": 1, "last_processed": 1553104671}, "title": "Sym FIDDLE-II 150 FIDDLE-III - 125I - EURO-4  '17", "ad_id": "10550813", "ad_data": {"Make/Model": "Sym FIDDLE-II 150 FIDDLE-III - 125I - EURO-4  '17", "Classified number": "10550813", "Price": "€1.995", "Category": "Bike - Roller/Scooter", "Registration": "7 / 2017", "Fuel type": "Gasoline", "Cubic capacity": "125 cc", "Power": "9 bhp", "Color": "Light Blue", "Modified": "over 2 months", "Times clicked": "570", "Short link": "www.car.gr/10550813", "Telephone": "+30 2461039664"}, "ad_seller": {"Dealer": "MOTOKINISI", "Address": "ΦΙΛΙΠΠΟΥΒ17", "City": "ΚΟΖΑΝΗ", "": "+30 2461039664", "Fax": "+30 2461039664", "Dealer page": "https//tzellos-motokinisi.car.gr/"}, "metadata": {"type": "Bikes", "brand": "Sym", "model": "FIDDLE-II 150"}, "extras": ["Automatic", "Centerstand", "Credit card-Visa accepted", "Exchange with Moto accepted", "Four-stroke engine", "Kick-Starter", "Service Book", "Sidestand"], "description": "Ξεχωριστή vintage και μοντέρνα σχεδίαση - Νέα σχεδίαση – Κλασική ομορφιά - Μοναδική εμφάνιση και διαχρονικό στυλ που θα σας μαγέψει - Επιχρωμιωμένες λεπτομέρειες έρχονται να τονίσουν τη μοναδική του σχεδίαση - Καλαίσθητα φωτιστικά σώματα και LED φώτα ημέρας, προσδίδουν μία πιο μοντέρνα νότα στο vintage σύνολο - Υψηλές επιδόσεις και οικονομία - Τροφοδοσία E.F.I. - Κατανάλωση: 2.8 L/100KM (EURO4) - Υψηλή ιπποδύναμη 10,2 ίππων - Ευχάριστη εμπειρία οδήγησης με ανέσεις - Το Fiddle είναι ένα πρακτικό μοναδικής εμφάνισης scooter, με χαρακτηριστικά που καθιστούν τη μετακίνηση στη πόλη πιο εύκολη και απολαυστική - Εξαιρετικά σταθερό, χάρη στη γεωμετρία του - Τηλεσκοπικό πιρούνι διαμέτρου 33mm και πολλαπλών ρυθμίσεων οπίσθια ανάρτηση, υπόσχεται καλύτερη εμπειρία οδήγησης στην πόλη - Πίσω δισκόφρενο 220mm και 226 mm εμπρός με σύστημα συνδυασμένης πέδησης CBS, υπερκαλύπτουν τις απαιτήσεις του οχήματος για μειωμένη απόσταση ακινητοποίησης - Μεγάλος αποθηκευτικός χώρος κάτω από τη σέλα, θα φιλοξενήσει ένα κράνος ανοιχτού τύπου - Πρακτικό ντουλαπάκι για μικροπράγματα στο εσωτερικό της ποδιάς - Άγκιστρο ποδιάς για την ανάρτηση χειραποσκευών - Μεγάλη και πρακτική σέλα από νέο αφρώδες υλικό και αντιολισθητικό ύφασμα. Πάνω της αναγράφεται το λογότυπο του μοντέλου «Fiddle III» - Καλαίσθητη χειρολαβή και πτυσσόμενα μαρσπιέ συνεπιβάτη - Ειδικά μελετημένο κεντρικό σταντ για εύκολο στήσιμο και πλαϊνό σταντ με διακόπτη λειτουργίας. - Όμορφος, λιτός ο πίνακας οργάνων. Με κλασική σχεδίαση και με υπέροχο φωτισμό, προσφέρει όλες τις απαραίτητες πληροφορίες στον αναβάτη. - Less - "}