{"query": {"url": "https://www.car.gr/10550897-sym-symphony-125-symphony-s-125", "type": "CAR_ADDE", "trial_count": 1, "last_processed": 1553104664}, "title": "Sym Symphony 125 SYMPHONY S 125 '17", "ad_id": "10550897", "ad_data": {"Make/Model": "Sym Symphony 125 SYMPHONY S 125 '17", "Classified number": "10550897", "Price": "€1.985", "Category": "Bike - Roller/Scooter", "Registration": "7 / 2017", "Fuel type": "Gasoline", "Cubic capacity": "125 cc", "Power": "10 bhp", "Color": "Black", "Modified": "over 2 months", "Times clicked": "413", "Short link": "www.car.gr/10550897", "Telephone": "+30 2461039664"}, "ad_seller": {"Dealer": "MOTOKINISI", "Address": "ΦΙΛΙΠΠΟΥΒ17", "City": "ΚΟΖΑΝΗ", "": "+30 2461039664", "Fax": "+30 2461039664", "Dealer page": "https//tzellos-motokinisi.car.gr/"}, "metadata": {"type": "Bikes", "brand": "Sym", "model": "Symphony 125"}, "extras": ["ABS", "Automatic", "Centerstand", "Credit card-Visa accepted", "Electric starter", "Exchange with Moto accepted", "Four-stroke engine", "Service Book", "Sidestand"], "description": "Δένει τέλεια το κλασικό με το μοντέρνο - Design που αρέσει με την πρώτη ματιά - Είμαστε όλοι «σύμφωνοι» ότι η πρόταση SYMPHONY θα είναι τώρα η πρώτη σας επιλογή στα scooters - Τετράχρονο – Αερόψυκτο - Κύλινδρος κεραμικής επίστρωσης με απεριόριστη εγγύηση - Τροχοί 16″ - Κεντρικό – πλαϊνό σταντ - Ρεζερβουάρ 4,8 λίτρων - Ενσωματωμένη σχάρα αποσκευών - Μίζα – Μανιβέλα - Εμπρός – Πίσω δισκόφρενο - Less - "}