{"query": {"url": "https://www.car.gr/10063217-ktm-450-sx-f", "type": "CAR_ADDE", "trial_count": 1, "last_processed": 1553095322}, "title": "KTM 450 SX-F  '10", "ad_id": "10063217", "ad_data": {"Make/Model": "KTM 450 SX-F '10", "Classified number": "10063217", "Price": "€6.800", "Category": "Bike - Εnduro", "Registration": "1 / 2010", "Fuel type": "Gasoline", "Cubic capacity": "450 cc", "Power": "50 bhp", "Color": "Orange", "Modified": "2 days", "Times clicked": "612", "Short link": "www.car.gr/10063217", "Telephone": "None"}, "ad_seller": {}, "metadata": {"type": "Bikes", "brand": "KTM", "model": "450 SX-F"}, "extras": [], "description": ""}