{"query": {"url": "https://www.car.gr/10310616-sym-gts300evo", "type": "CAR_ADDE", "trial_count": 1, "last_processed": 1553100572}, "title": "Sym  GTS300EVO '11", "ad_id": "10310616", "ad_data": {"Make/Model": "Sym GTS300EVO '11", "Classified number": "10310616", "Price": "€2.200", "Category": "Bike - Roller/Scooter", "Registration": "1 / 2011", "Mileage": "46,000 km", "Fuel type": "Gasoline", "Cubic capacity": "300 cc", "Power": "29 bhp", "Color": "White (Metallic)", "Modified": "19 days", "Times clicked": "1277", "Short link": "www.car.gr/10310616", "Telephone": "+30 2463080272"}, "ad_seller": {"Dealer": "MOTO MARKET PTOLEMAIDA", "Address": "ΕΛΕΥΘΕΡΙΑΣ78", "City": "ΠΤΟΛΕΜΑΙΔΑ", "": "+30 6937123481", "Fax": "+30 2463055104", "Dealer page": "https//motomorfes.car.gr/", "Website": "http//www.motomorfes.gr"}, "metadata": {"type": "Bikes", "brand": "Sym", "model": "Sym  GTS300EVO '11 - € 2.200 EUR"}, "extras": [], "description": ""}