{"query": {"url": "https://www.car.gr/10026729-kawasaki-zzr-1100-c1", "type": "CAR_ADDE", "trial_count": 1, "last_processed": 1553101634}, "title": "Kawasaki ZZR 1100 C1 '92", "ad_id": "10026729", "ad_data": {"Make/Model": "Kawasaki ZZR 1100 C1 '92", "Classified number": "10026729", "Price": "€2.500", "Category": "Bike - Sport Touring", "Registration": "7 / 1992", "Mileage": "78,930 km", "Fuel type": "Gasoline", "Cubic capacity": "1,100 cc", "Power": "147 bhp", "Color": "Black", "Kteo to": "12 / 2018", "Previous owners": "1", "Modified": "24 days", "Times clicked": "306", "Short link": "www.car.gr/10026729", "Telephone": "None"}, "ad_seller": {"Name": "Απόστολος", "Address": "ΒΥΡΩΝΑΣP.ΑΤΤΙΚΗΣ"}, "metadata": {"type": "Bikes", "brand": "Kawasaki", "model": "ZZR 1100"}, "extras": [], "description": "Έβαλα καινούργια μπαταρία και πέρασα ΚΤΕΟ, την αγόρασα το 2004, δεν την κυκλοφορώ, έχει πινακίδα και πληρωμένα τα τέλη κυκλοφορίας. - Με WP αμορτισέρ πίσω, γνήσια καινούργια δισκόφρενα εμπρός με γνήσια απο C2 τρόμπα φρένου, τα τελευταία καρμπυρατέρ με πλαστικά slide, αναβαθμισμένη τρόμπα βενζίνης χωρίς πλατίνες, γνήσιο σετ γρανάζια με αλυσσίδα περασμένη στο ψαλίδι χωρίς ασφάλεια. Υπάρχει ενα ακόμη σετ εξατμίσεων γνήσιων μετ/νο προς πώληση. - Less - "}