{"query": {"url": "https://www.car.gr/10179350-piaggio-mp3-300-lt-business-full-options", "type": "CAR_ADDE", "trial_count": 1, "last_processed": 1553098964}, "title": "Piaggio MP3 300 LT BUSINESS full options '15", "ad_id": "10179350", "ad_data": {"Make/Model": "Piaggio MP3 300 LT BUSINESS full options '15", "Classified number": "10179350", "Price": "€5.950", "Category": "Bike - Roller/Scooter", "Registration": "6 / 2015", "Mileage": "16,000 km", "Fuel type": "Gasoline", "Cubic capacity": "278 cc", "Power": "23 bhp", "Color": "Black", "Modified": "12 days", "Times clicked": "80", "Short link": "www.car.gr/10179350", "Telephone": "None"}, "ad_seller": {}, "metadata": {"type": "Bikes", "brand": "Piaggio", "model": "MP3 300 LT"}, "extras": ["ABS", "Alarm", "Cargo Rack", "Electric starter", "Lights Xenon", "Remote Control", "Service Book", "Top Box-Μπαγκαζιέρα", "Trip computer"], "description": "Άριστη κατάσταση με τα Service του στα χιλιόμετρα του κατασκευαστή και σε αντιπροσωπεία(Βιβλίο Service και αποδείξεις συνεργείου). Είναι το καινούργιο μοντέλο FULL OPTIONS. Έχει ABS - ASR - Συναγερμό. Επίσης έχει το μεγάλο βαλιτσάκι της PIAGGIO (50 LT με μαξιλαράκι) , την εργοστασιακή βάση για το κινητό στο τιμόνι στην οποία κουμπώνουν θήκες ταξιδίου για διάφορα κινητά ή πλοηγοί και το PMP (Piaggio Multimedia Plarform) για επικοινωνία μηχανής - κινητού μέσω Bluetooth. Μπορεί να οδηγηθεί ΚΑΙ με δίπλωμα αυτοκινήτου. Κάτω απο τη σέλα μπορεί να πάρει 2 κράνη. Βρισκεται στο ΚΡΑΝΙΔI και ευκολη αποστολη στην ΑΘΗΝΑ. - Άριστη κατάσταση, οδηγείται με δίπλωμα αυτοκινήτου - ΣΑΝ ΚΑΙΝΟΥΡΓΙΟ, EURO4 - Η ΜΟΤΟΣΥΚΛΕΤΑ ΔΙΑΘΕΤΕΙ - * ΒΟΟΚ-SERVICE - * ΑΞΕΣΟΥΑΡ PIAGGIO 700 ΕΥΡΟ EXTRA - * ΣΥΝΑΓΕΡΜΟΣ PIAGGIO - * ΚΛΕΙΔΑΡΙΑ ΤΙΜΟΝΙΟΥ PIAGGIO, - * ΟΔΗΓΕΙΤΑΙ ΜΕ ΔΙΠΛΩΜΑ ΑΥΤΟΚΙΝΗΤΟΥ - * ΛΑΣΤΙΧΑ MICHELIN - * Επέκταση της εγγύησης 2 + 2 δηλαδή 4 έτη ευρωπαϊκής εγγύησης PIAGGIO μέχρι τον Ιούνιο του 2019. - ΑΡΙΣΤΗ ΚΑΤΑΣΤΑΣΗ!! - Less - "}