{"query": {"url": "https://www.car.gr/10570880-honda-varadero-1000", "type": "CAR_ADDE", "trial_count": 1, "last_processed": 1553094673}, "title": "Honda Varadero 1000  '03", "ad_id": "10570880", "ad_data": {"Make/Model": "Honda Varadero 1000 '03", "Classified number": "10570880", "Price": "€2.500", "Category": "Bike - On/Off", "Registration": "8 / 2003", "Mileage": "74,000 km", "Fuel type": "Gasoline", "Cubic capacity": "1,000 cc", "Power": "100 bhp", "Color": "Silver (Metallic)", "Modified": "1 day", "Times clicked": "670", "Short link": "www.car.gr/10570880", "Telephone": "+30 2821023944"}, "ad_seller": {"Dealer": "BMW- PEUGEOT- MINI -(BMW MOTO) Ι.ΜΥΛΩΝΑΚΗΣ Α.Ε", "Address": "4oχιλ.ΧΑΝΙΩΝΚΑΣΤΕΛΙΟΥΚΑΤΩΔΑΡΑΤΣΟ", "City": "ΧΑΝΙΑ", "": "+30 2821023945", "Fax": "+30 2821033699", "Dealer page": "https//bmwhania-milonakis.car.gr/", "Website": "http//www.bmw-mylonakis.gr", "Open hours": "ΓΙΑ ΤΟ ΤΜΗΜΑ ΤΩΝ ΜΟΤΟ ΤΟ ΠΡΩΙ 900 ΕΩΣ 1430 \nΑΠΟΓΕΥΜΑ 1800 ΕΩΣ 21.00 ΥΠΕΥΘΥΝΟΣ ΜΟΤΟ ΣΤΟ ΕΣΩΤΕΡΙΚΟ ΤΗΛΕΦΩΝΟ 108"}, "metadata": {"type": "Bikes", "brand": "Honda", "model": "Varadero 1000"}, "extras": ["Cargo Rack", "Cast wheels", "Centerstand", "Electric starter", "Engine Guards", "Gelatin", "Greek Dealership", "Sidestand", "Top Box-Μπαγκαζιέρα", "Trip computer"], "description": ""}