{"query": {"url": "https://www.car.gr/10389705-honda-transalp-650", "type": "CAR_ADDE", "trial_count": 1, "last_processed": 1553098823}, "title": "Honda Transalp 650  '03", "ad_id": "10389705", "ad_data": {"Make/Model": "Honda Transalp 650 '03", "Classified number": "10389705", "Price": "€2.400", "Category": "Bike - On/Off", "Registration": "1 / 2003", "Mileage": "65,000 km", "Fuel type": "Gasoline", "Cubic capacity": "650 cc", "Power": "55 bhp", "Color": "Black", "Kteo to": "06 / 2019", "Modified": "12 days", "Times clicked": "2760", "Short link": "www.car.gr/10389705", "Telephone": "None"}, "ad_seller": {}, "metadata": {"type": "Bikes", "brand": "Honda", "model": "Transalp 650"}, "extras": ["Centerstand", "Electric starter", "Four-stroke engine", "Gelatin", "Heated Handguards", "Sidestand", "Skid Plate", "Top Box-Μπαγκαζιέρα"], "description": "Η μηχανή είναι σε άριστη κατάσταση. Καινουργια αλυσιδα καινουργια ψιλη ζελατινα,ποδια κινητηρα,θερμαινομενα χερουλια,δερματινο καλυμα μηχανης,τιμονι αλουμινιου,μπαγκαζιερα.Με ολα της τα σέρβις. - Κυκλοφορει 4 μηνες τον χρονο (λογω καιρου) τον υπολοιπο χρονο ειναι σε γκαραζ με κουκουλα.δινεται λογo αγορας αυτοκινητου! - Κυκλοφόρησε το 2006 - Δεκτός καθε ελενγχος - Less - "}