{"query": {"url": "https://www.car.gr/10379263-kawasaki-zzr-1400", "type": "CAR_ADDE", "trial_count": 1, "last_processed": 1553096823}, "title": "Kawasaki ZZR 1400  '07", "ad_id": "10379263", "ad_data": {"Make/Model": "Kawasaki ZZR 1400 '07", "Classified number": "10379263", "Price": "€6.000", "Category": "Bike - Sport Touring", "Registration": "1 / 2007", "Mileage": "24,000 km", "Fuel type": "Gasoline", "Cubic capacity": "1,400 cc", "Power": "200 bhp", "Color": "Grey", "Kteo to": "09 / 2020", "Modified": "6 days", "Times clicked": "401", "Short link": "www.car.gr/10379263", "Telephone": "None"}, "ad_seller": {"Name": "Γιωργος", "Address": "ΚΕΡΚΥΡΑP.ΚΕΡΚΥΡΑΣ"}, "metadata": {"type": "Bikes", "brand": "Kawasaki", "model": "ZZR 1400"}, "extras": ["ABS", "Four-stroke engine", "Gelatin", "Sidestand"], "description": "Αριστη κατασταση, Acrapovic , Ohlins, Power Commander, camera on board, tank bag, ανταλλαγη με σκουτερ συν τη διαφορα. - Πωλειται λογω διαμονης στο εξωτερικο. - Διαθεσιμη εως21 - 3........ - Less - "}