{"query": {"url": "https://www.car.gr/10379284-yamaha-majesty-400", "type": "CAR_ADDE", "trial_count": 1, "last_processed": 1553093387}, "title": "Yamaha Majesty 400  '05", "ad_id": "10379284", "ad_data": {"Make/Model": "Yamaha Majesty 400 '05", "Classified number": "10379284", "Price": "€1.650", "Category": "Bike - Roller/Scooter", "Registration": "9 / 2005", "Mileage": "35,684 km", "Fuel type": "Gasoline", "Cubic capacity": "400 cc", "Power": "35 bhp", "Color": "Grey (Metallic)", "Kteo to": "05 / 2019", "Previous owners": "1", "Modified": "6 hours", "Times clicked": "5421", "Short link": "www.car.gr/10379284", "Telephone": "+30 2321075881"}, "ad_seller": {"Dealer": "ΑΥΤΟΚΙΝΗΤΑ ΜΑΥΡΙΔΗΣ & ΥΙΟΣ **SPECIAL CARS**", "Address": "5ΧΙΛΙΟΜΕΤΡΟΣΕΡΡΩΝΘΕΣΣΑΛΟΝΙΚΗΣ", "City": "ΣΕΡΡΕΣ", "": "+30 2321075882", "Fax": "+30 2321075882", "Dealer page": "https//mavridis.car.gr/", "Website": "http//www.automavridis.gr", "Open hours": "ΔΕΥΤΕΡΑ-ΠΑΡΑΣΚΕΥΗ ΑΠΟ ΤΙΣ 9 ΜΕΧΡΙ ΚΑΙ 18.30\nΣΑΒΒΑΤΟ 9-14.00 ΚΥΡΙΑΚΗ ΚΛΕΙΣΤΑ"}, "metadata": {"type": "Bikes", "brand": "Yamaha", "model": "Majesty 400"}, "extras": ["Automatic", "Centerstand", "Electric starter", "Four-stroke engine", "Kick-Starter", "Sidestand"], "description": "EINAI ΣΕ ΑΡΙΣΤΗ ΚΑΤΑΣΤΑΣΗ ΔΕΚΤΟΣ ΚΑΘΕ ΕΛΕΓΧΟΣ - ΑΠΟΣΤΟΛΗ ΣΕ ΟΛΗ ΤΗΝ ΕΛΛΑΔΑ - Less - "}