{"query": {"url": "https://www.car.gr/10546038-sachs-xtc-hercules-ultra", "type": "CAR_ADDE", "trial_count": 1, "last_processed": 1553102346}, "title": "Sachs XTC HERCULES ULTRA  '63", "ad_id": "10546038", "ad_data": {"Make/Model": "Sachs XTC HERCULES ULTRA  '63", "Classified number": "10546038", "Price": "€1.500", "Category": "Bike - Custom", "Registration": "4 / 1963", "Mileage": "21,000 km", "Fuel type": "Gasoline", "Cubic capacity": "50 cc", "Power": "11 bhp", "Color": "Red", "Kteo to": "01 / 2018", "Previous owners": "1", "Modified": "29 days", "Times clicked": "4035", "Short link": "www.car.gr/10546038", "Telephone": "+30 6944674144"}, "ad_seller": {"Dealer": "AUTO SALES", "Address": "ΑΘΗΝΑΑΚΑΔΗΜΙΑΠΛΑΤΩΝΟΣ", "City": "ΑΘΗΝΑ", "": "+30 6944674144", "Dealer page": "https//auto-kioysis.car.gr/"}, "metadata": {"type": "Bikes", "brand": "Sachs", "model": "XTC"}, "extras": [], "description": ""}