{"query": {"url": "https://www.car.gr/1016060-honda-cbr-954-rr-fireblade", "type": "CAR_ADDE", "trial_count": 1, "last_processed": 1553104652}, "title": "Honda  CBR 954 RR FIREBLADE '04", "ad_id": "1016060", "ad_data": {"Make/Model": "Honda CBR 954 RR FIREBLADE '04", "Classified number": "1016060", "Price": "€4.080", "Category": "Bike - Super Sport", "Registration": "9 / 2004", "Mileage": "12,350 km", "Fuel type": "Gasoline", "Cubic capacity": "954 cc", "Power": "150 bhp", "Transmission": "Manual", "Color": "Yellow (Metallic)", "Modified": "58 days", "Times clicked": "15500", "Short link": "www.car.gr/1016060", "Telephone": "+30 2610450549"}, "ad_seller": {"Dealer": "ΛΥΡΗΣ Ι. Α.Ε.", "Address": "Ν.Ε.Ο.ΠΑΤΡΩΝ-ΑΘΗΝΩΝ168", "City": "ΠΑΤΡΑ", "": "+30 2610451102", "Fax": "+30 2610911328", "Dealer page": "https//lyris-moto-jet-atv.car.gr/", "Website": "http//www.lyris.gr"}, "metadata": {"type": "Bikes", "brand": "Honda", "model": "Honda  CBR 954 RR FIREBLADE '04 - € 4.080 EUR"}, "extras": ["Exhibition", "Service Book"], "description": "ΠΡΩΤΗ ΑΔΕΙΑ ΜΑΡΤΙΟΣ 2005---ΑΡΙΣΤΗ ΚΑΤΑΣΤΑΣΗ ΣΑΝ ΚΑΙΝΟΥΡΓΙΟ, ΜΑΝΙΤΑΡΙΑ, ΒΙΒΛΙΟ ΣΕΡΒΙΣ - Less - "}