{"query": {"url": "https://www.car.gr/10351278-sachs-xtc-roadster", "type": "CAR_ADDE", "trial_count": 1, "last_processed": 1553097942}, "title": "Sachs XTC roadster '98", "ad_id": "10351278", "ad_data": {"Make/Model": "Sachs XTC roadster '98", "Classified number": "10351278", "Price": "€990", "Category": "Bike - Roller/Scooter", "Registration": "1 / 1998", "Mileage": "199,257 km", "Fuel type": "Gasoline", "Cubic capacity": "125 cc", "Power": "10 bhp", "Color": "Dark blue", "Modified": "10 days", "Times clicked": "2180", "Short link": "www.car.gr/10351278", "Telephone": "+30 2410284000"}, "ad_seller": {"Dealer": "Auto Mokas", "Address": "ΤέρμαΚοζάνηςκαιΣανδάκηςγωνία,δίπλαστονκυκλικόκόμβο.ΈναντιΑλκαζαρ", "City": "ΛΑΡΙΣΑ", "": "+30 2410284000", "Fax": "+30 2410533334", "Dealer page": "https//auto-mokas.car.gr/", "Website": "https//auto-mokas.car.gr/cars", "Open hours": "ΧΕΙΜΕΡΙΝΟ ΩΡΑΡΙΟ ΕΚΘΕΣΗΣ\nΔΕΥΤΕΡΑ - ΠΑΡΑΣΚΕΥΗ  0900π.μ ΕΩΣ  1800μ.μ\nΣΑΒΒΑΤΟ 0900π.μ ΕΩΣ 1330μ.μ \nΚΥΡΙΑΚΕΣ & ΑΡΓΙΕΣ ΚΛΕΙΣΤΑ"}, "metadata": {"type": "Bikes", "brand": "Sachs", "model": "XTC"}, "extras": [], "description": "Σε πολύ καλή κατάσταση. Δεκτός κάθε έλεγχος. Η μηχανή είναι από ιδιώτη. Για πληροφορίες καλέστε μας. - Less - "}