{"query": {"url": "https://www.car.gr/10202104-jincheng", "type": "CAR_ADDE", "trial_count": 1, "last_processed": 1553105014}, "title": "Jincheng  ΜΠΟΜΠΟΣ '17", "ad_id": "10202104", "ad_data": {"Make/Model": "Jincheng ΜΠΟΜΠΟΣ '17", "Classified number": "10202104", "Price": "Askforprice", "Category": "Bike - Mini..Moto", "Registration": "1 / 2017", "Fuel type": "Gasoline", "Cubic capacity": "50 cc", "Power": "4 bhp", "Color": "Chromium (Metallic)", "Modified": "22 hours", "Times clicked": "2766", "Short link": "www.car.gr/10202104", "Telephone": "+30 2286025140"}, "ad_seller": {"Dealer": "Moto Bafi", "Address": "ΚΑΡΤΕΡΑΔΟΣ", "City": "ΘΗΡΑ", "": "+30 2286025044", "Fax": "+30 2286025044", "Dealer page": "https//motobafi.car.gr/"}, "metadata": {"type": "Bikes", "brand": "Jincheng", "model": "Jincheng  ΜΠΟΜΠΟΣ '17 - Ask for price"}, "extras": [], "description": " - ΧΡΩΜΙΟ - ΜΕ ΔΙΣΚΟΦΡΕΝΟ - ΚΑΙ ΣΥΜΠΛΕΚΤΗ ,, - ΓΙΑ ΠΛΗΡΟΦΟΡΙΕΣ ΚΑΛΕΣΤΕ ΣΤΟ ΤΗΛΕΦΩΝΟ - Less - "}