{"query": {"url": "https://www.car.gr/10058121-honda-cbr-1100-xx-super-blackbird", "type": "CAR_ADDE", "trial_count": 1, "last_processed": 1553105382}, "title": "Honda CBR 1100 XX Super Blackbird  '02", "ad_id": "10058121", "ad_data": {"Make/Model": "Honda CBR 1100 XX Super Blackbird '02", "Classified number": "10058121", "Price": "€1", "Category": "Bike - Street Bike", "Registration": "1 / 2002", "Mileage": "56,000 km", "Fuel type": "Gasoline", "Cubic capacity": "1,100 cc", "Power": "5 bhp", "Color": "Blue", "Modified": "over 2 months", "Times clicked": "1586", "Short link": "www.car.gr/10058121", "Telephone": "+30 2621031225"}, "ad_seller": {"Dealer": "MOTO KONTOBOYNHΣΙΟΣ", "Address": "PATRWN72", "City": "ΠΥΡΓΟΣ", "": "+30 2621031712", "Dealer page": "https//motokontovounisios.car.gr/"}, "metadata": {"type": "Bikes", "brand": "Honda", "model": "CBR 1100 XX Super Blackbird"}, "extras": [], "description": ""}