{"query": {"url": "https://www.car.gr/10019017-yamaha-ttr-belgarda", "type": "CAR_ADDE", "trial_count": 1, "last_processed": 1553096521}, "title": "Yamaha TTR BELGARDA  '00", "ad_id": "10019017", "ad_data": {"Make/Model": "Yamaha TTR BELGARDA  '00", "Classified number": "10019017", "Price": "€1.200", "Category": "Bike - Super Motard", "Registration": "1 / 2000", "Mileage": "13,000 km", "Fuel type": "Gasoline", "Cubic capacity": "600 cc", "Power": "60 bhp", "Color": "White (Metallic)", "Kteo to": "10 / 2018", "Modified": "6 days", "Times clicked": "453", "Short link": "www.car.gr/10019017", "Telephone": "None"}, "ad_seller": {}, "metadata": {"type": "Bikes", "brand": "Yamaha", "model": "TTR"}, "extras": ["Exchange with Moto accepted", "Exhaust Special", "Four-stroke engine", "Kick-Starter", "Sidestand", "Skid Plate", "Spoke wheels"], "description": "Χωρίς κανένα πρόβλημα. Χωρις μιζα. - Καινούρια λάστιχα. - Φρένα:brembo. - Σωληνακια υψηλής. - Εξάτμιση: mivv. - Ανάρτηση ohlins. - +Ζάντολαστιχα εντουρο. - Less - "}