{"query": {"url": "https://www.car.gr/10289363-dynojet-sd12", "type": "CAR_ADDE", "trial_count": 1, "last_processed": 1553100398}, "title": "Αλλο  DYNOJET SD12 '16", "ad_id": "10289363", "ad_data": {"Make/Model": "Αλλο DYNOJET SD12 '16", "Classified number": "10289363", "Price": "€6.900", "Category": "Bike - Other", "Registration": "5 / 2016", "Mileage": "1 km", "Fuel type": "Other", "Cubic capacity": "5 cc", "Power": "3 bhp", "Color": "Red", "Modified": "18 days", "Times clicked": "599", "Short link": "www.car.gr/10289363", "Telephone": "+30 2106811060"}, "ad_seller": {"Dealer": "PLANET BIKES", "Address": "Λ.ΠΕΝΤΕΛΗΣ2", "City": "ΒΡΙΛΗΣΣΙΑ", "": "+30 2108100501", "Dealer page": "https//planetbikes.car.gr/", "Website": "http//www.planetbikes.gr"}, "metadata": {"type": "Bikes", "brand": "Αλλο", "model": "Αλλο  DYNOJET SD12 '16 - € 6.900 EUR (Negotiable)"}, "extras": [], "description": "ΣΕ ΑΡΙΣΤΗ ΚΑΤΑΣΤΑΣΗ!!!ΣΧΕΔΟΝ. ΑΧΡΗΣΙΜΟΠΟΙΗΤΟ ΑΓΟΡΑΣΜΕΝΟ ΑΠΟ ΤΗΝ ΕΛΛΗΝΙΚΗ ΑΝΤΙΠΡΟΣΩΠΕΙΑ. - ΤΙΜΗ ΚΑΙΝΟΥΡΓΙΟΥ: 10500€ + ΦΠΑ - ΔΥΝΑΜΟΜΕΤΡΟ ΑΚΡΙΒΕΙΑΣ ΓΙΑ SCOOTER-ΠΑΠΙΑ κτλ έως 35hp. - Less - "}