{"query": {"url": "https://www.car.gr/10289861-triumph-tiger-1050", "type": "CAR_ADDE", "trial_count": 1, "last_processed": 1553101209}, "title": "Triumph Tiger 1050  '08", "ad_id": "10289861", "ad_data": {"Make/Model": "Triumph Tiger 1050 '08", "Classified number": "10289861", "Price": "€5.000", "Category": "Bike - Sport Touring", "Registration": "12 / 2008", "Mileage": "57,000 km", "Fuel type": "Gasoline", "Cubic capacity": "1,050 cc", "Power": "135 bhp", "Color": "Black (Metallic)", "Previous owners": "1", "Modified": "22 days", "Times clicked": "1067", "Short link": "www.car.gr/10289861", "Telephone": "None"}, "ad_seller": {}, "metadata": {"type": "Bikes", "brand": "Triumph", "model": "Tiger 1050"}, "extras": ["ABS", "Alarm", "Cargo Rack", "Engine Guards", "Exchange with Moto accepted", "Gelatin", "Heated Handguards", "Led lights", "Lights Xenon", "Service Book", "Top Box-Μπαγκαζιέρα", "Trip computer"], "description": "AΡΙΣΤΟ ΚΑΙ ΜΟΝΑΔΙΚΟ! - Προσεγμένο στα πάντα με πολύ αγάπη και δουλεμένο σε ανοιχτούς δρόμους. - Έχει κάνει σέρβις και δεν θέλει ούτε ευρώ. - ΑΝΤΑΛΛΑΓΗ scooter -Book service. -Καινούργια λάστιχα Metzeler M5 -Πίσω ανάρτηση της WHITE POWER αξίας 750Ε -Eλατήρια μπροστινών ONLINS -Μπαγκαζιέρα και σχάρα της SW- MOTECH αξίας 500Ε -Ολόσωμη εξάτμιση της MIVV -Φίλτρο ΚΝ -Ζελατίνα -Προβολάκια led ολοκαίνουργια της GIVI αξίας 500Ε -Κάγκελά και μανιτάρια αξίας 200Ε -Τιμόνι RISOMA αξίας 100Ε -Καθρέφτες RISOMA αξίας 100Ε -Θερμαινόμενα grip της PUIG αξίας 200Ε -XENON LIGHTS απο τη Xenonlights.gr αξίας 250Ε -Πλαινές μπαγκαζιέρες 25L κάθε μία GIVI αξίας 250Ε -Σέλα ανατομική και αντιολισθητική αξίας 150Ε -Πρόγραμμα και φίλτρο - Ιδιώτης. - Less - "}