{"query": {"url": "https://www.car.gr/10025779-suzuki-gsr-600-gsr", "type": "CAR_ADDE", "trial_count": 1, "last_processed": 1553099493}, "title": "Suzuki GSR 600 GSR '07", "ad_id": "10025779", "ad_data": {"Make/Model": "Suzuki GSR 600 GSR '07", "Classified number": "10025779", "Price": "€3.000", "Category": "Bike - Naked", "Registration": "9 / 2007", "Mileage": "33,000 km", "Fuel type": "Gasoline", "Cubic capacity": "600 cc", "Power": "98 bhp", "Color": "White (Metallic)", "Kteo to": "05 / 2020", "Modified": "14 days", "Times clicked": "532", "Short link": "www.car.gr/10025779", "Telephone": "None"}, "ad_seller": {}, "metadata": {"type": "Bikes", "brand": "Suzuki", "model": "GSR 600"}, "extras": ["Catalyst", "Electric starter", "Exhaust Special", "Gelatin", "Lights Xenon"], "description": "H μηχανη εχει: - Εξατμισεις yoshimura tri oval titanium. - 2 fering χαμηλο και ψηλο. - Φιλτρο KN. - Καινουργια γραναζια-αλυσιδα. - Φωτα xenon με slim ενισχυτη. - 2 ζευγαρια μανηταρια. - Προστατευτικο ψυγειου. - Μανισιες εξατμισεις. - Less - "}