{"query": {"url": "https://www.car.gr/10068664-suzuki-rgv-120-burgman-beverly", "type": "CAR_ADDE", "trial_count": 1, "last_processed": 1553094665}, "title": "Suzuki RGV 120  burgman  beverly  '01", "ad_id": "10068664", "ad_data": {"Make/Model": "Suzuki RGV 120  burgman  beverly  '01", "Classified number": "10068664", "Price": "€800", "Category": "Bike - Other", "Registration": "2 / 2001", "Mileage": "37,412 km", "Fuel type": "Gasoline", "Cubic capacity": "120 cc", "Power": "14 bhp", "Color": "Red (Metallic)", "Kteo to": "02 / 2019", "Modified": "1 day", "Times clicked": "5453", "Short link": "www.car.gr/10068664", "Telephone": "None"}, "ad_seller": {}, "metadata": {"type": "Bikes", "brand": "Suzuki", "model": "RGV"}, "extras": ["Antique-Classic", "Catalyst", "Exchange with Moto accepted", "Exhaust Special", "Skid Plate", "Spoke wheels", "Two-stroke"], "description": "Άψογο.. πλήρως λειτουργικό και - συλλεκτικό!!! - Καθαρό και χωρίς ίχνος σκουριάς!!!!! - Πωλείται καθαρά και μόνο λόγω ακινησίας. - Υπάρχει και δεύτερο μοτέρ για ανταλλακτικά που δίνεται μαζί στην ίδια τιμή. - Πωλείται - Ή... - Ανταλλάσεται με μηχανάκι έως 650 κυβικά, - ή κάποιο αυτοκίνητο turbo συν την ανάλογη διαφορά. - Μπορεί να δοθεί και χωρίς χαρτιά επίσης,επειδή πολλοί ρωτάνε με την δημιουργία υπεύθυνης δήλωσης. - Ευχαριστώ. - Less - "}