{"query": {"url": "https://www.car.gr/10705707-honda-transalp-650", "type": "CAR_ADDE", "trial_count": 1, "last_processed": 1553104327}, "title": "Honda Transalp 650  '05", "ad_id": "10705707", "ad_data": {"Make/Model": "Honda Transalp 650 '05", "Classified number": "10705707", "Price": "€2.320", "Category": "Bike - On/Off", "Registration": "1 / 2005", "Mileage": "68,100 km", "Fuel type": "Gasoline", "Cubic capacity": "649 cc", "Power": "55 bhp", "Color": "Blue (Metallic)", "Kteo to": "10 / 2018", "Liters/100km": "5 (Εντός)/4 (Εκτός)/4 (Μικτό)", "Previous owners": "1", "Modified": "48 days", "Times clicked": "227", "Short link": "www.car.gr/10705707", "Telephone": "None"}, "ad_seller": {"Name": "ΠΑΡΗΣ", "Address": "ΠΑΤΡΑP.ΑΧΑΪΑΣ"}, "metadata": {"type": "Bikes", "brand": "Honda", "model": "Transalp 650"}, "extras": ["Alarm", "Bars", "Cargo Rack", "Catalyst", "Electric starter", "Engine Guards", "Exchange with Moto accepted", "Four-stroke engine", "Gelatin", "Led lights", "Lights Xenon", "Remote Control", "Sidestand", "Skid Plate", "Spoke wheels", "Top Box-Μπαγκαζιέρα"], "description": "σε τελεια κατασταση με καινούργια ελαστικά και μπαταρια , ζελατίνα και επιπρόσθετη πιο μικρή, βολτομετρο, αναπτήρα, προβολιακια, φώτα ημέρας φώτα, φώτα ξενον, μπαγκάζιερα 52 λίτρα, μπάρες προστασίας μηχανής, πόδια Κάρτερ,βάση για κινητά ,συναγερμός,γνήσιο bagster δερμάτινο. με πρόσφατο σέρβις σε γνωστό συνεργείο της πατρας δεκτός οποιασδήποτε έλεγχος ανταλλαγές μόνο με yamaxa xmax 2011 και μετα sym citicom 2014 και μετα Beverly 300i 2010 και μετά εάν δεν απάντησω στο τηλ λόγω δουλειάς αφήστε μυνημα και θα επικοινωνήσω μαζί σας επικοινωνία επίσης σε viber - Less - "}