{"query": {"url": "https://www.car.gr/10451889-kawasaki-klr-650", "type": "CAR_ADDE", "trial_count": 1, "last_processed": 1553101911}, "title": "Kawasaki KLR 650  '05", "ad_id": "10451889", "ad_data": {"Make/Model": "Kawasaki KLR 650 '05", "Classified number": "10451889", "Price": "€1.500", "Category": "Bike - On/Off", "Registration": "7 / 2005", "Mileage": "33,000 km", "Fuel type": "Gasoline", "Cubic capacity": "650 cc", "Power": "35 bhp", "Color": "Silver", "Kteo to": "01 / 2018", "Previous owners": "1", "Modified": "26 days", "Times clicked": "5648", "Short link": "www.car.gr/10451889", "Telephone": "None"}, "ad_seller": {"Name": "ΚασσίδηςΧρήστος", "Address": "ΒΟΛΟΣP.ΜΑΓΝΗΣΙΑΣ"}, "metadata": {"type": "Bikes", "brand": "Kawasaki", "model": "KLR 650"}, "extras": [], "description": "Πωλείται KLR 650 ΣΕ ΑΡΙΣΤΗ ΚΑΤΑΣΤΑΣΗ με remus ,θα δοθεί και η μανίσια εξάτμιση μαζί - Less - "}