{"query": {"url": "https://www.car.gr/10722895-daelim-aroma-125cc", "type": "CAR_ADDE", "trial_count": 1, "last_processed": 1553098384}, "title": "Daelim Aroma 125cc & Δωρα.... '17", "ad_id": "10722895", "ad_data": {"Make/Model": "Daelim Aroma 125cc & Δωρα.... '17", "Classified number": "10722895", "Price": "€1.480", "Category": "Bike - Roller/Scooter", "Registration": "1 / 2017", "Fuel type": "Gasoline", "Cubic capacity": "125 cc", "Power": "11 bhp", "Color": "White (Metallic)", "Modified": "10 days", "Times clicked": "212", "Short link": "www.car.gr/10722895", "Telephone": "+30 2831072335"}, "ad_seller": {"Dealer": "ΜΟΤΟ ΠΑΠΑΔΟΓΙΑΝΝΗΣ (SYM,KAWASAKI,PEYGEOT,MODENAS,DAYTONA,DAELIM)", "Address": "ΣΦΑΚΑΚΙ", "City": "ΡΕΘΥΜΝΟ", "": "+30 6978068593", "Fax": "+30 2831072335", "Dealer page": "https//motopapadogiannis.car.gr/", "Website": "https//motopapadogiannis.gr/", "Open hours": "ΔΕΥΤΕΡΑ 9πμ-4μμ\nΤριτη 9πμ-9μμ\nΤεταρτη 9πμ-4μμ\nΠεμπτη 9πμ-9μμ\nΠαρασκευη 9πμ-9μμ\nΣαββατο 9πμ-4μμ"}, "metadata": {"type": "Bikes", "brand": "Daelim", "model": "Aroma"}, "extras": ["Centerstand", "Four-stroke engine"], "description": "ΜΕ ΚΑΘΕ ΑΓΟΡΑ ΜΟΤΟΣΥΚΛΕΤΑΣ ΠΑΠΙΟΥ ΚΑΙ SCOOTER ΑΠΟ ΤΟ ΚΑΤΆΣΤΗΜΑ ΜΑΣ ΕΧΕΤΑΙ *** ΔΩΡΑ *** - *& Βαλιτσα *& Σχαρα - *& ΚΡΑΝΟΣ - *& ΚΟΥΚΟΥΛΑ ΠΡΟΣΤΑΣΊΑΣ ΜΟΤΟ - *& ΚΛΕΙΔΑΡΙΆ ΛΟΥΚΕΤΟ ΜΟΤΟ - *& ΔΩΡΕΑΝ 1Η ΑΛΛΑΓΗ ΛΑΔΙΩΝ - *& ΓΑΝΤΙΑ ΑΔΙΑΒΡΟΧΑ ΧΕΡΙΩΝ - *& ΘΑ ΑΠΟΚΤΉΣΕΤΕ ΕΚΠΤΩΤΙΚΗ ΚΑΡΤΑ ΣΤΑ ΑΞΕΣΟΥΑΡ ΤΟΥ ΚΑΤΑΣΤΗΜΑΤΟΣ ΜΑΣ -15% - *& ΟΛΑ ΑΥΤΑ ΤΑ ΔΩΡΑ ΣΤΗΝ ΕΚΠΤΩΤΙΚΉ ΤΙΜΗ ΜΕΤΡΗΤΟΙΣ ΣΕ ΟΛΑ ΤΑ ΜΗΧΑΝΆΚΙΑ ΑΝΕΞΆΡΤΗΤΩΝ ΜΑΡΚΑΣ ΚΑΙ ΜΟΝΤΕΛΟΥ.... - .............. ΚΑΙ ΟΛΑ ΑΥΤΑ ΜΟΝΟ ΣΤΟ ΚΑΤΑΣΤΗΜΑ ΜΑΣ............. - Less - "}