{"query": {"url": "https://www.car.gr/10234427-ktm-390-duke", "type": "CAR_ADDE", "trial_count": 1, "last_processed": 1553096851}, "title": "KTM 390 Duke  '15", "ad_id": "10234427", "ad_data": {"Make/Model": "KTM 390 Duke '15", "Classified number": "10234427", "Price": "€3.150", "Category": "Bike - Naked", "Registration": "5 / 2015", "Mileage": "17,000 km", "Fuel type": "Gasoline", "Cubic capacity": "390 cc", "Power": "45 bhp", "Color": "Black", "Kteo to": "05 / 2019", "Liters/100km": "5 (Εντός)/4 (Εκτός)", "Modified": "7 days", "Times clicked": "20490", "Short link": "www.car.gr/10234427", "Telephone": "None"}, "ad_seller": {}, "metadata": {"type": "Bikes", "brand": "KTM", "model": "390 Duke"}, "extras": ["ABS", "Electric starter", "Four-stroke engine", "Service Book", "Sidestand"], "description": "Εξαιρετικά προσεγμένο. - Φυλάσσεται σε κλειστό χώρο. - Λάστιχα Metzeler Sportec M5 με 1000 χιλιόμετρα. - Άριστο και φυσικά ατρακάριστο. - Εργοστασιακό - Τηλέφωνα απογευματινές ώρες. - update 2019: Νεα μπαταρία, νέα μπουζί, τσιμουχες στα καλάμια, δουλευεισ Εξαιρετικά χωρίς κανένα πρόβλημα,από μεγάλο σέρβις με νέα αλυσιδογράναζα, ρύθμιση βαλβίδες/ψεκασμό, φίλτρα βενζίνης/αέρα στην αντιπροσωπεία της KTM κλπ (300euros) - service update 12/2018: Το μηχανάκι λειτουργεί ΑΨΟΓΑ, έγιναν όλα τα προβλεπόμενα και μη σέρβις (θα ετοιμάσω μια λίστα με το πιο πρόσφατο σέρβις που μόλις κάναμε) είναι όμορφο, γρήγορο, οικονομικό και εξαιρετικά ευχρηστο για την πόλη αλλά και σε μικρά ταξίδια σε εθνική ή επαρχιακό δίκτυο! ευχαριστώ! Αλεξης - Less - "}