{"query": {"url": "https://www.car.gr/10540912-italjet-formula-125", "type": "CAR_ADDE", "trial_count": 1, "last_processed": 1553101304}, "title": "Italjet  FORMULA 125 '08", "ad_id": "10540912", "ad_data": {"Make/Model": "Italjet FORMULA 125 '08", "Classified number": "10540912", "Price": "€2.000", "Category": "Bike - Roller/Scooter", "Registration": "12 / 2008", "Fuel type": "Gasoline", "Cubic capacity": "125 cc", "Power": "15 bhp", "Color": "Red (Metallic)", "Modified": "23 days", "Times clicked": "1868", "Short link": "www.car.gr/10540912", "Telephone": "+30 2541023575"}, "ad_seller": {"Dealer": "ΜΟΤΟ ΤΑΜΙΑΣ", "Address": "ΒΟΥΛΓΑΡΟΚΤΟΝΟΥ20", "City": "ΞΑΝΘΗ", "": "+30 2541023575", "Dealer page": "https//moto-tamias.car.gr/", "Website": "http//www.mototamias.gr"}, "metadata": {"type": "Bikes", "brand": "Italjet", "model": "Italjet  FORMULA 125 '08 - € 2.000 EUR"}, "extras": ["Automatic", "Cast wheels", "Centerstand", "Credit card-Visa accepted", "Electric starter", "Exchange with Moto accepted", "Kick-Starter", "Two-stroke"], "description": "Καινούριο Roller-Scooter μάρκας Italjet Formula 125 twin stock - Less - "}