{"query": {"url": "https://www.car.gr/10369946-piaggio-beverly-250-250-i", "type": "CAR_ADDE", "trial_count": 1, "last_processed": 1553102149}, "title": "Piaggio Beverly 250 250 i '07", "ad_id": "10369946", "ad_data": {"Make/Model": "Piaggio Beverly 250 250 i '07", "Classified number": "10369946", "Price": "€1.750", "Category": "Bike - Roller/Scooter", "Registration": "1 / 2007", "Mileage": "37,000 km", "Fuel type": "Gasoline", "Cubic capacity": "250 cc", "Power": "25 bhp", "Color": "Blue (Metallic)", "Kteo to": "01 / 2019", "Liters/100km": "3 (Εντός)", "Modified": "28 days", "Times clicked": "832", "Short link": "www.car.gr/10369946", "Telephone": "None"}, "ad_seller": {}, "metadata": {"type": "Bikes", "brand": "Piaggio", "model": "Beverly 250"}, "extras": ["Alarm", "Automatic", "Cargo Rack", "Cast wheels", "Centerstand", "Electric starter", "Four-stroke engine", "Gelatin", "Injection", "Service Book", "Sidestand", "Skid Plate", "Top Box-Μπαγκαζιέρα"], "description": "Άριστη κατάσταση,συναγερμος,καινουρια λάστιχα, ιμάντας,μπαγκαζιερα γνήσια!! ,πολυ προσεγμένο - Less - "}