{"query": {"url": "https://www.car.gr/10270585-piaggio-beverly-300-beverly-300", "type": "CAR_ADDE", "trial_count": 1, "last_processed": 1553095245}, "title": "Piaggio Beverly 300 beverly 300  '16", "ad_id": "10270585", "ad_data": {"Make/Model": "Piaggio Beverly 300 beverly 300  '16", "Classified number": "10270585", "Price": "€3.700", "Category": "Bike - Roller/Scooter", "Registration": "5 / 2016", "Mileage": "2,500 km", "Fuel type": "Gasoline", "Cubic capacity": "300 cc", "Power": "24 bhp", "Color": "Black", "Modified": "2 days", "Times clicked": "4784", "Short link": "www.car.gr/10270585", "Telephone": "+30 2105243988"}, "ad_seller": {"Dealer": "ΙΑΚΩΒΑΚΗΣ ΤΑΧΙ", "Address": "Θ.Δηληγιαννη15", "City": "ΑΘΗΝΑ", "": "+30 2105243963", "Fax": "+30 2105221736", "Dealer page": "https//iakovakis-cars-taxi.car.gr/"}, "metadata": {"type": "Bikes", "brand": "Piaggio", "model": "Beverly 300"}, "extras": [], "description": "Σε αριστη κατασταση - Τιμη με τιμολογιο - Less - "}