{"query": {"url": "https://www.car.gr/10053426-triumph-rocket", "type": "CAR_ADDE", "trial_count": 10, "last_processed": 1553092941}, "title": "Triumph Rocket ΑΡΙΣΤΗ ΚΑΤΑΣΤΑΣΗ '05", "ad_id": "10053426", "ad_data": {"Make/Model": "Triumph Rocket ΑΡΙΣΤΗ ΚΑΤΑΣΤΑΣΗ '05", "Classified number": "10053426", "Price": "€10.000", "Category": "Bike - Other", "Registration": "1 / 2005", "Mileage": "32,000 km", "Fuel type": "Gasoline", "Cubic capacity": "2,300 cc", "Power": "145 bhp", "Color": "Black (Metallic)", "Previous owners": "1", "Modified": "2 hours", "Times clicked": "10113", "Short link": "www.car.gr/10053426", "Telephone": "+30 2510600033"}, "ad_seller": {"Dealer": "ΚΑΡΑΓΕΩΡΓΙΟΥ-CARS", "Address": "7ηςΜΕΡΑΡΧΕΙΑΣ130", "City": "ΚΑΒΑΛΑ", "": "+30 6937555569", "Dealer page": "https//karageorgiou-cars.car.gr/"}, "metadata": {"type": "Bikes", "brand": "Triumph", "model": "Rocket"}, "extras": [], "description": ""}