{"query": {"url": "https://www.car.gr/10248693-husqvarna-tc-250", "type": "CAR_ADDE", "trial_count": 1, "last_processed": 1553098959}, "title": "Husqvarna TC 250  '10", "ad_id": "10248693", "ad_data": {"Make/Model": "Husqvarna TC 250 '10", "Classified number": "10248693", "Price": "€900", "Category": "Bike - Motocross", "Registration": "1 / 2010", "Mileage": "1 km", "Fuel type": "Gasoline", "Cubic capacity": "250 cc", "Power": "45 bhp", "Color": "Red", "Modified": "12 days", "Times clicked": "2791", "Short link": "www.car.gr/10248693", "Telephone": "None"}, "ad_seller": {}, "metadata": {"type": "Bikes", "brand": "Husqvarna", "model": "TC 250"}, "extras": [], "description": "Εχει γινει επισκευη μιας εδρας στην κεφαλή πριν ενα χρονο οπως φαινεται στην φωτογραφία απο το moto xaris στην Κατερίνη..χρειάζεται σίγουρα 2 βαλβιδες εισαγωγής και προληπτικά πιστονι..κύλινδρος και να συναφή σε πολυ καλη κατάσταση.ειναι ανοιχτό μεχρι το κύλινδρο για να ελέγξετε - Less - "}