{"query": {"url": "https://www.car.gr/10458749-yamaha-tdm-850", "type": "CAR_ADDE", "trial_count": 1, "last_processed": 1553098998}, "title": "Yamaha TDM 850  '01", "ad_id": "10458749", "ad_data": {"Make/Model": "Yamaha TDM 850 '01", "Classified number": "10458749", "Price": "€1.850", "Category": "Bike - Street Bike", "Registration": "11 / 2001", "Mileage": "62,000 km", "Fuel type": "Gasoline", "Cubic capacity": "850 cc", "Power": "70 bhp", "Color": "Black (Metallic)", "Liters/100km": "10 (Εντός)/10 (Εκτός)/10 (Μικτό)", "Previous owners": "1", "Modified": "13 days", "Times clicked": "6799", "Short link": "www.car.gr/10458749", "Telephone": "+30 2109966769"}, "ad_seller": {"Dealer": "MOTO SERVICE- SPARE PARTS-ACCESOIRES", "Address": "ΑρχιεπισκόπουΜακαρίου23καιΛιδωρικίου", "City": "ΑΓΙΟΣΔΗΜΗΤΡΙΟΣ", "": "+30 2109966769", "Fax": "+30 2109966769", "Dealer page": "https//stefanis-moto.car.gr/", "Open hours": "ΔΕΥΤΕΡΑ-ΠΑΡΑΣΚΕΥΗ\n0900-1800"}, "metadata": {"type": "Bikes", "brand": "Yamaha", "model": "TDM 850"}, "extras": [], "description": "ΣΕ ΑΡΙΣΤΗ ΚΑΤΑΣΤΑΣΗ.ΜΕ EXTRA ΑΝΑΡΤΗΣΗ ΠΙΣΩ - WHITE POWER ΦΙΛΤΡΟ ΑΕΡΟΣ K-N - ΕΞΑΤΜΙΣΗ 2 ΣΕ 1 DRAGON,XENON ΦΩΤΑ ΚΑΙ - ΣΤΙΣ 2 ΣΚΑΛΕΣ.ΕΧΕΙ ΚΑΝΕΙ ΣΤΙΣ 60000 ΧΛΜ - ΣΕΡΒΙΣ ΡΥΘΜΙΣΗ ΒΑΛΒΙΔΩΝ.ΑΛΛΑΓΗ ΑΛΥΣΙΔΟΓΡΑΝΑΖΑ - ΧΡΥΣΑ AFAM.ΕΠΙΣΗΣ ΕΧΕΙ ΜΠΑΤΑΡΙΑ ΚΑΙΝΟΥΡΓΙΑ. - Less - "}