{"query": {"url": "https://www.car.gr/10120698-honda-cbf-125-cbf-125-i-euro-4-new", "type": "CAR_ADDE", "trial_count": 1, "last_processed": 1553101039}, "title": "Honda CBF 125 cbf 125 i euro 4 new!!! '17", "ad_id": "10120698", "ad_data": {"Make/Model": "Honda CBF 125 cbf 125 i euro 4 new!!! '17", "Classified number": "10120698", "Price": "€2.820", "Category": "Bike - Naked", "Registration": "1 / 2017", "Fuel type": "Gasoline", "Cubic capacity": "125 cc", "Power": "11 bhp", "Color": "Red (Metallic)", "Modified": "21 days", "Times clicked": "3167", "Short link": "www.car.gr/10120698", "Telephone": "+30 2665023710"}, "ad_seller": {"Dealer": "Honda Κώτσης", "Address": "Τζαβέλαινας1", "City": "ΗΓΟΥΜΕΝΙΤΣΑ", "": "+30 2665023710", "Fax": "+30 2665023710", "Dealer page": "https//motokotsis.car.gr/"}, "metadata": {"type": "Bikes", "brand": "Honda", "model": "CBF 125"}, "extras": ["Centerstand", "Credit card-Visa accepted", "Electric starter", "Exchange with Moto accepted", "Exhaust Special", "Exhibition", "Four-stroke engine", "Service Book", "Sidestand", "Spoke wheels"], "description": "Το ιδανικό μικρό street 125άρι. - Η Honda CB περνά στη δεύτερη γενιά της με νέα αισθητική και νέο σχήμα, προσφέροντας ακόμα περισσότερη ευελιξία στην καθημερινή μετακίνηση στην πόλη. Η κατανάλωσή του αγγίζει τα 51,3km/l (1,94 lt/100km) με αυτονομία της τάξεως των 600km από το 13λιτρο ρεζερβουάρ. Τα ολοκαίνουρια πλαϊνά πλαστικά δεν αποτελούν πλέον τμήμα της μάσκας και η νέα μονοκόμματη σέλα με χαμηλότερο ύψος, στα 775mm από 792mm, διευκολύνουν ακόμη περισσότερο τους χαμηλότερου ύψους αναβάτες. Το τελικό της εξάτμισης είναι κοντύτερο, ενώ οι χυτοί αλουμινένιοι τροχοί ανανεώθηκαν, με νέο σχήμα στα μπράτσα, αλλά και μεγαλύτερη διάσταση, 18in αντί για 17in, που δίνει στη μοτοσυκλέτα μεγαλύτερη σταθερότητα και περισσότερη ευκολία πάνω από ανωμαλίες του δρόμου. Ο πίνακας οργάνων εμπλουτίστηκε με αναλογικό στροφόμετρο, ταχύμετρο, δείκτη βενζίνης και ενδεικτικές λυχνίες για να δείχνουν την επιλεγμένη σχέση του κιβωτίου. - Less - "}