{"query": {"url": "https://www.car.gr/10120641-honda-pcx-125-2017-new", "type": "CAR_ADDE", "trial_count": 1, "last_processed": 1553095518}, "title": "Honda PCX 125  2017 NEW!!!! '17", "ad_id": "10120641", "ad_data": {"Make/Model": "Honda PCX 125  2017 NEW!!!! '17", "Classified number": "10120641", "Price": "€2.790", "Category": "Bike - Roller/Scooter", "Registration": "1 / 2017", "Fuel type": "Gasoline", "Cubic capacity": "125 cc", "Power": "12 bhp", "Color": "Red (Metallic)", "Modified": "3 days", "Times clicked": "3313", "Short link": "www.car.gr/10120641", "Telephone": "+30 2665023710"}, "ad_seller": {"Dealer": "Honda Κώτσης", "Address": "Τζαβέλαινας1", "City": "ΗΓΟΥΜΕΝΙΤΣΑ", "": "+30 2665023710", "Fax": "+30 2665023710", "Dealer page": "https//motokotsis.car.gr/"}, "metadata": {"type": "Bikes", "brand": "Honda", "model": "PCX 125"}, "extras": ["Automatic", "Centerstand", "Credit card-Visa accepted", "Electric starter", "Exchange with Moto accepted", "Exhibition", "Four-stroke engine", "Gelatin", "Led lights", "Service Book", "Sidestand", "Trip computer"], "description": "Στυλάτο, ευέλικτο, οικονομικό - Με μοντέρνα σχεδίαση, έμφαση στην εργονομία, ευελιξία και ταχύτητα, το PCX125 υπόσχεται μοναδική αίσθηση και άνεση. Είναι φιλικό προς το περιβάλλον και εξαιρετικά οικονομικό στη χρήση και τη συντήρηση. Στον νέας γενιάς κινητήρα eSP έχουν εφαρμοστεί προηγμένες τεχνολογίες χαμηλής τριβής, οι οποίες έχουν ως αποτέλεσμα την πολύ χαμηλή κατανάλωση καυσίμου και την αξιόπιστη λειτουργία. Ο κινητήρας παρέχει επίσης, διακοπή λειτουργίας στο ρελαντί και άμεση εκκίνηση με το άνοιγμα του γκαζιού. Η εξωτερική σχεδίαση ελάχιστα θυμίζει σκούτερ μικρού κυβισμού. Οι εντυπωσιακοί προβολείς που τελειώνουν σε φλας, η ανατομική σέλα και η αιχμηρή ουρά, τονίζουν τον φουτουριστικό χαρακτήρα του σκούτερ. Η θέση οδήγησης είναι σχεδιασμένη για μεγάλη άνεση σε πολύωρη χρήση. Στον αποθηκευτικό χώρο κάτω από τη σέλα μπορεί να αποθηκευτεί ένα full face κράνος, ενώ προσφέρεται και επιπλέον χώρος για μικρότερα αντικείμενα. Με εντυπωσιακή εμφάνιση και εργονομικά σχεδιασμένο, το PCX 125 υπόσχεται οικονομία, στυλ και άνεση στις καθημερινές σου μετακινήσεις. Ανακάλυψέ το! - Less - "}