{"query": {"url": "https://www.car.gr/10047400-ducati-monster-821", "type": "CAR_ADDE", "trial_count": 1, "last_processed": 1553104407}, "title": "Ducati Monster 821 '15", "ad_id": "10047400", "ad_data": {"Make/Model": "Ducati Monster 821 '15", "Classified number": "10047400", "Price": "€8.198", "Category": "Bike - Naked", "Registration": "2 / 2015", "Mileage": "36,500 km", "Fuel type": "Gasoline", "Cubic capacity": "821 cc", "Power": "112 bhp", "Color": "Black", "Liters/100km": "6 (Εντός)/5 (Εκτός)/5.5 (Μικτό)", "Modified": "48 days", "Times clicked": "781", "Short link": "www.car.gr/10047400", "Telephone": "None"}, "ad_seller": {}, "metadata": {"type": "Bikes", "brand": "Ducati", "model": "Monster"}, "extras": ["ABS", "Electric starter", "Service Book", "TCS-TractionControl", "Trip computer"], "description": "H μηχανή είναι πολύ προσεγμένη.Έχει γίνει το μεγάλο σέρβις των 30.000 χλμ. Δεκτός κάθε έλεγχος από μηχανικό σας. Όλες οι αλλαγές λαδιών και τα service έγιναν στην επίσημη αντιπροσωπεία της ducati στην Αθήνα με βάση ότι λέει ο κατασκευαστής. Φοράει καινούργια τακάκια φρένων εμπρός και πίσω και καινούργια αλυσίδα και γρανάζια. Έχει δουλέψει μόνο στο πρόγραμμα URBAN και TOURING σε επαρχιακό οδικό δίκτυο και πότε στο SPORT .Καινούργια ελαστικά. - Less - "}