{"query": {"url": "https://www.car.gr/10053003-sym-mask-50", "type": "CAR_ADDE", "trial_count": 1, "last_processed": 1553095565}, "title": "Sym MASK 50  '15", "ad_id": "10053003", "ad_data": {"Make/Model": "Sym MASK 50 '15", "Classified number": "10053003", "Price": "€1.250", "Category": "Bike - Roller/Scooter", "Registration": "1 / 2015", "Fuel type": "Gasoline", "Cubic capacity": "49 cc", "Power": "6 bhp", "Color": "Blue (Metallic)", "Modified": "3 days", "Times clicked": "1257", "Short link": "www.car.gr/10053003", "Telephone": "+30 2751025970"}, "ad_seller": {"Dealer": "moto piperos", "Address": "karaiskaki10", "City": "ΑΡΓΟΣ", "": "+30 6947954558", "Dealer page": "https//motopiperos.car.gr/"}, "metadata": {"type": "Bikes", "brand": "Sym", "model": "MASK 50"}, "extras": ["Exchange with Moto accepted"], "description": "kainourio butrinas stock...... - Less - "}