{"query": {"url": "https://www.car.gr/10369611-honda-xl-650v-transalp", "type": "CAR_ADDE", "trial_count": 1, "last_processed": 1553096053}, "title": "Honda XL 650V Transalp  '07", "ad_id": "10369611", "ad_data": {"Make/Model": "Honda XL 650V Transalp '07", "Classified number": "10369611", "Price": "€3.202", "Category": "Bike - On/Off", "Registration": "7 / 2007", "Mileage": "25,000 km", "Fuel type": "Gasoline", "Cubic capacity": "650 cc", "Power": "55 bhp", "Color": "Black (Metallic)", "Modified": "4 days", "Times clicked": "60", "Short link": "www.car.gr/10369611", "Telephone": "None"}, "ad_seller": {}, "metadata": {"type": "Bikes", "brand": "Honda", "model": "XL 650V Transalp"}, "extras": ["Cargo Rack", "Catalyst", "Electric starter", "Four-stroke engine", "Heated Handguards", "Sidestand", "Spoke wheels"], "description": "Η μηχανή είναι πρώτο χέρι,αγορασμένη από αντιπροσωπεία τον Ιούλιο του 2007 με ελάχιστα χιλιόμετρα.Κυκλοφορεί μόνο τρεις μήνες το καλοκαίρι και τους υπόλοιπους μήνες φυλάσσεται σε γκαράζ με κουκούλα.'Εχει καινούρια αλυσίδα, γρανάζια μπρός - πίσω, φυσούνες εμπρός καθώς και τρία ζευγάρια τακάκια φρένων μπρός - πίσω αξίας 260 ευρώ.Επίσης διαθέτει μαύρο δερμάτινο bagster στο ντεπόζιτο.Δώρο με την αγορά της μηχανής μπουφάν με προστατευτικά,αδιάβροχο και αντιανεμικό σχεδόν καινούριο. - Less - "}