{"query": {"url": "https://www.car.gr/10071984-mv-agusta-f4-1000-s-1-1", "type": "CAR_ADDE", "trial_count": 1, "last_processed": 1553095723}, "title": "Mv Agusta F4 1000 S 1+1  '05", "ad_id": "10071984", "ad_data": {"Make/Model": "Mv Agusta F4 1000 S 1+1 '05", "Classified number": "10071984", "Price": "€8.990", "Category": "Bike - Super Sport", "Registration": "7 / 2005", "Mileage": "13,650 km", "Fuel type": "Gasoline", "Cubic capacity": "1,000 cc", "Power": "167 bhp", "Color": "Red (Metallic)", "Modified": "3 days", "Times clicked": "1237", "Short link": "www.car.gr/10071984", "Telephone": "None"}, "ad_seller": {}, "metadata": {"type": "Bikes", "brand": "Mv Agusta", "model": "F4 1000 S 1+1"}, "extras": ["Alarm", "Cast wheels", "Catalyst", "Electric starter", "Exchange with Moto accepted", "Exhaust Special", "Four-stroke engine", "Gelatin", "Greek Dealership", "Injection", "Kick-Starter", "Service Book", "Sidestand", "Spoke wheels", "Trip computer"], "description": "Είναι σε παρα πολυ Καλή κατάσταση με πολλα εξτρα και πάντα σε κλειστό γκαραζ.Ειναι φουλ carbon,έχει πτερύγια βεντιλατερ muzzy,brembo τρόμπα19/20,δισκοπλακες,εξατμιση bodies,shifter,power comander και αλλα πολλά.Παραλαβη με καινουργια λαστιχα. Θα δοθούν και ολα τα μαμα πραγματα.Η τιμή για ανταλλαγή θα είναι διαφορετική !!! Ανταλλάσσεται με BMW gs 1200lc και ducati multistrada 1200s. - Less - "}