{"query": {"url": "https://www.car.gr/10377999-honda-sh-150i-abs", "type": "CAR_ADDE", "trial_count": 1, "last_processed": 1553095129}, "title": "Honda SH 150i ABS '14", "ad_id": "10377999", "ad_data": {"Make/Model": "Honda SH 150i ABS '14", "Classified number": "10377999", "Price": "€2.800", "Category": "Bike - Roller/Scooter", "Registration": "1 / 2014", "Mileage": "14,200 km", "Fuel type": "Gasoline", "Cubic capacity": "150 cc", "Power": "14 bhp", "Color": "Dark Red (Metallic)", "Previous owners": "1", "Modified": "2 days", "Times clicked": "2297", "Short link": "www.car.gr/10377999", "Telephone": "+30 2541024600"}, "ad_seller": {"Dealer": "ΑΜΑΝΑΤΙΑΔΗΣ Μ. -ΚΥΡΙΑΖΙΔΗΣ Ι.  Ο.Ε", "Address": "Δημοκρίτου9&Νεστου1-Ξανθη", "City": "ΞΑΝΘΗ", "": "+30 2541024600", "Fax": "+30 2541067330", "Dealer page": "https//amanatiadis.car.gr/"}, "metadata": {"type": "Bikes", "brand": "Honda", "model": "SH 150i"}, "extras": ["ABS"], "description": "1)Δεκτη ανταλλαγη με μοτο - Less - "}