{"query": {"url": "https://www.car.gr/10236690-suzuki-dl-1000-v-strom", "type": "CAR_ADDE", "trial_count": 1, "last_processed": 1553104787}, "title": "Suzuki DL 1000 V-STROM  '04", "ad_id": "10236690", "ad_data": {"Make/Model": "Suzuki DL 1000 V-STROM '04", "Classified number": "10236690", "Price": "€3.300", "Category": "Bike - On/Off", "Registration": "10 / 2004", "Mileage": "80,000 km", "Fuel type": "Gasoline", "Cubic capacity": "1,000 cc", "Power": "100 bhp", "Color": "Black", "Modified": "over 2 months", "Times clicked": "2944", "Short link": "www.car.gr/10236690", "Telephone": "+30 2107601269"}, "ad_seller": {"Dealer": "MOTO BOOST", "Address": "Κύπρου55-57", "City": "ΒΥΡΩΝΑΣ", "": "+30 2107601269", "Dealer page": "https//motoboost.car.gr/"}, "metadata": {"type": "Bikes", "brand": "Suzuki", "model": "DL 1000 V-STROM"}, "extras": [], "description": "SUZUKI V STROM 1000 ΒΑΛΙΤΣΑ ΚΑΓΚΕΛΑ ΣΕΛΑ ΔΕΚΤΟΣ ΕΛΕΓΧΟΣ ΑΝΤΑΛΛΑΓΗ ΜΕ KTM 950 ADVENTURE - Less - "}