{"query": {"url": "https://www.car.gr/10095830-aprilia-pegaso-650-strada", "type": "CAR_ADDE", "trial_count": 1, "last_processed": 1553100226}, "title": "Aprilia Pegaso 650 Strada '08", "ad_id": "10095830", "ad_data": {"Make/Model": "Aprilia Pegaso 650 Strada '08", "Classified number": "10095830", "Price": "€2.000", "Category": "Bike - On/Off", "Registration": "1 / 2008", "Mileage": "20,000 km", "Fuel type": "Gasoline", "Cubic capacity": "650 cc", "Power": "55 bhp", "Color": "Orange", "Kteo to": "05 / 2019", "Modified": "16 days", "Times clicked": "1193", "Short link": "www.car.gr/10095830", "Telephone": "None"}, "ad_seller": {}, "metadata": {"type": "Bikes", "brand": "Aprilia", "model": "Pegaso 650"}, "extras": [], "description": "Το μηχανάκι είναι σε άριστη κατάσταση τα χιλιόμετρα είναι πραγματικά δεκτος ελεγχος - Και χωρίς χτυπήματα η γρατζουνιες - Less - "}