{"query": {"url": "https://www.car.gr/10568729-sym-citycom-s-300i-cbs", "type": "CAR_ADDE", "trial_count": 1, "last_processed": 1553094623}, "title": "Sym  CityCOM S 300I CBS !! '16", "ad_id": "10568729", "ad_data": {"Make/Model": "Sym CityCOM S 300I CBS !! '16", "Classified number": "10568729", "Price": "€2.800", "Category": "Bike - Roller/Scooter", "Registration": "1 / 2016", "Mileage": "10,300 km", "Fuel type": "Gasoline", "Cubic capacity": "300 cc", "Power": "25 bhp", "Color": "Black (Metallic)", "Modified": "1 day", "Times clicked": "4159", "Short link": "www.car.gr/10568729", "Telephone": "+30 2510836354"}, "ad_seller": {"Dealer": "Moto Τeam ΣΥΜΕΩΝΙΔΗΣ- Moto Team Simeonidis", "Address": "ΕΛΛΗΝΙΚΗΣΔΗΜΟΚΡΑΤΙΑΣ14", "City": "ΚΑΒΑΛΑ", "": "+30 2510836375", "Fax": "+30 2510836354", "Dealer page": "https//moto-team.car.gr/", "Website": "http//moto-team.gr"}, "metadata": {"type": "Bikes", "brand": "Sym", "model": "Sym  CityCOM S 300I CBS !! '16 - € 2.800 EUR"}, "extras": [], "description": "CityCom 300i CBS. - Less - "}