{"query": {"url": "https://www.car.gr/10090176-honda-beat-110-beat-110-new", "type": "CAR_ADDE", "trial_count": 1, "last_processed": 1553099963}, "title": "Honda Beat 110 BEAT 110 NEW ετοιμοπαραδοτο '17", "ad_id": "10090176", "ad_data": {"Make/Model": "Honda Beat 110 BEAT 110 NEW ετοιμοπαραδοτο '17", "Classified number": "10090176", "Price": "€1.799", "Category": "Bike - Roller/Scooter", "Registration": "9 / 2017", "Fuel type": "Gasoline", "Cubic capacity": "110 cc", "Power": "9 bhp", "Color": "Blue (Metallic)", "Modified": "15 days", "Times clicked": "4098", "Short link": "www.car.gr/10090176", "Telephone": "+30 2821070658"}, "ad_seller": {"Dealer": "AUTO EXPERT", "Address": "3ΗΠΑΡΟΔΟΣΧΡΥΣΟΠΗΓΗΣΚΑΙΟΔΟΣΑΓΙΩΝΑΠΟΣΤΟΛΩΝ(ΜΕΤΑΤΗΝΕΚΚΛΗΣΙΑΤΟΥΑΓΙΟΥΣΤΕΦΑΝΟΥ)ΠΕΡΙΟΧΗΚΟΥΜΠΕΣΚΑΛΥΚΑΣ.ΕΞΟΔΟΣΑΠΟΕΘΝΙΚΗΟΔΟΜΟΥΡΝΙΕΣΝΟΣΟΚΟΜΕΙΟ", "City": "ΧΑΝΙΑ", "": "+30 6970803953", "Fax": "+30 2821076830", "Dealer page": "https//autoexpert.car.gr/", "Website": "http//Autoexpert.car.gr", "Open hours": "ΔΕΥΤΕΡΑ ΕΩΣ ΠΑΡΑΣΚΕΥΗ\n8 ΠΡΩΙ ΕΩΣ 21ΒΡΑΔΥ\nΣΑΒΑΤΟ 8 ΠΡΩΙ 16 ΑΠΟΓΕΥΜΑ\nΚΥΡΙΑΚΗ ΚΛΕΙΣΤΑ"}, "metadata": {"type": "Bikes", "brand": "Honda", "model": "Beat 110"}, "extras": ["Automatic", "Bars", "Car Exchange", "Cast wheels", "Catalyst", "Centerstand", "Electric starter", "Exchange with Boat", "Exchange with Moto accepted", "Exhibition", "Four-stroke engine", "Service Book", "Sidestand"], "description": "ΑΥΤΟΜΑΤΟ - ΝΕΟ ΜΟΝΤΕΛΟ - START STOP SYSTEM - ESP - SBS - ΠΕΡΛΑ ΧΡΩΜΑ - ΑΝΕΤΟΥΣ ΧΟΡΟΥΣ - ΠΟΛΥ ΟΙΚΟΝΟΜΙΚΟ - Less - "}