{"query": {"url": "https://www.car.gr/10406488-tcb", "type": "CAR_ADDE", "trial_count": 1, "last_processed": 1553096979}, "title": "TCB   '07", "ad_id": "10406488", "ad_data": {"Make/Model": "TCB '07", "Classified number": "10406488", "Price": "€750", "Category": "Bike - Underbone", "Registration": "1 / 2007", "Mileage": "4,000 km", "Fuel type": "Gasoline", "Cubic capacity": "125 cc", "Power": "8 bhp", "Color": "White", "Modified": "7 days", "Times clicked": "2161", "Short link": "www.car.gr/10406488", "Telephone": "+30 2821099405"}, "ad_seller": {"Dealer": "CHANIA MOTORCYCLES", "Address": "ΝΙΚΟΛΑΟΥΠΛΑΣΤΗΡΑ4", "City": "ΧΑΝΙΑ", "": "+30 6980127373", "Fax": "+30 6996312247", "Dealer page": "https//stavroulakis-cars.car.gr/"}, "metadata": {"type": "Bikes", "brand": "TCB", "model": "TCB   '07 - € 750 EUR"}, "extras": ["Electric starter", "Exchange with Moto accepted", "Four-stroke engine", "Kick-Starter"], "description": "πρωτο χερι δεκτη ανταλλαγη - Less - "}