{"query": {"url": "https://www.car.gr/10259273-derbi-atlantis-100cc", "type": "CAR_ADDE", "trial_count": 1, "last_processed": 1553093623}, "title": "Derbi Atlantis 100CC '06", "ad_id": "10259273", "ad_data": {"Make/Model": "Derbi Atlantis 100CC '06", "Classified number": "10259273", "Price": "€645", "Category": "Bike - Roller/Scooter", "Registration": "1 / 2006", "Mileage": "40,000 km", "Fuel type": "Gasoline", "Cubic capacity": "100 cc", "Power": "8 bhp", "Color": "Green (Metallic)", "Previous owners": "2", "Modified": "7 hours", "Times clicked": "2110", "Short link": "www.car.gr/10259273", "Telephone": "+30 2310935680"}, "ad_seller": {"Dealer": "DUKEMOTOSHOP-ΣΟΦΙΟΛΑΚΗΣ", "Address": "Κ.ΚΑΡΑΜΑΝΛΗ183", "City": "ΘΕΣΣΑΛΟΝΙΚΗ", "": "+30 2310935680", "Fax": "+30 2310935680", "Dealer page": "https//dukemotoshop.car.gr/", "Open hours": "ΔΕΥΤΕΡΑ-ΠΑΡΑΣΚΕΥΗ 9,00πμ εως 19,00μμ\nΣΑΒΒΑΤΟ 9,00πμ εως 14,30"}, "metadata": {"type": "Bikes", "brand": "Derbi", "model": "Atlantis"}, "extras": [], "description": ""}