{"query": {"url": "https://www.car.gr/10120182-bmw-f-650-gs", "type": "CAR_ADDE", "trial_count": 1, "last_processed": 1553102482}, "title": "Bmw F 650 GS  '01", "ad_id": "10120182", "ad_data": {"Make/Model": "Bmw F 650 GS '01", "Classified number": "10120182", "Price": "€2.700", "Category": "Bike - On/Off", "Registration": "1 / 2001", "Mileage": "15,000 km", "Fuel type": "Gasoline", "Cubic capacity": "650 cc", "Power": "60 bhp", "Color": "Black (Metallic)", "Modified": "30 days", "Times clicked": "3707", "Short link": "www.car.gr/10120182", "Telephone": "+30 2531033683"}, "ad_seller": {"Dealer": "AUTO-MOTO ELLI ΜΑΛΑΜΙΔΗΣ ΑΘΑΝΑΣΙΟΣ", "Address": "1oχιλκομοτηνήςκοσμίου", "City": "ΚΟΜΟΤΗΝΗ", "": "+30 2531033683", "Fax": "+30 2531022269", "Dealer page": "https//motoelli-malamidis.car.gr/", "Website": "http//www.malamidis.gr", "Open hours": "ΔΕΥΤΕΡΑ - ΣΑΒΒΑΤΟ 9 ΜΕ 3 \nΤΡΙΤΗ - ΠΕΜΠΤΗ 5-8"}, "metadata": {"type": "Bikes", "brand": "Bmw", "model": "F 650 GS"}, "extras": ["Car Exchange", "Credit card-Visa accepted", "Electric starter", "Exchange with Boat", "Exchange with Moto accepted", "Exhibition", "Four-stroke engine", "Gelatin", "Notes, checks accepted", "Service Book", "Sidestand", "Top Box-Μπαγκαζιέρα", "Trip computer"], "description": "ΕΓΓΥΗΜΕΝΗ ΜΟΤ/ΤΑ ΣΕ ΑΡΙΣΤΗ ΚΑΤΑΣΤΑΣΗ... - ΔΕΚΤΟΣ ΚΑΘΕ ΕΛΕΓΧΟΣ ΚΑΙ ΔΥΝΑΤΟΤΗΤΑ TEST DRIVE!!! - ΔΕΚΤΕΣ ΑΝΤΑΛΛΑΓΕΣ, ΕΥΝΟΙΚΗ ΧΡΗΜΑΤΟΔΟΤΗΣΗ ΚΑΙ ΔΥΝΑΤΟΤΗΤΑ ΠΛΗΡΩΜΗΣ ΜΕ ΠΙΣΤΩΤΙΚΗ ΚΑΡΤΑ.... - Less - "}