{"query": {"url": "https://www.car.gr/10167290-piaggio-ape-50", "type": "CAR_ADDE", "trial_count": 1, "last_processed": 1553095583}, "title": "Piaggio Ape 50  '12", "ad_id": "10167290", "ad_data": {"Make/Model": "Piaggio Ape 50 '12", "Classified number": "10167290", "Price": "€4.000", "Category": "Bike - Three Wheel", "Registration": "3 / 2012", "Mileage": "3,500 km", "Fuel type": "Gasoline", "Cubic capacity": "50 cc", "Power": "17 bhp", "Color": "Red", "Modified": "3 days", "Times clicked": "11098", "Short link": "www.car.gr/10167290", "Telephone": "None"}, "ad_seller": {"Name": "Γιωργος", "Address": "ΠΤΟΛΕΜΑΙΔΑP.ΚΟΖΑΝΗΣ"}, "metadata": {"type": "Bikes", "brand": "Piaggio", "model": "Ape 50"}, "extras": ["Service Book"], "description": "Ειναι καντινα.πληροφοριες στο τηλ.μονο σοβαρες προτασεις.εχει έγκριση υγαιονομικου ειναι για μεσα σε πολεις οπου δεν μπορουν να παν μεγαλες καντινες - Less - "}