{"query": {"url": "https://www.car.gr/10324958-piaggio-x-9-x9-500", "type": "CAR_ADDE", "trial_count": 1, "last_processed": 1553100501}, "title": "Piaggio X 9 X9 500 '02", "ad_id": "10324958", "ad_data": {"Make/Model": "Piaggio X 9 X9 500 '02", "Classified number": "10324958", "Price": "€1.900", "Category": "Bike - Roller/Scooter", "Registration": "6 / 2002", "Mileage": "53,405 km", "Fuel type": "Gasoline", "Cubic capacity": "500 cc", "Power": "39 bhp", "Color": "Dark blue (Metallic)", "Kteo to": "05 / 2019", "Modified": "18 days", "Times clicked": "369", "Short link": "www.car.gr/10324958", "Telephone": "None"}, "ad_seller": {}, "metadata": {"type": "Bikes", "brand": "Piaggio", "model": "X 9"}, "extras": ["Alarm", "Automatic", "Cargo Rack", "Catalyst", "Centerstand", "Electric starter", "Four-stroke engine", "Gelatin", "Sidestand", "Top Box-Μπαγκαζιέρα", "Trip computer"], "description": "Έχει συναγερμό,βαλίτσα. Γενικό σέρβις, καινούργια λάστιχα του 2018. - φυλάσσεται σε κλειστό γκαράζ. κατάσταση καινούριου.εχει καινούρια μπαταρία. - Less - "}