{"query": {"url": "https://www.car.gr/10008842-kymco-agility-city-150-i-abs-new-model", "type": "CAR_ADDE", "trial_count": 1, "last_processed": 1553105072}, "title": "Kymco Agility CITY 150 i ABS NEW MODEL '19", "ad_id": "10008842", "ad_data": {"Make/Model": "Kymco Agility CITY 150 i ABS NEW MODEL '19", "Classified number": "10008842", "Price": "Askforprice", "Category": "Bike - Roller/Scooter", "Registration": "1 / 2019", "Fuel type": "Gasoline", "Cubic capacity": "150 cc", "Power": "13 bhp", "Color": "Black", "Modified": "4 hours", "Times clicked": "1164", "Short link": "www.car.gr/10008842", "Telephone": "+30 2109839042"}, "ad_seller": {"Dealer": "ΛΕΚΚΑΣ MOTOSPOT", "Address": "1.Λ.ΑΜΦΙΘΕΑΣ89Π.ΦΑΛΗΡΟ", "City": "ΠΑΛΑΙΟΦΑΛΗΡΟ", "": "+30 2109226226", "Fax": "+30 2109834287", "Dealer page": "https//lekkasmotospot.car.gr/", "Website": "http//www.lekkas-motospot.gr", "Open hours": "ΔΕΥΤΕΡΑ-ΠΑΡΑΣΚΕΥΗ 09.00-19.00"}, "metadata": {"type": "Bikes", "brand": "Kymco", "model": "Agility CITY 150"}, "extras": [], "description": "ΝΕΟ ΜΟΝΤΕΛΟ ΜΕ ΔΙΠΛΑ ΔΙΣΚΟΦΡΕΝΑ ΚΑΙ ABS - INJECTION - ΜΟΛΙΣ ΠΑΡΕΛΗΦΘΗ! EURO 4! - ΔΙΑΚΑΝΟΝΙΣΜΟΣ ΔΕΚΤΟΣ, ΑΤΟΚΕΣ ΔΟΣΕΙΣ - ΔΙΑΘΕΤΟΥΜΕ ΕΞΟΥΣΙΟΔΟΤΗΜΕΝΟ ΣΥΝΕΡΓΕΙΟ ΓΙΑ ΟΛΑ ΣΑΣ ΤΑ SERVICE ΚΑΙ ΓΙΑ ΚΑΛΥΨΗ ΕΓΓΥΗΣΕΩΝ - ΠΛΗΡΗ ΓΚΑΜΑ ΕΤΟΙΜΟΠΑΡΑΔΟΤΩΝ ΑΝΤΑΛΛΑΚΤΙΚΩΝ ΓΙΑ ΤΟ ΟΧΗΜΑ ΣΑΣ - ΔΙΑΤΙΘΕΤΑΙ ΚΑΙ ΣΕ 125 i CBS - Less - "}