{"query": {"url": "https://www.car.gr/10126824-yamaha-tdm-850-4tx", "type": "CAR_ADDE", "trial_count": 1, "last_processed": 1553101129}, "title": "Yamaha TDM 850 4TX '03", "ad_id": "10126824", "ad_data": {"Make/Model": "Yamaha TDM 850 4TX '03", "Classified number": "10126824", "Price": "€2.500", "Category": "Bike - On/Off", "Registration": "5 / 2003", "Mileage": "51,000 km", "Fuel type": "Gasoline", "Cubic capacity": "850 cc", "Power": "87 bhp", "Color": "Blue (Metallic)", "Modified": "22 days", "Times clicked": "2996", "Short link": "www.car.gr/10126824", "Telephone": "+30 6973046675"}, "ad_seller": {"Dealer": "JEKOS     CAR", "Address": "ΕΡΜΟΥ299-ΝΕΛΛΗΣ49ΜΥΤΙΛΗΝΗ", "City": "ΜΥΤΙΛΗΝΗ", "": "+30 2251029971", "Fax": "+30 2251300984", "Dealer page": "https//jekoscar.car.gr/", "Website": "http//WWW.JEKOSCAR.CAR.GR", "Open hours": "24ΩΡΕΣ   365  ΜΕΡΕΣ  ΤΟ  ΧΡΟΝΟ"}, "metadata": {"type": "Bikes", "brand": "Yamaha", "model": "TDM 850"}, "extras": [], "description": ""}