{"query": {"url": "https://www.car.gr/10105578-sym-joy-max-250-gts-250", "type": "CAR_ADDE", "trial_count": 1, "last_processed": 1553097922}, "title": "Sym JOY MAX 250 GTS 250 '07", "ad_id": "10105578", "ad_data": {"Make/Model": "Sym JOY MAX 250 GTS 250 '07", "Classified number": "10105578", "Price": "€1.700", "Category": "Bike - Roller/Scooter", "Registration": "5 / 2007", "Mileage": "23,414 km", "Fuel type": "Gasoline", "Cubic capacity": "250 cc", "Power": "25 bhp", "Color": "Grey", "Modified": "9 days", "Times clicked": "75", "Short link": "www.car.gr/10105578", "Telephone": "None"}, "ad_seller": {}, "metadata": {"type": "Bikes", "brand": "Sym", "model": "JOY MAX 250"}, "extras": ["Automatic", "Centerstand", "Electric starter", "Exchange with Moto accepted", "Gelatin", "Sidestand"], "description": "Το μηχανάκι είναι πρώτο χέρι σε πολύ καλή κατάσταση με πραγματικά χιλιόμετρα και φυλάσετε σε κλειστό γκαράζ,, δεκτός κάθε έλεγχος ,, έχει λάστιχα καινούργια και έχει γίνει γενικό σερβις,, - Less - "}