{"query": {"url": "https://www.car.gr/10551497-sym-symphony-st-200i-symphony-st-200i-abs-euro-4", "type": "CAR_ADDE", "trial_count": 1, "last_processed": 1553104764}, "title": "Sym Symphony ST 200i SYMPHONY ST 200I ABS EURO 4 '18", "ad_id": "10551497", "ad_data": {"Make/Model": "Sym Symphony ST 200i SYMPHONY ST 200I ABS EURO 4 '18", "Classified number": "10551497", "Price": "€2.345", "Category": "Bike - Roller/Scooter", "Registration": "7 / 2018", "Fuel type": "Gasoline", "Cubic capacity": "200 cc", "Power": "12 bhp", "Color": "Blue", "Modified": "over 2 months", "Times clicked": "862", "Short link": "www.car.gr/10551497", "Telephone": "+30 2461039664"}, "ad_seller": {"Dealer": "MOTOKINISI", "Address": "ΦΙΛΙΠΠΟΥΒ17", "City": "ΚΟΖΑΝΗ", "": "+30 2461039664", "Fax": "+30 2461039664", "Dealer page": "https//tzellos-motokinisi.car.gr/"}, "metadata": {"type": "Bikes", "brand": "Sym", "model": "Symphony ST 200i"}, "extras": ["Automatic", "Centerstand", "Credit card-Visa accepted", "Exchange with Moto accepted", "Four-stroke engine", "Kick-Starter", "Service Book", "Sidestand"], "description": "ΣΧΕΔΙΑΣΗ - • LED φώτα θέσης και οπισθίου φανού - • Καντράν με 2 ψηφιακές οθόνες και δυνατότητα προσαρμογής των ενδείξεων - • Τα αναδιπλούμενα μαρσπιέ συνεπιβάτη προσφέρουν ευρεία βάση στήριξης, ενώ κλειστά ενσωματώνονται τέλεια στις σχεδιαστικές γραμμές του μοντέλου - • Αντικλεπτικός διακόπτης κάτω από τη σέλα, εμποδίζει την εκκίνηση του κινητήρα σε περίπτωση παραβίασης του κεντρικού διακόπτη - • Πλαϊνά προστατευτικά με φινίρισμα carbon, περιορίζουν τη ζημιά στα φωτιστικά σώματα και τα πλαστικά μέρη του scooter - • Μοντέρνας σχεδίασης κάλυμμα εξάτμισης - • Νέας εμφάνισης γκριπ - ΠΡΑΚΤΙΚΟΤΗΤΑ - • Αποθηκευτικός χώρος για FULL FACE κράνος - • Κλειστός αποθηκευτικός χώρος μεταφοράς διαφόρων μικροπραγμάτων με παροχή USB • Επίπεδο πάτωμα - • Ηλεκτρικό άνοιγμα σέλας με «button» - • Πλαϊνό stand με διακόπτη λειτουργίας - • Γάντζος ασφαλείας για την ανάρτηση χειραποσκευών στο εσωτερικό της ποδιάς - ΛΕΙΤΟΥΡΓΙΚΑ ΧΑΡΑΚΤΗΡΙΣΤΙΚΑ - • Σύστημα τροφοδοσίας E.F.I. για χαμηλά επίπεδα κατανάλωσης και προδιαγραφές EURO4 - • Η μεγαλύτερη ιπποδύναμη της κατηγορίας – 12 PS / 7500 rpm (αερόψυκτα scooter) - • Σύστημα πέδησης – ABS - • Πίσω (240mm) – εμπρός (260mm) δισκόφρενα τύπου μαργαρίτα με 2πίστονα έμβολα - • Τροχοί 16″ - • Ρυθμιζόμενες αναρτήσεις 3 θέσεων - • Αντίβαρα τιμονιού - ΕΡΓΟΝΟΜΙΑ - • Άνετη σέλα για αναβάτη και συνεπιβάτη, διαμορφώνεται σε δύο επίπεδα και - ενισχύεται από διπλή ραφή - • Ύψος σέλας, μόλις 79εκ. από το έδαφος - • Καλαίσθητη σχάρα με ενσωματωμένες πλαϊνές χειρολαβές συνεπιβάτη - Η σχεδίαση του νέου Symphony ST, συνδυάζει τα sport χαρακτηριστικά με την κομψότητα. Άνετο και για τους δύο αναβάτες, ελαφρύ και με χαμηλή κατανάλωση καυσίμου, είναι ένα scooter απαιτήσεων χωρίς συμβιβασμούς. - Less - "}