{"query": {"url": "https://www.car.gr/10431619-kawasaki-el-250-elminator-250", "type": "CAR_ADDE", "trial_count": 1, "last_processed": 1553097100}, "title": "Kawasaki EL 250 elminator 250 '93", "ad_id": "10431619", "ad_data": {"Make/Model": "Kawasaki EL 250 elminator 250 '93", "Classified number": "10431619", "Price": "€900", "Category": "Bike - Custom", "Registration": "1 / 1993", "Mileage": "58,339 km", "Fuel type": "Gasoline", "Cubic capacity": "250 cc", "Power": "40 bhp", "Color": "Black", "Kteo to": "11 / 2017", "Modified": "7 days", "Times clicked": "110", "Short link": "www.car.gr/10431619", "Telephone": "None"}, "ad_seller": {}, "metadata": {"type": "Bikes", "brand": "Kawasaki", "model": "EL 250"}, "extras": ["Electric starter", "Four-stroke engine", "Semiautomatic", "Sidestand"], "description": "Σε καλη κατασταση,με ελαχιστη χρηση! καινουργια λαστιχα - Less - "}