{"query": {"url": "https://www.car.gr/10274389-sokudo-monkey", "type": "CAR_ADDE", "trial_count": 1, "last_processed": 1553102354}, "title": "Sokudo Monkey  '14", "ad_id": "10274389", "ad_data": {"Make/Model": "Sokudo Monkey '14", "Classified number": "10274389", "Price": "€890", "Category": "Bike - Mini..Moto", "Registration": "3 / 2014", "Mileage": "1 km", "Fuel type": "Gasoline", "Cubic capacity": "125 cc", "Power": "18 bhp", "Color": "Black", "Previous owners": "1", "Modified": "29 days", "Times clicked": "3696", "Short link": "www.car.gr/10274389", "Telephone": "None"}, "ad_seller": {}, "metadata": {"type": "Bikes", "brand": "Sokudo", "model": "Monkey"}, "extras": ["Cargo Rack", "Electric starter", "Exhibition", "Four-stroke engine"], "description": "ΠΩΛΕΙΤΑΙ MINI-MOTO, ΜΑΡΚΑ SOKUDO ΒΟΒΟS, 125 cc . ΕΙΝΑΙ ΣΕ ΑΡΙΣΤΗ ΚΑΤΑΣΤΑΣΗ, ΕΠΕΙΔΗ ΕΙΝΑΙ ΕΚΘΕΣΙΑΚΟ. - Less - "}