{"query": {"url": "https://www.car.gr/10364928-honda-cbf-125", "type": "CAR_ADDE", "trial_count": 1, "last_processed": 1553105179}, "title": "Honda CBF 125  '10", "ad_id": "10364928", "ad_data": {"Make/Model": "Honda CBF 125 '10", "Classified number": "10364928", "Price": "€1", "Category": "Bike - Naked", "Registration": "7 / 2010", "Mileage": "3,500 km", "Fuel type": "Gasoline", "Cubic capacity": "300 cc", "Power": "14 bhp", "Color": "Red", "Kteo to": "07 / 2020", "Modified": "8 days", "Times clicked": "651", "Short link": "www.car.gr/10364928", "Telephone": "None"}, "ad_seller": {}, "metadata": {"type": "Bikes", "brand": "Honda", "model": "CBF 125"}, "extras": [], "description": "ΕΙΝΑΙ ΣΕ ΥΠΕΡΑΡΙΣΤΗ ΚΑΤΑΣΤΑΣΗ.ΕΚΘΕΣΙΑΚΟ.ΑΓΡΑΤΖΟΥΝΙΣΤΟ.ΠΡΑΓΜΑΤΙΚΗ ΕΥΚΑΙΡΙΑ.ΕΧΕΙ ΤΟΠΟΘΕΤΗΘΕΙ LOW FAIRING ΠΟΔΙΑ ΑΞΙΑΣ 250 ΕΥΡΟ.ΕΧΕΙ ΚΑΙΝΟΥΡΓΙΑ ΕΛΑΣΤΙΚΑ CONTINENTAL.ΜΟΝΟ ΣΟΒΑΡΕΣ ΠΡΟΤΑΣΕΙΣ.ΟΧΙ ΑΣΚΟΠΑ ΤΗΛΕΦΩΝΑ - Less - "}