{"query": {"url": "https://www.car.gr/10104330-husqvarna-tc-449-tc-449", "type": "CAR_ADDE", "trial_count": 1, "last_processed": 1553100415}, "title": "Husqvarna TC 449 Tc 449 '11", "ad_id": "10104330", "ad_data": {"Make/Model": "Husqvarna TC 449 Tc 449 '11", "Classified number": "10104330", "Price": "€2.900", "Category": "Bike - Motocross", "Registration": "5 / 2011", "Mileage": "2,000 km", "Fuel type": "Gasoline", "Cubic capacity": "449 cc", "Power": "55 bhp", "Color": "White", "Kteo to": "02 / 2020", "Previous owners": "2", "Modified": "18 days", "Times clicked": "203", "Short link": "www.car.gr/10104330", "Telephone": "None"}, "ad_seller": {}, "metadata": {"type": "Bikes", "brand": "Husqvarna", "model": "TC 449"}, "extras": ["Car Exchange", "Electric starter", "Exchange with Moto accepted", "Four-stroke engine", "Sidestand", "Skid Plate", "Spoke wheels"], "description": "Αριστη κατασταση,χωρις αγωνες,καινουριο πισω λαστιχο δεκτος έλεγχος, δεκτες ανταλλαγές.Τιμη ανταλλαγής 3400€. - Less - "}