{"query": {"url": "https://www.car.gr/10189622-honda-cbr-900rr-fireblade-cbr900rr-fireblade", "type": "CAR_ADDE", "trial_count": 1, "last_processed": 1553094887}, "title": "Honda CBR 900RR Fireblade Cbr900rr fireblade '97", "ad_id": "10189622", "ad_data": {"Make/Model": "Honda CBR 900RR Fireblade Cbr900rr fireblade '97", "Classified number": "10189622", "Price": "€1.900", "Category": "Bike - Super Sport", "Registration": "6 / 1997", "Mileage": "60,000 km", "Fuel type": "Gasoline", "Cubic capacity": "919 cc", "Power": "140 bhp", "Color": "Black (Metallic)", "Kteo to": "07 / 2020", "Liters/100km": "8 (Μικτό)", "Modified": "2 days", "Times clicked": "76", "Short link": "www.car.gr/10189622", "Telephone": "None"}, "ad_seller": {}, "metadata": {"type": "Bikes", "brand": "Honda", "model": "CBR 900RR Fireblade"}, "extras": ["Car Exchange", "Electric starter", "Gelatin"], "description": "Απο ανακατασκευη - Καινουργιο ψυγειο νερου,μπαταρια,τεντοτηρας καδενας,φρενα,τσιμουχες στα μπροστινα,ρουλεμαν παντου καινουργια ακομα και στο ψαλιδι που βιδωνει στο σκελετο,ζελατινα,ανταλλακτικα ολα honda. - Ολα τα νικελ ειναι βουρτσα εκτος απο 3 κοματια που εγιναν βουτα. - Πρωτο σταδιο φιλτρο,εξατμιση giannelli και ζιγκλερια. - Λαστιχα σαν καινουργια - Δε χρειαζεται τιποτα - Δεκτη ανταλλαγη με αυτοκινητο και αν υπαρχει διαφορα τη βρισκουμε.με ενδιαφερει καποιο οικονομικο αναλογης καταστασης εως 1300κυβικα βενζινη η αεριο οπως: - Hyundai getz - Daewoo matiz - Chevrolet aveo-kalos - Toyota corolla-yaris - ΕΚΤΟΣ ΑΠΟ CITROEN-PEUGEOT - Less - "}