{"query": {"url": "https://www.car.gr/10349269-honda-lead-lead-110-i", "type": "CAR_ADDE", "trial_count": 1, "last_processed": 1553094848}, "title": "Honda LEAD LEAD 110 I '09", "ad_id": "10349269", "ad_data": {"Make/Model": "Honda LEAD LEAD 110 I '09", "Classified number": "10349269", "Price": "€1.345", "Category": "Bike - Roller/Scooter", "Registration": "9 / 2009", "Mileage": "50,700 km", "Fuel type": "Gasoline", "Cubic capacity": "110 cc", "Power": "8 bhp", "Color": "Silver", "Previous owners": "1", "Modified": "1 day", "Times clicked": "12", "Short link": "www.car.gr/10349269", "Telephone": "+30 2310886200"}, "ad_seller": {"Dealer": "RIDERSMARKET", "Address": "ΠΑΠΑΝΑΣΤΑΣΙΟΥ31", "City": "ΘΕΣΣΑΛΟΝΙΚΗ", "": "+30 2310900013", "Fax": "+30 2310858002", "Dealer page": "https//nikitakis.car.gr/", "Website": "http//WWW.RIDERSMARKET.GR", "Open hours": "ΔΕΥΤΕΡΑ - ΠΑΡΑΣΚΕΥΗ  900-1730"}, "metadata": {"type": "Bikes", "brand": "Honda", "model": "LEAD"}, "extras": ["Automatic", "Cargo Rack", "Cast wheels", "Centerstand", "Credit card-Visa accepted", "Electric starter", "Exchange with Moto accepted", "Four-stroke engine", "Gelatin", "Injection", "Service Book", "Sidestand", "Top Box-Μπαγκαζιέρα"], "description": " ΑΝΤΙΠΡΟΣΩΠΕΙΑ HONDA-SUZUKI ΝΙΚΗΤΑΚΗΣ, ΑΝΑΤΟΛΙΚΗΣ ΘΕΣΣΑΛΟΝΙΚΗΣ - ΜΕ ΠΟΛΥΕΤΉ ΕΜΠΕΙΡΊΑ ΣΤΟ ΧΩΡΟ ΤΗΣ ΜΟΤΟΣΙΚΛΈΤΑΣ 35 ΧΡΌΝΩΝ - ΜΕ ΟΡΓΆΝΩΣΗ ΚΑΙ ΣΥΝΈΠΕΙΑ - ΣΑΣ ΠΡΟΣΦΕΡΟΥΜΕ ΆΡΙΣΤΗ ΠΟΙΌΤΗΤΑ ΥΠΗΡΕΣΙΏΝ - ΣΤΗ ΠΩΛΗΣΗ ΜΟΤΟ - ΑΞΕΣΟΥΑΡ - SERVICE - ΑΝΤΑΛΛΑΚΤΙΚΑ - ΕΛΑΣΤΙΚΑ - ΚΑΙ ΣΕ ΟΤΙ ΑΛΛΟ ΧΡΕΙΑΣΤΕΊΤΕ -ΕΚΠΤΩΤΙΚΗ ΚΑΡΤΑ RIDERSMARKET - Less - "}