{"query": {"url": "https://www.car.gr/10470006-moto-guzzi-breva-1100-breva-1100", "type": "CAR_ADDE", "trial_count": 1, "last_processed": 1553099177}, "title": "Moto Guzzi Breva 1100 BREVA 1100 '07", "ad_id": "10470006", "ad_data": {"Make/Model": "Moto Guzzi Breva 1100 BREVA 1100 '07", "Classified number": "10470006", "Price": "€6.990", "Category": "Bike - Sport Touring", "Registration": "5 / 2007", "Mileage": "15,470 km", "Fuel type": "Gasoline", "Cubic capacity": "1,100 cc", "Power": "100 bhp", "Color": "Red (Metallic)", "Kteo to": "07 / 2019", "Previous owners": "1", "Modified": "13 days", "Times clicked": "3636", "Short link": "www.car.gr/10470006", "Telephone": "+30 2665029555"}, "ad_seller": {"Dealer": "VRAKAS MOTORS", "Address": "3ΧΜΕ.Ο.ΗΓΟΥΜΕΝΙΤΣΑΣ-ΙΩΑΝΝΙΝΩΝ", "City": "ΗΓΟΥΜΕΝΙΤΣΑ", "": "+30 2665029555", "Fax": "+30 2665029556", "Dealer page": "https//vrakasmotors-cars.car.gr/"}, "metadata": {"type": "Bikes", "brand": "Moto Guzzi", "model": "Breva 1100"}, "extras": ["ABS", "Catalyst", "Centerstand", "Electric starter", "Exhaust Special", "Four-stroke engine", "Service Book", "Sidestand", "Spoke wheels", "Trip computer"], "description": "ΣΥΛΛΕΚΤΙΚΟ ΜΟΝΤΕΛΟ - Έιναι σε άριστη κατάσταση,αγορασμένο από ελληνική αντιπροσωπεία,ελαστικά καινούρια MICHELIN(έχουν κάνει μόνο 500χμ).Στα 15000χμ έχει γίνει γενικό SERVICE στην αντιπροσωπεία.Έχουν μπει extra μπροστινός ανεμοθραύστης (γνήσιος),διπλό stand και 3 βαλίτσες ταξιδίου.Η μηχανή Έχει υπολογιστή ταξιδίου , ABS και είναι καλοδουλεμένη. - Δεκτός έλεγχος - Less - "}