{"query": {"url": "https://www.car.gr/10211799-honda-cbr-1000rr-cbr-1000-rr", "type": "CAR_ADDE", "trial_count": 1, "last_processed": 1553095926}, "title": "Honda CBR 1000RR CBR 1000 RR  '07", "ad_id": "10211799", "ad_data": {"Make/Model": "Honda CBR 1000RR CBR 1000 RR  '07", "Classified number": "10211799", "Price": "€5.500", "Category": "Bike - Super Sport", "Registration": "5 / 2007", "Mileage": "16,000 km", "Fuel type": "Gasoline", "Cubic capacity": "1,000 cc", "Power": "180 bhp", "Color": "Red", "Modified": "4 days", "Times clicked": "2778", "Short link": "www.car.gr/10211799", "Telephone": "+30 2310900090"}, "ad_seller": {"Dealer": "MOTOR SHOP ENDO", "Address": "ΠΑΛΑΙΑΚΑΤΣΙΜΙΔΗ1", "City": "ΘΕΣΣΑΛΟΝΙΚΗ", "": "+30 2310900090", "Fax": "+30 2310900090", "Dealer page": "https//msendo.car.gr/"}, "metadata": {"type": "Bikes", "brand": "Honda", "model": "CBR 1000RR"}, "extras": [], "description": "τελικο arata,power comander,φιλτρο αερα,καινουργια ελαστικα dunlop sport smart αριστη κατασταση.. - Less - "}