{"query": {"url": "https://www.car.gr/10660976-ktm-640-lc4-adventure-r", "type": "CAR_ADDE", "trial_count": 1, "last_processed": 1553102351}, "title": "KTM 640 LC4 Adventure R  '00", "ad_id": "10660976", "ad_data": {"Make/Model": "KTM 640 LC4 Adventure R '00", "Classified number": "10660976", "Price": "€1.900", "Category": "Bike - On/Off", "Registration": "3 / 2000", "Mileage": "40,000 km", "Fuel type": "Gasoline", "Cubic capacity": "640 cc", "Power": "50 bhp", "Color": "Blue", "Kteo to": "03 / 2019", "Modified": "29 days", "Times clicked": "4043", "Short link": "www.car.gr/10660976", "Telephone": "None"}, "ad_seller": {}, "metadata": {"type": "Bikes", "brand": "KTM", "model": "640 LC4 Adventure R"}, "extras": [], "description": "Το μηχανάκι είναι σε άριστη κατάσταση και προσεγμένο. Special εξάτμιση. - Less - "}