{"query": {"url": "https://www.car.gr/10731003-sym-jet-14-l-c", "type": "CAR_ADDE", "trial_count": 1, "last_processed": 1553100408}, "title": "Sym Jet 14 L/C  ΥΔΡΟΨΥΚΤΟ '19", "ad_id": "10731003", "ad_data": {"Make/Model": "Sym Jet 14 L/C  ΥΔΡΟΨΥΚΤΟ '19", "Classified number": "10731003", "Price": "€2.490", "Category": "Bike - Roller/Scooter", "Registration": "2 / 2019", "Fuel type": "Gasoline", "Cubic capacity": "125 cc", "Power": "11 bhp", "Color": "Red (Metallic)", "Kteo to": "08 / 2019", "Modified": "18 days", "Times clicked": "2777", "Short link": "www.car.gr/10731003", "Telephone": "+30 2821090621"}, "ad_seller": {"Dealer": "MORTOGLOU BIKES", "Address": "ΣΚΑΛΙΔΗ&ΜΑΡΓΟΥΝΙΟΥ", "City": "ΧΑΝΙΑ", "": "+30 6947203977", "Fax": "+30 2821083161", "Dealer page": "https//mortoglou-bikes.car.gr/", "Website": "http//www.facebook.com/mortogloubikeschania"}, "metadata": {"type": "Bikes", "brand": "Sym", "model": "Jet 14"}, "extras": ["Automatic", "Cargo Rack", "Cast wheels", "Centerstand", "Electric starter", "Exchange with Moto accepted", "Exhibition", "Four-stroke engine", "Gelatin", "Led lights", "Service Book", "Sidestand", "Skid Plate"], "description": ""}