{"query": {"url": "https://www.car.gr/10554359-zongshen-200k", "type": "CAR_ADDE", "trial_count": 1, "last_processed": 1553097192}, "title": "Zongshen  200k '08", "ad_id": "10554359", "ad_data": {"Make/Model": "Zongshen 200k '08", "Classified number": "10554359", "Price": "€650", "Category": "Bike - Εnduro", "Registration": "1 / 2008", "Mileage": "58,000 km", "Fuel type": "Gasoline", "Cubic capacity": "200 cc", "Power": "15 bhp", "Color": "Black", "Modified": "8 days", "Times clicked": "90", "Short link": "www.car.gr/10554359", "Telephone": "None"}, "ad_seller": {}, "metadata": {"type": "Bikes", "brand": "Zongshen", "model": "Zongshen  200k '08 - € 650 EUR"}, "extras": [], "description": "η μηχανη δουλευη πληρης, περιοχη καρδιτσας, μαζοι με μεταβίβαση. - Less - "}