{"query": {"url": "https://www.car.gr/10554373-honda-varadero-1000-varadero-1000", "type": "CAR_ADDE", "trial_count": 1, "last_processed": 1553101108}, "title": "Honda Varadero 1000 VARADERO 1000 '07", "ad_id": "10554373", "ad_data": {"Make/Model": "Honda Varadero 1000 VARADERO 1000 '07", "Classified number": "10554373", "Price": "€5.200", "Category": "Bike - On/Off", "Registration": "6 / 2007", "Mileage": "70,000 km", "Fuel type": "Gasoline", "Cubic capacity": "1,000 cc", "Power": "92 bhp", "Color": "Black (Metallic)", "Kteo to": "12 / 2017", "Modified": "21 days", "Times clicked": "1724", "Short link": "www.car.gr/10554373", "Telephone": "None"}, "ad_seller": {}, "metadata": {"type": "Bikes", "brand": "Honda", "model": "Varadero 1000"}, "extras": ["ABS", "Bars", "Car Exchange", "Engine Guards", "TCS-TractionControl", "Top Box-Μπαγκαζιέρα"], "description": "Πωλειται Varadero 1000 injection, χαμηλωμενη και υπαρχει η τριπλετα πισω(μαμα), ατρακαριστο, με 2 βαλιτσες πλαινες, σελα με τζελ,καγκελα μπρος πισω, σε αριστη κατασταση, πρωτο χερι. Ολα τα χιλιομετρα σε εθνικη οδο. Δεκτη ανταλλαγη με αυτοκινητο 2005-2007(προτιμηση Yaris 1300 5-θυρο ). - Less - "}