{"query": {"url": "https://www.car.gr/10574977-kymco-people-gti-125-askitis-moto", "type": "CAR_ADDE", "trial_count": 1, "last_processed": 1553093533}, "title": "Kymco People GTi 125 \"ASKITIS MOTO\" '19", "ad_id": "10574977", "ad_data": {"Make/Model": "Kymco People GTi 125 \"ASKITIS MOTO\" '19", "Classified number": "10574977", "Price": "€3.295", "Category": "Bike - Roller/Scooter", "Registration": "3 / 2019", "Fuel type": "Gasoline", "Cubic capacity": "125 cc", "Power": "14 bhp", "Color": "White", "Modified": "7 hours", "Times clicked": "998", "Short link": "www.car.gr/10574977", "Telephone": "+30 2108673033"}, "ad_seller": {"Dealer": "ASKITIS-MOTOSUCCESS. ΚΑΘΕΤΗ ΜΟΝΑΔΑ  KYMCO", "Address": "ΠΑΡΝΗΘΟΣ29ΚΥΨΕΛΗ", "City": "ΑΘΗΝΑ", "": "+30 6948055080", "Fax": "+30 2108673033", "Dealer page": "https//motosuccess.car.gr/", "Website": "http//www.motosuccess.gr"}, "metadata": {"type": "Bikes", "brand": "Kymco", "model": "People GTi"}, "extras": ["Catalyst", "Electric starter", "Exchange with Moto accepted", "Four-stroke engine", "Gelatin"], "description": "ΤΩΡΑ ΣΤΗΝ ASKITIS MOTOSUCCESS ΙΣΧΥΟΥΝ ΝΕΕΣ SUPER ΠΡΟΣΦΟΡΕΣ !!!!!! ΣΤΟ SERVICE ΚΑΙ ΣΤΑ ΑΝΤΑΛΛΑΚΤΙΚΑ,ΓΙΑ ΝΑ ΕΙΜΑΣΤΕ ΠΙΟ ΑΚΡΙΒΕΙΣ ΔΕΝ ΘΑ ΒΡΕΙΤΑΙ ΠΟΥΘΕΝΑ ΦΘΗΝΟΤΕΡΑ, ΔΟΚΙΜΑΣΤΕ ΜΑΣ . - Ο G5 κινητήρας στα 125 κυβικά εγγυάται απόδοση χωρίς παραχωρήσεις - Power to the People! - Απόλυτη ενεργητική ασφάλεια που εξασφαλίζει ο κινητήρας τεχνολογίας G5 της KYMCO. - Το ενισχυμένο πλαίσιο τύπου χωροδικτύωμα που σχεδίασε η KYMCO και οι μεγάλοι τροχοί 16″ εξαφανίζουν τα φαινόμενα των ταλαντώσεων και εξασφαλίζουν κράτημα, ευστάθεια και συμπεριφορά στο δρόμο ανάλογα με μεγαλύτερες μοτοσυκλέτες. - Με το επίπεδο πάτωμα και την κορυφαία εργονομία και λειτουργικότητα που προσφέρει, θα γίνει ο δυναμικός σύντροφος σε όλες τις μετακινήσεις μέσα και έξω από την πόλη. - ΒΑΣΙΚΟΣ ΕΞΟΠΛΙΣΜΟΣ: - •Kεντρικό & πλαϊνό σταντ - •Σχάρα - •Αποθηκευτικός χώρος κάτω από την σέλα και επίπεδο πάτωμα - •Πλήρης ψηφιακός-αναλογικός πίνακας οργάνων - •SMART KEY. Κεντρικός διακόπτης πολλαπλών χρήσεων (άνοιγμα σέλας) με αντικλεπτική προστασία - •Φώτα και φλάς τεχνολογίας LED - •Δισκόφρενα μεγάλου μεγέθους με 3πίστονη πλευστή δαγκάνα μπροστά και σωληνάκια υψηλής πίεσης - •Zάντες αλουμινίου 16″ - •Παροχή 12V για φόρτιση κινητού - •Ένδειξη service - EΓΓΥΗΣΗ: - Καλύπτεται από εργοστασιακή εγγύηση 2 ετών χωρίς περιορισμό χιλιομέτρων. - Less - "}