{"query": {"url": "https://www.car.gr/10574955-suzuki-bandit-1200", "type": "CAR_ADDE", "trial_count": 1, "last_processed": 1553094871}, "title": "Suzuki Bandit 1200  '98", "ad_id": "10574955", "ad_data": {"Make/Model": "Suzuki Bandit 1200 '98", "Classified number": "10574955", "Price": "€2.500", "Category": "Bike - Naked", "Registration": "1 / 1998", "Mileage": "20,000 km", "Fuel type": "Gasoline", "Cubic capacity": "1,200 cc", "Power": "120 bhp", "Color": "Black", "Modified": "2 days", "Times clicked": "9083", "Short link": "www.car.gr/10574955", "Telephone": "+30 2382083888"}, "ad_seller": {"Dealer": "XTREME MOTOSTORE", "Address": "Εγνατίας53", "City": "ΓΙΑΝΝΙΤΣΑ", "": "+30 2382083888", "Fax": "+30 2382082006", "Dealer page": "https//xtreme.car.gr/"}, "metadata": {"type": "Bikes", "brand": "Suzuki", "model": "Bandit 1200"}, "extras": ["Car Exchange", "Exchange with Moto accepted"], "description": ""}