{"query": {"url": "https://www.car.gr/10162872-suzuki-an-650-burgman", "type": "CAR_ADDE", "trial_count": 1, "last_processed": 1553097606}, "title": "Suzuki AN 650 Burgman ΑΡΙΣΤΟ!!!! '10", "ad_id": "10162872", "ad_data": {"Make/Model": "Suzuki AN 650 Burgman ΑΡΙΣΤΟ!!!! '10", "Classified number": "10162872", "Price": "€4.650", "Category": "Bike - Roller/Scooter", "Registration": "5 / 2010", "Mileage": "39,600 km", "Fuel type": "Gasoline", "Cubic capacity": "650 cc", "Power": "55 bhp", "Color": "White (Metallic)", "Modified": "9 days", "Times clicked": "4095", "Short link": "www.car.gr/10162872", "Telephone": "+30 2313035619"}, "ad_seller": {"Dealer": "KARRAS QUALITY PERFORMANCE MOTO", "Address": "ΣΜΥΡΝΗΣ63", "City": "ΕΥΟΣΜΟΣ-ΣΤΑΥΡΟΥΠΟΛΗ", "": "+30 6970343977", "Fax": "+30 2313035619", "Dealer page": "https//karras-moto.car.gr/"}, "metadata": {"type": "Bikes", "brand": "Suzuki", "model": "AN 650 Burgman"}, "extras": ["ABS", "Automatic", "Cargo Rack", "Cast wheels", "Catalyst", "Centerstand", "Electric starter", "Exhibition", "Four-stroke engine", "Gelatin", "Heated Handguards", "Remote Control", "Service Book", "Sidestand", "Top Box-Μπαγκαζιέρα", "Trip computer"], "description": "ΑΡΙΣΤΟ!!!! ΔΕΚΤΟΣ ΚΑΘΕ ΕΛΕΓΧΟΣ!!!!! 1 ΧΡΟΝΟ ΕΓΓΥΗΣΗ!!!!!FULL EXTRA!!!!! ΣΧΑΡΑ - ΒΑΛΙΤΣΑ!!!! - Less - "}