{"query": {"url": "https://www.car.gr/10571920-honda-crf-250r", "type": "CAR_ADDE", "trial_count": 1, "last_processed": 1553096210}, "title": "Honda CRF 250R  '07", "ad_id": "10571920", "ad_data": {"Make/Model": "Honda CRF 250R '07", "Classified number": "10571920", "Price": "€2.000", "Category": "Bike - Motocross", "Registration": "1 / 2007", "Fuel type": "Gasoline", "Cubic capacity": "250 cc", "Power": "46 bhp", "Color": "Red", "Modified": "4 days", "Times clicked": "308", "Short link": "www.car.gr/10571920", "Telephone": "None"}, "ad_seller": {}, "metadata": {"type": "Bikes", "brand": "Honda", "model": "CRF 250R"}, "extras": ["Exchange with Moto accepted"], "description": ""}