{"query": {"url": "https://www.car.gr/10411197-ab", "type": "CAR_ADDE", "trial_count": 1, "last_processed": 1553093765}, "title": "AB   '17", "ad_id": "10411197", "ad_data": {"Make/Model": "AB '17", "Classified number": "10411197", "Price": "€80", "Category": "Bike - Mini..Moto", "Registration": "1 / 2017", "Mileage": "11 km", "Fuel type": "Electric", "Cubic capacity": "6 cc", "Power": "6 bhp", "Color": "Red", "Kteo to": "01 / 2023", "Previous owners": "1", "Modified": "8 hours", "Times clicked": "2586", "Short link": "www.car.gr/10411197", "Telephone": "None"}, "ad_seller": {"Name": "αναστασης", "Address": "ΔΡΑΜΑP.ΔΡΑΜΑΣ"}, "metadata": {"type": "Bikes", "brand": "AB", "model": "AB   '17 - € 80 EUR"}, "extras": [], "description": "MIXANOKINITO ILEMTIKO PEDIKI MOTOSIKLETA 6 V ME MPTATARIA AKSIAS 160 EURO - Less - "}