{"query": {"url": "https://www.car.gr/10029270-kawasaki-klr-650", "type": "CAR_ADDE", "trial_count": 1, "last_processed": 1553103173}, "title": "Kawasaki KLR 650  '90", "ad_id": "10029270", "ad_data": {"Make/Model": "Kawasaki KLR 650 '90", "Classified number": "10029270", "Price": "€650", "Category": "Bike - On/Off", "Registration": "1 / 1990", "Mileage": "44,858 km", "Fuel type": "Gasoline", "Cubic capacity": "650 cc", "Power": "3 bhp", "Color": "Dark blue", "Modified": "37 days", "Times clicked": "11698", "Short link": "www.car.gr/10029270", "Telephone": "None"}, "ad_seller": {}, "metadata": {"type": "Bikes", "brand": "Kawasaki", "model": "KLR 650"}, "extras": ["Centerstand", "Electric starter", "Kick-Starter", "Sidestand", "Spoke wheels", "Top Box-Μπαγκαζιέρα"], "description": "Πρώτο χέρι αληθινά χιλιόμετρα - Πρώτο Χέρι - Δίνεται με ανταλακτικα και μπαγκαζιέρα - Less - "}