{"query": {"url": "https://www.car.gr/10373329-honda-magna-cc50", "type": "CAR_ADDE", "trial_count": 1, "last_processed": 1553103359}, "title": "Honda Magna Cc50 '96", "ad_id": "10373329", "ad_data": {"Make/Model": "Honda Magna Cc50 '96", "Classified number": "10373329", "Price": "€2.500", "Category": "Bike - Mini..Moto", "Registration": "1 / 1996", "Mileage": "2,500 km", "Fuel type": "Gasoline", "Cubic capacity": "50 cc", "Power": "15 bhp", "Color": "Silver (Metallic)", "Modified": "39 days", "Times clicked": "405", "Short link": "www.car.gr/10373329", "Telephone": "None"}, "ad_seller": {"Name": "Πέτρος", "Address": "ΠΑΙΑΝΙΑP.ΑΤΤΙΚΗΣ"}, "metadata": {"type": "Bikes", "brand": "Honda", "model": "Magna"}, "extras": ["Electric starter", "Four-stroke engine"], "description": ""}