{"query": {"url": "https://www.car.gr/10012817-ktm-450-exc", "type": "CAR_ADDE", "trial_count": 1, "last_processed": 1553101962}, "title": "KTM 450 EXC  '08", "ad_id": "10012817", "ad_data": {"Make/Model": "KTM 450 EXC '08", "Classified number": "10012817", "Price": "€3.350", "Category": "Bike - Εnduro", "Registration": "3 / 2008", "Mileage": "100 km", "Fuel type": "Gasoline", "Cubic capacity": "450 cc", "Power": "50 bhp", "Color": "Orange", "Kteo to": "11 / 2018", "Modified": "27 days", "Times clicked": "616", "Short link": "www.car.gr/10012817", "Telephone": "None"}, "ad_seller": {}, "metadata": {"type": "Bikes", "brand": "KTM", "model": "450 EXC"}, "extras": [], "description": "Σε άριστη κατάσταση όπως φενετε στης φωτογραφίες!! - Less - "}