{"query": {"url": "https://www.car.gr/10469920-brixton-bx-125-injection-bx-125-x-scrambler", "type": "CAR_ADDE", "trial_count": 1, "last_processed": 1553097519}, "title": "Brixton BX 125 Injection BX 125 X SCRAMBLER '17", "ad_id": "10469920", "ad_data": {"Make/Model": "Brixton BX 125 Injection BX 125 X SCRAMBLER '17", "Classified number": "10469920", "Price": "€2.789", "Category": "Bike - On/Off", "Registration": "1 / 2017", "Fuel type": "Gasoline", "Cubic capacity": "124 cc", "Power": "115 bhp", "Color": "Black (Metallic)", "Liters/100km": "2.7 (Μικτό)", "Modified": "8 days", "Times clicked": "48", "Short link": "www.car.gr/10469920", "Telephone": "+30 2102916028"}, "ad_seller": {"Dealer": "NIKOLAOU MOTO", "Address": "ΑΓΓΛΥΚΕΡΙΑΣ52", "City": "ΓΑΛΑΤΣΙ", "": "+30 2102928165", "Fax": "+30 2102136214", "Dealer page": "https//nikolaou-moto.car.gr/"}, "metadata": {"type": "Bikes", "brand": "Brixton", "model": "BX 125 Injection"}, "extras": ["Credit card-Visa accepted"], "description": "LED φώτα ημέρας\t - LED φλας\t - Ψηφιακός πίνακας οργάνων με αναλογικό στροφόμετρο\t - CBS – Σύστημα Συνδυασμένης Πέδησης\t - EFI – Ηλεκτρονικός Ψεκασμός Καυσίμου - Less - "}