{"query": {"url": "https://www.car.gr/10080355-ducati-900-ss-f-f", "type": "CAR_ADDE", "trial_count": 1, "last_processed": 1553099538}, "title": "Ducati 900 SS F.F.  '03", "ad_id": "10080355", "ad_data": {"Make/Model": "Ducati 900 SS F.F. '03", "Classified number": "10080355", "Price": "€4.100", "Category": "Bike - Super Sport", "Registration": "1 / 2003", "Mileage": "39,500 km", "Fuel type": "Gasoline", "Cubic capacity": "900 cc", "Power": "100 bhp", "Color": "Black (Metallic)", "Kteo to": "04 / 2019", "Modified": "14 days", "Times clicked": "207", "Short link": "www.car.gr/10080355", "Telephone": "+30 2721026364"}, "ad_seller": {"Dealer": "1.AUTO - L A G I A K O S★ ★ ★ΝΕΑ ΕΙΣΟΔΟΣ-ΚΑΛΑΜΑΤΑ★ ★ ★", "Address": "ΝΕΑΕΙΣΟΔΟΣ-ΚΑΛΑΜΑΤΑ", "City": "ΚΑΛΑΜΑΤΑ", "": "+30 6936734767", "Fax": "+30 2721026364", "Dealer page": "https//auto-lagiakos.car.gr/"}, "metadata": {"type": "Bikes", "brand": "Ducati", "model": "900 SS F.F."}, "extras": ["Car Exchange", "Centerstand", "Electric starter", "Exchange with Boat", "Exchange with Moto accepted", "Exhaust Special", "Four-stroke engine", "Gelatin"], "description": "Σε αριστη κατασταση.... - αγραντζουνιστο.... - παντα σε κλειστο γκαραζ... - δε χρειαζεται τιποτα... - θα δωθουν και δωρα αξιας... - ανταλλαγη..... - περισσοτερα απο τηλ... - Less - "}