{"query": {"url": "https://www.car.gr/10086667-suzuki-gs-500", "type": "CAR_ADDE", "trial_count": 1, "last_processed": 1553093721}, "title": "Suzuki GS 500  '05", "ad_id": "10086667", "ad_data": {"Make/Model": "Suzuki GS 500 '05", "Classified number": "10086667", "Price": "€1.800", "Category": "Bike - Street Bike", "Registration": "3 / 2005", "Mileage": "8,300 km", "Fuel type": "Gasoline", "Cubic capacity": "500 cc", "Power": "35 bhp", "Color": "Black", "Kteo to": "09 / 2017", "Modified": "8 hours", "Times clicked": "102", "Short link": "www.car.gr/10086667", "Telephone": "None"}, "ad_seller": {}, "metadata": {"type": "Bikes", "brand": "Suzuki", "model": "GS 500"}, "extras": ["Electric starter", "Service Book"], "description": "Η μηχανή είναι καινούργια. Σε άριστη κατάσταση! Πραγματικά χιλιόμετρα! - Less - "}