{"query": {"url": "https://www.car.gr/10226013-yamaha-fjr-1300-fjr-1300-abs", "type": "CAR_ADDE", "trial_count": 1, "last_processed": 1553095014}, "title": "Yamaha FJR 1300 fjr 1300 ABS '06", "ad_id": "10226013", "ad_data": {"Make/Model": "Yamaha FJR 1300 fjr 1300 ABS '06", "Classified number": "10226013", "Price": "€5.055", "Category": "Bike - Sport Touring", "Registration": "6 / 2006", "Mileage": "76,500 km", "Fuel type": "Gasoline", "Cubic capacity": "1,300 cc", "Power": "150 bhp", "Color": "Orange (Metallic)", "Kteo to": "03 / 2018", "Previous owners": "1", "Modified": "2 days", "Times clicked": "337", "Short link": "www.car.gr/10226013", "Telephone": "None"}, "ad_seller": {}, "metadata": {"type": "Bikes", "brand": "Yamaha", "model": "FJR 1300"}, "extras": ["ABS", "Alarm", "Centerstand", "Electric starter", "Exchange with Moto accepted", "Exhaust Special", "Four-stroke engine", "Gelatin", "Kick-Starter", "Led lights", "Lights Xenon", "Service Book", "Sidestand", "Skid Plate", "Top Box-Μπαγκαζιέρα", "Πλαινό καλάθι-Sidecar"], "description": " ολοκληρωμενη ανάρτηση olins με αζωτο... εξατμισεις Akrapovic και μανισιες....βαλιτσες yamaha..gps.. συναγερμο - SCORPIO SR-i800S..ANTALLAGH ME ZZR1400 H HAYABUSA 2008 - Less - "}