{"query": {"url": "https://www.car.gr/10361133-husqvarna-sm-610", "type": "CAR_ADDE", "trial_count": 1, "last_processed": 1553100243}, "title": "Husqvarna SM 610  '03", "ad_id": "10361133", "ad_data": {"Make/Model": "Husqvarna SM 610 '03", "Classified number": "10361133", "Price": "€2.000", "Category": "Bike - Super Motard", "Registration": "1 / 2003", "Mileage": "34,000 km", "Fuel type": "Gasoline", "Cubic capacity": "570 cc", "Power": "50 bhp", "Color": "Black", "Modified": "16 days", "Times clicked": "4598", "Short link": "www.car.gr/10361133", "Telephone": "None"}, "ad_seller": {}, "metadata": {"type": "Bikes", "brand": "Husqvarna", "model": "SM 610"}, "extras": [], "description": "Η μηχανή είναι σε άριστη κατάσταση, όπως φαίνεται και από τις φωτογραφίες. Πολύ δυνατό και οικονομικό. Περισσότερες πληροφορίες από το τηλέφωνο. - Less - "}