{"query": {"url": "https://www.car.gr/10229728-gilera-fuoco-500-2019", "type": "CAR_ADDE", "trial_count": 1, "last_processed": 1553099190}, "title": "Gilera Fuoco 500 ΠΛΗΡΩΜΕΝΟ ΤΟ ΣΗΜΑ 2019 '07", "ad_id": "10229728", "ad_data": {"Make/Model": "Gilera Fuoco 500 ΠΛΗΡΩΜΕΝΟ ΤΟ ΣΗΜΑ 2019 '07", "Classified number": "10229728", "Price": "€2.600", "Category": "Bike - Roller/Scooter", "Registration": "6 / 2007", "Mileage": "48,000 km", "Fuel type": "Gasoline", "Cubic capacity": "500 cc", "Power": "40 bhp", "Color": "Red", "Liters/100km": "4.5 (Εντός)", "Modified": "13 days", "Times clicked": "1", "Short link": "www.car.gr/10229728", "Telephone": "None"}, "ad_seller": {"Name": "Θανάσης", "Address": "ΚΑΛΑΜΑΡΙΑP.ΘΕΣΣΑΛΟΝΙΚΗΣ"}, "metadata": {"type": "Bikes", "brand": "Gilera", "model": "Fuoco 500"}, "extras": ["Alarm", "Automatic", "Bars", "Cargo Rack", "Catalyst", "Centerstand", "Electric starter", "Four-stroke engine", "Gelatin", "Led lights", "Service Book", "Spoke wheels", "Top Box-Μπαγκαζιέρα", "Trip computer"], "description": "Καινούργια λάστιχα. - Ζελατίνα - Βαλίτσα μεγάλη 48 λίτρα - Πλαϊνες Βαλιτσες ταξιδιου - Συνεργιαμος - Κουβέρτα γνήσια fuoco + 2η Κουβερτα TUCANO URBANO - Προσφατο σερβις (φιλτρα-λαδια) 47.000 χιλιομετρα - Εχει αλλαγμενα φωτα πορειας με led και φλας led - Καινουργια μπαταρια με τιμολογιο 05/12/2018 - Δεν σηκωνω αποκρυψεις. - Πληρωμενα τα Τελη Κυκλοφοριας 2018!!! - Κτεο δεν περναει Βαση Νομοθεσιας!!! - Δεν χρειαζεται απολυτος τιποτα!!! - Ανταλλαγή με naked εως 750cc - ΔΩΡΟ Η ΜΕΤΑΒΙΒΑΣΗ!!! - Βιβλίο Σερβις Αντιπροσωπείας - Less - "}