{"query": {"url": "https://www.car.gr/10376181-honda-xl-1000v-varadero-mk3-abs", "type": "CAR_ADDE", "trial_count": 1, "last_processed": 1553103713}, "title": "Honda XL 1000V Varadero MK3 ABS '09", "ad_id": "10376181", "ad_data": {"Make/Model": "Honda XL 1000V Varadero MK3 ABS '09", "Classified number": "10376181", "Price": "€6.000", "Category": "Bike - On/Off", "Registration": "4 / 2009", "Mileage": "60,000 km", "Fuel type": "Gasoline", "Cubic capacity": "1,000 cc", "Power": "100 bhp", "Color": "Orange (Metallic)", "Kteo to": "04 / 2019", "Modified": "42 days", "Times clicked": "403", "Short link": "www.car.gr/10376181", "Telephone": "None"}, "ad_seller": {"Name": "Γιάννης", "Address": "ΙΩΑΝΝΙΝΑP.ΙΩΑΝΝΙΝΩΝ"}, "metadata": {"type": "Bikes", "brand": "Honda", "model": "XL 1000V Varadero"}, "extras": ["ABS", "Bars", "Cargo Rack", "Cast wheels", "Centerstand", "Electric starter", "Engine Guards", "Exhaust Special", "Four-stroke engine", "Gelatin", "Kick-Starter", "Service Book", "Sidestand", "Skid Plate", "Top Box-Μπαγκαζιέρα", "Trip computer"], "description": "Η μηχανή είναι σε άριστη κατάσταση, φυλάσσεται σε κλειστό γκαράζ, πολύ καλή συντήρηση. Φοράει ανάρτηση hyperpro και εξατμίσεις remus carbon. Μαζί δίνετε τριβάλιτσο και tankbag και πολλα extra + βιβλίο σέρβις + καινούρια μπαταρία. - Less - "}