{"query": {"url": "https://www.car.gr/10357880-keeway-cityblade-125-cityblade-i-125-2019", "type": "CAR_ADDE", "trial_count": 10, "last_processed": 1553093107}, "title": "Keeway Cityblade 125 CITYBLADE i 125 2019 '19", "ad_id": "10357880", "ad_data": {"Make/Model": "Keeway Cityblade 125 CITYBLADE i 125 2019 '19", "Classified number": "10357880", "Price": "€1.800", "Category": "Bike - Roller/Scooter", "Registration": "6 / 2019", "Fuel type": "Gasoline", "Cubic capacity": "125 cc", "Power": "15 bhp", "Color": "Grey (Metallic)", "Modified": "2 hours", "Times clicked": "1078", "Short link": "www.car.gr/10357880", "Telephone": "+30 2310555598"}, "ad_seller": {"Dealer": "((((((((((((((AUTO MOTO SPACY CLUB ))))))))))))))", "Address": "ΑΝΑΓΕΝΝΗΣΕΩΣ3", "City": "ΘΕΣΣΑΛΟΝΙΚΗ", "": "+30 2394031908", "Fax": "+30 6944566698", "Dealer page": "https//auto-moto-spacy-club.car.gr/", "Website": "http//www.spacy-club.gr"}, "metadata": {"type": "Bikes", "brand": "Keeway", "model": "Cityblade 125"}, "extras": ["Automatic", "Cast wheels", "Catalyst", "Centerstand", "Exhibition", "Four-stroke engine", "Service Book", "Spoke wheels"], "description": ""}