{"query": {"url": "https://www.car.gr/10572482-kawasaki-vn-400-classic", "type": "CAR_ADDE", "trial_count": 1, "last_processed": 1553094355}, "title": "Kawasaki VN 400 Classic Άριστο Σαν Καινούριο!!! '03", "ad_id": "10572482", "ad_data": {"Make/Model": "Kawasaki VN 400 Classic Άριστο Σαν Καινούριο!!! '03", "Classified number": "10572482", "Price": "€3.350", "Category": "Bike - Chopper", "Registration": "12 / 2003", "Mileage": "16,988 km", "Fuel type": "Gasoline", "Cubic capacity": "400 cc", "Power": "35 bhp", "Color": "Dark Red (Metallic)", "Kteo to": "06 / 2019", "Previous owners": "1", "Modified": "22 hours", "Times clicked": "662", "Short link": "www.car.gr/10572482", "Telephone": "+30 2591042102"}, "ad_seller": {"Dealer": "www.giampatzis.blogspot.com<<ΜΟΤΟΚΙΝΗΣΗ ΓΙΑΜΠΑΤΖΗΣ>>", "Address": "23χλμ.Π.Ε.Ο.ΚαβαλαsΞανθης", "City": "ΧΡΥΣΟΥΠΟΛΗ", "": "+30 2591042142", "Fax": "+30 2591042142", "Dealer page": "https//auto-moto-giampatzis.car.gr/", "Website": "http//auto-moto-giampatzis.car.gr"}, "metadata": {"type": "Bikes", "brand": "Kawasaki", "model": "VN 400 Classic"}, "extras": ["Cargo Rack", "Electric starter", "Exchange with Moto accepted", "Four-stroke engine", "Sidestand", "Spoke wheels"], "description": "Η μοτοσυκλέτα είναι σε άριστη κατάσταση!!!!Σαν καινούρια!!! με 16988 χιλιάδες χιλιόμετρα.πολύ προσεγμένη!!!!.Πρόσφατα έγινε service (αλλαγή λαδιών,φίλτρου,μπουζί και μπαταρίας,τα ελαστικά και τα αλυσιδογραναζα επίσης είναι σχεδόν καινούργια!!!Έχει Έχτρα Βάση Βαλίτσας της MONORACK Μπαγκαζιερα πίσω της GIVI 46L!!! ΚΤΕΟ!!!Δυο Χρόνια!!! - Δεκτός κάθε έλεγχος. - Μόνο σοβαρές προτάσεις!!!!!!! - Ωράριο καταστήματος!!!!Από Δευτέρα έως Παρασκευή - από 10:00.πρωί έως 18:30 το απόγευμα - Δεκτές παραγγελίες 10:00.πρωί έως 17:30 το απόγευμα - Σάββατο-Κυριακή κλειστά!!!!!!!!!!!! - Και στο κινητό τηλέφωνο απαντάμε!!!! Από Δευτέρα έως Παρασκευή από 10:30.πρωί έως 17:30 το απόγευμα,εκτός Σαββάτου και Κυριακής!!!!!!!! Ευχαριστούμε !!! για την κατανόηση!!!!!!! - Less - "}