{"query": {"url": "https://www.car.gr/10253039-kymco-jetix-125", "type": "CAR_ADDE", "trial_count": 1, "last_processed": 1553099994}, "title": "Kymco Jetix 125  '14", "ad_id": "10253039", "ad_data": {"Make/Model": "Kymco Jetix 125 '14", "Classified number": "10253039", "Price": "€1.150", "Category": "Bike - Underbone", "Registration": "8 / 2014", "Mileage": "5,000 km", "Fuel type": "Gasoline", "Cubic capacity": "125 cc", "Power": "10 bhp", "Color": "Black (Metallic)", "Modified": "16 days", "Times clicked": "177", "Short link": "www.car.gr/10253039", "Telephone": "None"}, "ad_seller": {}, "metadata": {"type": "Bikes", "brand": "Kymco", "model": "Jetix 125"}, "extras": ["Alarm", "Led lights", "Lights Xenon"], "description": "Πωλείται Kymco Jetyx 125 σε υπεράριστη κατάσταση όπως θα δείτε και στις φωτογραφίες, είναι ελάχιστα δουλεμένο με μόλις 5,000 χιλιόμετρα περίπου, έχει xenon φώτα και συναγερμό. - Μαζι θα δοθούν δώρο βάση για μπαγαζιέρα και μια μπαγαζιέρα. - (Εάν δεν απατήσω στο τηλ λόγο δουλειάς θα σας καλέσω εγώ) - Less - "}