{"query": {"url": "https://www.car.gr/10447782-kawasaki-kle-400", "type": "CAR_ADDE", "trial_count": 1, "last_processed": 1553103986}, "title": "Kawasaki KLE 400  '97", "ad_id": "10447782", "ad_data": {"Make/Model": "Kawasaki KLE 400 '97", "Classified number": "10447782", "Price": "€1.600", "Category": "Bike - On/Off", "Registration": "5 / 1997", "Mileage": "64,600 km", "Fuel type": "Gasoline", "Cubic capacity": "400 cc", "Power": "40 bhp", "Color": "Green (Metallic)", "Modified": "44 days", "Times clicked": "1455", "Short link": "www.car.gr/10447782", "Telephone": "+30 2102020208"}, "ad_seller": {"Dealer": "ΔΙΤΡΟΧΟ", "Address": "Λ.ΙΩΝΙΑΣ216", "City": "ΑΘΗΝΑ", "": "+30 2102020208", "Fax": "+30 2102012242", "Dealer page": "https//ditroxo.car.gr/"}, "metadata": {"type": "Bikes", "brand": "Kawasaki", "model": "KLE 400"}, "extras": [], "description": ""}