{"query": {"url": "https://www.car.gr/10425717-yamaha-rd-350-rd-350", "type": "CAR_ADDE", "trial_count": 10, "last_processed": 1553092909}, "title": "Yamaha RD 350 RD 350  '83", "ad_id": "10425717", "ad_data": {"Make/Model": "Yamaha RD 350 RD 350  '83", "Classified number": "10425717", "Price": "€3.500", "Category": "Bike - Super Sport", "Registration": "1 / 1983", "Mileage": "19,200 km", "Fuel type": "Gasoline", "Cubic capacity": "349 cc", "Power": "65 bhp", "Color": "Red (Metallic)", "Modified": "2 hours", "Times clicked": "14109", "Short link": "www.car.gr/10425717", "Telephone": "+30 2810319529"}, "ad_seller": {"Dealer": "AUTO-AΓΟΡΑ", "Address": "ΕΙΡΗΝΗΣ-ΦΙΛΙΑΣ45.ΑΓ,ΙΩΑΝΝΗΣΧΩΣΤΟΣ-ΗΡΑΚΛΕΙΟ", "City": "ΗΡΑΚΛΕΙΟ", "": "+30 6933397483", "Dealer page": "https//bstelios.car.gr/"}, "metadata": {"type": "Bikes", "brand": "Yamaha", "model": "RD 350"}, "extras": [], "description": ""}