{"query": {"url": "https://www.car.gr/10398655-honda-cbr-1100-xx-super-blackbird-cbr-xx-1100", "type": "CAR_ADDE", "trial_count": 1, "last_processed": 1553096984}, "title": "Honda CBR 1100 XX Super Blackbird CBR XX 1100 '00", "ad_id": "10398655", "ad_data": {"Make/Model": "Honda CBR 1100 XX Super Blackbird CBR XX 1100 '00", "Classified number": "10398655", "Price": "€2.800", "Category": "Bike - Sport Touring", "Registration": "1 / 2000", "Mileage": "90,000 km", "Fuel type": "Gasoline", "Cubic capacity": "1,100 cc", "Power": "160 bhp", "Color": "Blue (Metallic)", "Kteo to": "08 / 2017", "Liters/100km": "4 (Εντός)/4 (Εκτός)/4 (Μικτό)", "Modified": "7 days", "Times clicked": "88", "Short link": "www.car.gr/10398655", "Telephone": "None"}, "ad_seller": {}, "metadata": {"type": "Bikes", "brand": "Honda", "model": "CBR 1100 XX Super Blackbird"}, "extras": ["Exchange with Moto accepted"], "description": "Απο γενικο service, αλυσογραναζα καινουρια afam. - Less - "}