{"query": {"url": "https://www.car.gr/10235174-harley-davidson-xl-1200-n-nightster", "type": "CAR_ADDE", "trial_count": 1, "last_processed": 1553093652}, "title": "Harley Davidson XL 1200 N Nightster  '08", "ad_id": "10235174", "ad_data": {"Make/Model": "Harley Davidson XL 1200 N Nightster '08", "Classified number": "10235174", "Price": "€6.800", "Category": "Bike - Custom", "Registration": "8 / 2008", "Mileage": "54,500 km", "Fuel type": "Gasoline", "Cubic capacity": "1,200 cc", "Power": "85 bhp", "Color": "Orange (Metallic)", "Previous owners": "1", "Modified": "7 hours", "Times clicked": "2792", "Short link": "www.car.gr/10235174", "Telephone": "+30 2310918883"}, "ad_seller": {"Dealer": "MOTOR1ACE", "Address": "ΠΑΠΑΦΗ40", "City": "ΘΕΣΣΑΛΟΝΙΚΗ", "": "+30 2310918883", "Dealer page": "https//motor1ace.car.gr/", "Open hours": "ΔΕ-ΠΑ 900-1800"}, "metadata": {"type": "Bikes", "brand": "Harley Davidson", "model": "XL 1200 N Nightster"}, "extras": ["Alarm", "Cargo Rack", "Electric starter", "Exhaust Special", "Exhibition", "Four-stroke engine", "Service Book", "Sidestand", "Spoke wheels"], "description": "Έχουν γίνει όλα τα προβλεπόμενα σέρβις σύμφωνα με το manual.Είναι έτοιμη για βόλτα! - Η μηχανή διαθέτει: -Τελικά Screaming Eagle -Mπαταρία Motobatt -Καινούριο ιμάντα κίνησης -Σχάρα αποσκευών (για μονόσελο) ή σέλακι συνεπιβάτη -Grips τιμονιού -Ελαστικά σε καλή κατάσταση -Καινούρια ελατήρια μπροστινής ανάρτησης - Για περισσότερες πληροφορίες επικοινωνήστε μαζί μας! - Less - "}