{"query": {"url": "https://www.car.gr/10020609-yamaha-t-max-500", "type": "CAR_ADDE", "trial_count": 1, "last_processed": 1553094862}, "title": "Yamaha T-MAX 500  '03", "ad_id": "10020609", "ad_data": {"Make/Model": "Yamaha T-MAX 500 '03", "Classified number": "10020609", "Price": "€2.200", "Category": "Bike - Roller/Scooter", "Registration": "4 / 2003", "Mileage": "28,500 km", "Fuel type": "Gasoline", "Cubic capacity": "500 cc", "Power": "45 bhp", "Color": "Black", "Modified": "2 days", "Times clicked": "22263", "Short link": "www.car.gr/10020609", "Telephone": "+30 2322024757"}, "ad_seller": {"Dealer": "ΜΟΤΟ ΠΑΠΙΚΑΣ", "Address": "ΤΕΡΠΝΗ-ΣΕΡΡΩΝ", "City": "ΝΙΓΡΙΤΑ", "": "+30 6987172395", "Fax": "+30 2322024757", "Dealer page": "https//moto-papikas.car.gr/", "Website": "http//motopapikas-eshop.blogspot.gr/", "Open hours": "Δευτέρα-Παρασκευή 830-1530 & 1800-2130 Τετάρτης-Σάββατο 830-1800"}, "metadata": {"type": "Bikes", "brand": "Yamaha", "model": "T-MAX 500"}, "extras": [], "description": ""}