{"query": {"url": "https://www.car.gr/10195453-honda-xl-1000v-varadero", "type": "CAR_ADDE", "trial_count": 1, "last_processed": 1553102690}, "title": "Honda XL 1000V Varadero  '06", "ad_id": "10195453", "ad_data": {"Make/Model": "Honda XL 1000V Varadero '06", "Classified number": "10195453", "Price": "€3.600", "Category": "Bike - On/Off", "Registration": "1 / 2006", "Mileage": "84,000 km", "Fuel type": "Gasoline", "Cubic capacity": "1,000 cc", "Power": "95 bhp", "Color": "Black (Metallic)", "Kteo to": "11 / 2019", "Previous owners": "1", "Modified": "33 days", "Times clicked": "558", "Short link": "www.car.gr/10195453", "Telephone": "None"}, "ad_seller": {}, "metadata": {"type": "Bikes", "brand": "Honda", "model": "XL 1000V Varadero"}, "extras": ["Cargo Rack", "Engine Guards", "Four-stroke engine", "Sidestand", "Top Box-Μπαγκαζιέρα"], "description": "ΤΟ ΜΗΧΑΝΑΚΙ ΕΙΝΑΙ ΑΨΟΓΟ ΚΑΙ ΕΧΕΙ ΚΑΙΝΟΥΡΓΙΑ ΕΛΑΣΤΙΚΑ - Less - "}