{"query": {"url": "https://www.car.gr/10355484-honda-c50c", "type": "CAR_ADDE", "trial_count": 1, "last_processed": 1553097833}, "title": "Honda  C50C (στρογγυλοφαναρο) '94", "ad_id": "10355484", "ad_data": {"Make/Model": "Honda C50C (στρογγυλοφαναρο) '94", "Classified number": "10355484", "Price": "€1.000", "Category": "Bike - Underbone", "Registration": "1 / 1994", "Mileage": "50,700 km", "Fuel type": "Gasoline", "Cubic capacity": "50 cc", "Power": "5 bhp", "Color": "Dark blue", "Modified": "9 days", "Times clicked": "335", "Short link": "www.car.gr/10355484", "Telephone": "None"}, "ad_seller": {"Name": "ΑΧΙΛΛΕΑΣ", "Address": "ΒΡΙΛΗΣΣΙΑP.ΑΤΤΙΚΗΣ"}, "metadata": {"type": "Bikes", "brand": "Honda", "model": "Honda  C50C (στρογγυλοφαναρο) '94 - € 1.000 EUR"}, "extras": [], "description": "HONDA C50 μονόσελο,στρογγυλοφάναρο, 12V. Το μηχανακι εχει κανει πληρες σερβις με καινουργια λαδια,μπουζι,καθαρισμα και ρυθμισμα καρμπυρατερ, νεα φιλτρα(αερος, λαδιου),νεοι δισκοι συμπλεκτη και καινουργια ντιζα γκαζιου. - Less - "}