{"query": {"url": "https://www.car.gr/10419598-daytona-dy-r-125-dy125-rs", "type": "CAR_ADDE", "trial_count": 1, "last_processed": 1553094752}, "title": "Daytona DY-R 125 DY125 RS '17", "ad_id": "10419598", "ad_data": {"Make/Model": "Daytona DY-R 125 DY125 RS '17", "Classified number": "10419598", "Price": "€1.395", "Category": "Bike - Underbone", "Registration": "1 / 2017", "Fuel type": "Gasoline", "Cubic capacity": "125 cc", "Power": "85 bhp", "Color": "Blue (Metallic)", "Modified": "1 hour", "Times clicked": "3091", "Short link": "www.car.gr/10419598", "Telephone": "+30 2106616016"}, "ad_seller": {"Dealer": "Papanikolakis Moto", "Address": "ΚΛΕΙΣΘΕΝΟΥΣ48", "City": "ΓΕΡΑΚΑΣ", "": "+30 2106616016", "Fax": "+30 2106616016", "Dealer page": "https//papanikolakis.car.gr/", "Website": "http//www.papanikolakis.gr", "Open hours": "Δευτέρα εώς Παρασκευή 830-730"}, "metadata": {"type": "Bikes", "brand": "Daytona", "model": "DY-R 125"}, "extras": ["Alarm", "Cast wheels", "Centerstand", "Credit card-Visa accepted", "Electric starter", "Exchange with Moto accepted", "Four-stroke engine", "Kick-Starter", "Semiautomatic", "Service Book", "Top Box-Μπαγκαζιέρα"], "description": "Μαζί με την αγορά σας προσφέρουμε: - *Συναγερμό - *Μπαγαζιέρα - *Λουκέτο δισκοφρένου - *Κουκούλα - *Δωρεάν τοποθέτηση - *Δωρεάν εργασία στο πρώτο σέρβις - *Δυνατότητα δόσεων με πιστωτική κάρτα - *Έκπτωση μέχρι και -20% στα αξεσουάρ με την αγορά σας - Δείτε το στο κατάστημα Papanikolakis Moto και ενημερωθείτε για ευνοικά πακέτα πληρωμών - Όταν μας επισκεφθείτε θα διαπιστώσετε την φιλική μας εξυπηρέτηση καθώς και την πολύχρονη εμπειρία μας - Κάνετε like στην σελίδα μας στο F/B Papanikolakis-Moto για να ενημερώνεστε για νέα-προσφορές του καταστηματός μας - •Κινητήρας τετράχρονος 4 ταχυτήτων, ημιααυτόματο. - •Σύστημα συνδυασμένης πέδησης – CBS - •Σύστημα ηλεκτρονικού ψεκασμού καυσίμου (EFI) - •Ενισχυμένο πλαίσιο, άκαμπτο για σταθερή οδήγηση. - •Πλαστικοποιημένη σχάρα αποσκευών. - •Πίσω – Εμπρός Δισκόφρενo - •Μασπιέ συνοδηγού αλουμινίου - •Νέα μεταλλικά χρώματα με κορυφαία βαφή και φινίρισμα. - •Ισχυρός προβολέας για ασφαλή οδήγηση. - •Αξιόπιστος, δυνατός κινητήρας σύγχρονης τεχνολογίας κατασκευασμένος σε σειρά παραγωγής, με πιστοποιητικό ποιότητας ISO 9001. - •Οικονομικό, με αξεπέραστη δοκιμασμένη ποιότητα, για απροβλημάτιστα χιλιόμετρα - Less - "}