{"query": {"url": "https://www.car.gr/10275548-triumph-trophy-se-trophy-1200-se", "type": "CAR_ADDE", "trial_count": 1, "last_processed": 1553093821}, "title": "Triumph Trophy SE TROPHY 1200 SE '12", "ad_id": "10275548", "ad_data": {"Make/Model": "Triumph Trophy SE TROPHY 1200 SE '12", "Classified number": "10275548", "Price": "€9.900", "Category": "Bike - Sport Touring", "Registration": "11 / 2012", "Mileage": "34,650 km", "Fuel type": "Gasoline", "Cubic capacity": "1,200 cc", "Power": "135 bhp", "Color": "Grey (Metallic)", "Kteo to": "01 / 2019", "Liters/100km": "5 (Εντός)/3 (Εκτός)/4.2 (Μικτό)", "Modified": "8 hours", "Times clicked": "1328", "Short link": "www.car.gr/10275548", "Telephone": "None"}, "ad_seller": {}, "metadata": {"type": "Bikes", "brand": "Triumph", "model": "Trophy SE"}, "extras": ["ABS", "Alarm", "Cast wheels", "Catalyst", "Centerstand", "Electric starter", "Four-stroke engine", "Gelatin", "Heated Handguards", "Kick-Starter", "Led lights", "Remote Control", "Service Book", "Sidestand", "Spoke wheels", "TCS-TractionControl", "Top Box-Μπαγκαζιέρα", "Trip computer"], "description": "Αριστη κατάσταση φυλασσόμενο σε κλειστό παρκινκ,full extra,πλούσια εκδοση,3 μπαγκαζιέρες και βαλιτσάκι ρεζερβουαρ,ηλεκτρονική ανάρτηση,ride by wire ,ηλεκτρονική προφόρτιση ανάρτησης,επιλογή normal comfort sport ,135hp, ροπή 125 ,trip computer,θερμαινόμενη σέλα μπρός ,πίσω και grip, ρυθμιζομενες μανετες,satelite radio, ράδιο fm,bluetooth,υποδοχη usb.υποδοχή smart phone ή mp3 ,3 μπριζες μπρος πίσω,ηλεκτρικά ρυθμιζόμενος ανεμοθώρακας με μνήμη,μετάδοση με άξονα,εργοστασιακός συναγερμός,βιβλίο service Triumph,auto pilot .ΑΒS,αμορτισερ WP ,ηλεκτρονική ένδειξη πίεσης ελαστικών,καινούργια ελαστικά. - Less - "}