{"query": {"url": "https://www.car.gr/10697447-kawasaki-kx-250f", "type": "CAR_ADDE", "trial_count": 8, "last_processed": 1553093126}, "title": "Kawasaki KX 250F  '16", "ad_id": "10697447", "ad_data": {"Make/Model": "Kawasaki KX 250F '16", "Classified number": "10697447", "Price": "€5.000", "Category": "Bike - Motocross", "Registration": "1 / 2016", "Mileage": "20 km", "Fuel type": "Gasoline", "Cubic capacity": "250 cc", "Power": "40 bhp", "Color": "Green", "Modified": "4 hours", "Times clicked": "787", "Short link": "www.car.gr/10697447", "Telephone": "None"}, "ad_seller": {}, "metadata": {"type": "Bikes", "brand": "Kawasaki", "model": "KX 250F"}, "extras": ["Kick-Starter"], "description": "Άριστο, δεκτός κάθε έλεγχος. Μόνο δέκα ώρες λειτουργίας, όχι πίστα και πολλά αξεσουάρ-αναλώσιμα. - Less - "}