{"query": {"url": "https://www.car.gr/10421962-yamaha-fz1-naked", "type": "CAR_ADDE", "trial_count": 1, "last_processed": 1553097493}, "title": "Yamaha FZ1 Naked  '07", "ad_id": "10421962", "ad_data": {"Make/Model": "Yamaha FZ1 Naked '07", "Classified number": "10421962", "Price": "€9.000", "Category": "Bike - Naked", "Registration": "1 / 2007", "Mileage": "11,000 km", "Fuel type": "Gasoline", "Cubic capacity": "1,000 cc", "Power": "160 bhp", "Color": "Grey", "Kteo to": "09 / 2017", "Liters/100km": "11 (Εντός)/0.8 (Εκτός)/10 (Μικτό)", "Modified": "8 days", "Times clicked": "3984", "Short link": "www.car.gr/10421962", "Telephone": "None"}, "ad_seller": {}, "metadata": {"type": "Bikes", "brand": "Yamaha", "model": "FZ1 Naked"}, "extras": ["Alarm", "Exchange with Moto accepted", "Exhaust Special", "Exhibition", "Four-stroke engine", "Led lights", "Service Book"], "description": ""}