{"query": {"url": "https://www.car.gr/10364568-honda-integra-700-integra-s", "type": "CAR_ADDE", "trial_count": 1, "last_processed": 1553097158}, "title": "Honda Integra 700 INTEGRA S '16", "ad_id": "10364568", "ad_data": {"Make/Model": "Honda Integra 700 INTEGRA S '16", "Classified number": "10364568", "Price": "€8.200", "Category": "Bike - On/Off", "Registration": "2 / 2016", "Mileage": "3,000 km", "Fuel type": "Gasoline", "Cubic capacity": "745 cc", "Power": "4 bhp", "Color": "Black", "Previous owners": "1", "Modified": "8 days", "Times clicked": "4559", "Short link": "www.car.gr/10364568", "Telephone": "+30 2109957029"}, "ad_seller": {"Dealer": "POWER TEAM", "Address": "ΛΕΩΦ.ΒΟΥΛΙΑΓΜΕΝΗΣ600Α", "City": "ΑΡΓΥΡΟΥΠΟΛΗ", "": "+30 6943689378", "Dealer page": "https//power-team.car.gr/", "Website": "http//www.power-team.gr"}, "metadata": {"type": "Bikes", "brand": "Honda", "model": "Integra 700"}, "extras": [], "description": ""}