{"query": {"url": "https://www.car.gr/10000682-jawa-350cc-634-638-640", "type": "CAR_ADDE", "trial_count": 1, "last_processed": 1553105207}, "title": "Jawa  350CC 634-638-640 '92", "ad_id": "10000682", "ad_data": {"Make/Model": "Jawa 350CC 634-638-640 '92", "Classified number": "10000682", "Price": "€10", "Category": "Bike - Naked", "Registration": "10 / 1992", "Mileage": "25,000 km", "Fuel type": "Gasoline", "Cubic capacity": "350 cc", "Power": "25 bhp", "Color": "Silver", "Liters/100km": "5 (Εντός)/3.5 (Εκτός)/4 (Μικτό)", "Previous owners": "1", "Modified": "17 days", "Times clicked": "5409", "Short link": "www.car.gr/10000682", "Telephone": "None"}, "ad_seller": {}, "metadata": {"type": "Bikes", "brand": "Jawa", "model": "Jawa  350CC 634-638-640 '92 - € 10 EUR"}, "extras": [], "description": "Jawa 350 σε αρίστη κατάσταση με υπευθηνη δηλωση - Less - "}