{"query": {"url": "https://www.car.gr/10418477-kymco-people-300-gti", "type": "CAR_ADDE", "trial_count": 1, "last_processed": 1553105217}, "title": "Kymco  PEOPLE 300 GTI '11", "ad_id": "10418477", "ad_data": {"Make/Model": "Kymco PEOPLE 300 GTI '11", "Classified number": "10418477", "Price": "€1", "Category": "Bike - Roller/Scooter", "Registration": "5 / 2011", "Mileage": "38,000 km", "Fuel type": "Gasoline", "Cubic capacity": "300 cc", "Power": "33 bhp", "Color": "Silver", "Modified": "29 days", "Times clicked": "635", "Short link": "www.car.gr/10418477", "Telephone": "+30 6937085732"}, "ad_seller": {"Dealer": "ZACHOS CARS", "Address": "ΚΕΦΑΛΟΝΙΑΑΡΓΟΣΤΟΛΙ", "City": "ΑΡΓΟΣΤΟΛΙ", "": "+30 2671041151", "Fax": "+30 2671041151", "Dealer page": "https//zahos-cars.car.gr/"}, "metadata": {"type": "Bikes", "brand": "Kymco", "model": "Kymco  PEOPLE 300 GTI '11 - € 1 EUR"}, "extras": ["Automatic", "Car Exchange", "Centerstand", "Electric starter", "Exchange with Boat", "Exchange with Moto accepted", "Four-stroke engine", "Gelatin", "Kick-Starter", "Sidestand", "Skid Plate", "Spoke wheels", "Top Box-Μπαγκαζιέρα"], "description": "Ανεμοθωρακας εμπρος, λαστιχα 12 μηνων, καλυμμα σελας αντιολισθηρο, μπαταρια 12 μηνων, με δεικτη θερμοκρασιας, τετραχρονο υδροψυκτο, απο service λαδια-φιλτρα-βαλβολινες διαφορικου, ΕΠΟΜΕΝΟ ΜΕΓΑΛΟ SERVICE ΣΕ 15000ΧΛΜ, δισκοφρενα μπροστα-πισω, 2 κλειδια, μπαγκαζιερα 44 λιτρα, διχρωμο μεταλλικο, ΠΟΛΥ ΚΑΛΗ ΚΑΤΑΣΤΑΣΗ. - Less - "}