{"query": {"url": "https://www.car.gr/10472786-piaggio-beverly-200", "type": "CAR_ADDE", "trial_count": 1, "last_processed": 1553102814}, "title": "Piaggio Beverly 200  '03", "ad_id": "10472786", "ad_data": {"Make/Model": "Piaggio Beverly 200 '03", "Classified number": "10472786", "Price": "€1.200", "Category": "Bike - Roller/Scooter", "Registration": "1 / 2003", "Mileage": "1 km", "Fuel type": "Gasoline", "Cubic capacity": "200 cc", "Power": "2 bhp", "Color": "Blue", "Kteo to": "05 / 2019", "Modified": "35 days", "Times clicked": "253", "Short link": "www.car.gr/10472786", "Telephone": "None"}, "ad_seller": {}, "metadata": {"type": "Bikes", "brand": "Piaggio", "model": "Beverly 200"}, "extras": ["Alarm", "Car Exchange", "Electric starter", "Four-stroke engine", "Service Book", "Top Box-Μπαγκαζιέρα"], "description": "Βαλιτσακι..βαση και τζαμί καινουριο..μπαταρία καινούρια..λειτουργια αψογη ..λαστηχα περασμενα 2017.Γενικό service επισκευή μπουκάλες10/2018δεκτός ελενχος. - Πωλητέ για αγορά αυτοκινήτου και μονο..μανησιο χρώμα.. - Less - "}