{"query": {"url": "https://www.car.gr/10450911-kymco-dink-200-dink200i", "type": "CAR_ADDE", "trial_count": 1, "last_processed": 1553096381}, "title": "Kymco Dink 200 DINK200I '08", "ad_id": "10450911", "ad_data": {"Make/Model": "Kymco Dink 200 DINK200I '08", "Classified number": "10450911", "Price": "€1.499", "Category": "Bike - Roller/Scooter", "Registration": "12 / 2008", "Mileage": "21,313 km", "Fuel type": "Gasoline", "Cubic capacity": "200 cc", "Power": "22 bhp", "Color": "Silver (Metallic)", "Previous owners": "2", "Modified": "5 days", "Times clicked": "1037", "Short link": "www.car.gr/10450911", "Telephone": "+30 2510229276"}, "ad_seller": {"Dealer": "ΜΟΤΟ ΤΣΟΥΡΟΥΣ", "Address": "ΕΛΛΗΝΙΚΗΣΔΗΜΟΚΡΑΤΙΑΣ21", "City": "ΚΑΒΑΛΑ", "": "+30 6982893300", "Fax": "+30 2510232827", "Dealer page": "https//mototsoyroys.car.gr/"}, "metadata": {"type": "Bikes", "brand": "Kymco", "model": "Dink 200"}, "extras": ["Cargo Rack", "Electric starter", "Exchange with Moto accepted", "Four-stroke engine", "Sidestand", "Spoke wheels"], "description": "se aristi katastasi dektos elenhos efkeria!!! - Less - "}