{"query": {"url": "https://www.car.gr/10208809-sym-vs-150", "type": "CAR_ADDE", "trial_count": 1, "last_processed": 1553105073}, "title": "Sym VS 150  '06", "ad_id": "10208809", "ad_data": {"Make/Model": "Sym VS 150 '06", "Classified number": "10208809", "Price": "€1", "Category": "Bike - Roller/Scooter", "Registration": "1 / 2006", "Mileage": "10,000 km", "Fuel type": "Gasoline", "Cubic capacity": "150 cc", "Power": "10 bhp", "Color": "Silver", "Modified": "2 days", "Times clicked": "11", "Short link": "www.car.gr/10208809", "Telephone": "None"}, "ad_seller": {}, "metadata": {"type": "Bikes", "brand": "Sym", "model": "VS 150"}, "extras": [], "description": " Όλα τα χαρτιά του..φυλαγμένο σε γκαραζ..Σε πολύ καλή κατάσταση - Less - "}