{"query": {"url": "https://www.car.gr/10416497-honda-forza-250-6", "type": "CAR_ADDE", "trial_count": 1, "last_processed": 1553095435}, "title": "Honda Forza 250 ΕΧ 6 ταχυτήτων '06", "ad_id": "10416497", "ad_data": {"Make/Model": "Honda Forza 250 ΕΧ 6 ταχυτήτων '06", "Classified number": "10416497", "Price": "€3.500", "Category": "Bike - Roller/Scooter", "Registration": "10 / 2006", "Mileage": "16,000 km", "Fuel type": "Gasoline", "Cubic capacity": "249 cc", "Power": "22 bhp", "Color": "Black (Metallic)", "Kteo to": "10 / 2019", "Liters/100km": "3.5 (Μικτό)", "Modified": "2 days", "Times clicked": "2194", "Short link": "www.car.gr/10416497", "Telephone": "None"}, "ad_seller": {"Name": "Γιάννης", "Address": "ΚΑΣΤΟΡΙΑP.ΚΑΣΤΟΡΙΑΣ"}, "metadata": {"type": "Bikes", "brand": "Honda", "model": "Forza 250"}, "extras": ["ABS", "Centerstand", "Electric starter", "Four-stroke engine", "Lights Xenon", "Semiautomatic", "Service Book", "Sidestand", "Trip computer"], "description": "Ηλεκτρονικά ελεγχόμενη μετάδοση S-MATIC με τις εξής λειτουργίες: - 1) ΑΥΤΟΜΑΤΗ συνεχώς μεταβαλλόμενων σχέσεων, με επιλογές: - α. DRIVE για οικονομική οδήγηση. - β. SPORT για πιο άμεση απόκριση. - 2) ΣΕΙΡΙΑΚΗ 6 σχέσεων χωρίς συμπλέκτη και με διακόπτη ανεβάσματος-κατεβάσματος στο αριστερό χέρι. - Φρένα με ABS και CBS (η αριστερή μανέτα φρενάρει και τους 2 τροχούς), σύστημα IMMOBILIZER με ηλεκτρονική κάρτα (πομποδέκτη) αντί για κλειδί, χειρόφρενο, υψηλός ανεμοθώρακας της Honda, ελαστικά Michelin City Grip, τεράστιοι αποθηκευτικοί χώροι για 2 full face κράνη και επιπλέον αντικείμενα, κιτ εργαλείων, μοντέλο εξολοκλήρου κατασκευασμένο στην Ιαπωνία, ΑΨΕΓΑΔΙΑΣΤΟ. - Υψηλής απόδοσης σύστημα ηλεκτρονικού ψεκασμού PGM-FI για εξαιρετική οικονομία στην μετακίνηση: - Με 60Km/h : 2.2lt/100Km - Με 80Km/h : 2.8lt/100Km - Με 100Km/h : 3.4lt/100Km - Ετήσια τέλη κυκλοφορίας 22€ (πληρωμένο το 2019). - Δώρα: Αυθεντικό Honda φιμέ παρμπριζάκι (φαίνεται στην τελευταία foto), κλειδαριά δισκόφρενου, κλειδαριά κουλούρα, αδιάβροχη κουκούλα προστασίας, 1 jet κράνος, κιτ επισκευής ελαστικών με 3 φιάλες πεπιεσμένου αέρα, ενδοεπικοινωνία οδηγού-συνοδηγού. - Less - "}