{"query": {"url": "https://www.car.gr/10637393-sym-joyride-200", "type": "CAR_ADDE", "trial_count": 1, "last_processed": 1553095718}, "title": "Sym Joyride 200  '07", "ad_id": "10637393", "ad_data": {"Make/Model": "Sym Joyride 200 '07", "Classified number": "10637393", "Price": "€950", "Category": "Bike - Roller/Scooter", "Registration": "1 / 2007", "Mileage": "18,156 km", "Fuel type": "Gasoline", "Cubic capacity": "200 cc", "Power": "4 bhp", "Color": "Grey", "Modified": "3 days", "Times clicked": "665", "Short link": "www.car.gr/10637393", "Telephone": "None"}, "ad_seller": {}, "metadata": {"type": "Bikes", "brand": "Sym", "model": "Joyride 200"}, "extras": [], "description": "einai apsogo litourgika k opws t vlepete sts foto i pinakides exoun katatethi edw k ena xrono ola t servis stn wra tous pragmatika xiliometra perisotera apo til....!! - Less - "}