{"query": {"url": "https://www.car.gr/10085713-kawasaki-versys-650", "type": "CAR_ADDE", "trial_count": 1, "last_processed": 1553099621}, "title": "Kawasaki Versys 650 Κατάσταση βιτρίνας  '09", "ad_id": "10085713", "ad_data": {"Make/Model": "Kawasaki Versys 650 Κατάσταση βιτρίνας  '09", "Classified number": "10085713", "Price": "€3.850", "Category": "Bike - On/Off", "Registration": "1 / 2009", "Mileage": "28,910 km", "Fuel type": "Gasoline", "Cubic capacity": "650 cc", "Power": "70 bhp", "Color": "Dark Red", "Kteo to": "09 / 2018", "Modified": "14 days", "Times clicked": "7509", "Short link": "www.car.gr/10085713", "Telephone": "+30 2467023333"}, "ad_seller": {"Dealer": "HONDA ΟΥΣΛΙΟΣ - MX88.GR", "Address": "xlohs56", "City": "ΚΑΣΤΟΡΙΑ", "": "+30 6970871453", "Fax": "+30 2467023333", "Dealer page": "https//motoparts-bikes.car.gr/", "Website": "http//www.mx88.gr"}, "metadata": {"type": "Bikes", "brand": "Kawasaki", "model": "Versys 650"}, "extras": ["Electric starter", "Exchange with Moto accepted", "Exhaust Special", "Four-stroke engine", "Service Book", "Sidestand"], "description": "Kawasaki versus 650 - Κατάσταση βιτρίνας - New ελαστικά κ αλυσογραναζα!! - Δεκτές ανταλλαγές ! - Less - "}