{"query": {"url": "https://www.car.gr/10176302-kymco-ak-550i-abs-n-doe-e4", "type": "CAR_ADDE", "trial_count": 1, "last_processed": 1553096908}, "title": "Kymco  AK 550I ABS Nοοdoe E4 '19", "ad_id": "10176302", "ad_data": {"Make/Model": "Kymco AK 550I ABS Nοοdoe E4 '19", "Classified number": "10176302", "Price": "€9.580", "Category": "Bike - Roller/Scooter", "Registration": "2 / 2019", "Fuel type": "Gasoline", "Cubic capacity": "550 cc", "Power": "54 bhp", "Color": "Grey", "Modified": "13 minutes", "Times clicked": "9682", "Short link": "www.car.gr/10176302", "Telephone": "+30 2310548022"}, "ad_seller": {"Dealer": "ΜΑΤΑΚΟS MOTORS Matakos Motors", "Address": "ΑγίωνΠάντων9", "City": "ΘΕΣΣΑΛΟΝΙΚΗ", "": "+30 2310548022", "Dealer page": "https//moto-matakos.car.gr/", "Website": "http//www.matakosmotors.gr", "Open hours": "Δευτέρα - Παρασκευή\n09.00 πμ - 18.30 μμ\nΣαβ - Κυρ   Κλειστά"}, "metadata": {"type": "Bikes", "brand": "Kymco", "model": "Kymco  AK 550I ABS Nοοdoe E4 '19 - € 9.580 EUR"}, "extras": ["ABS", "Automatic", "Cast wheels", "Catalyst", "Centerstand", "Electric starter", "Four-stroke engine", "Gelatin", "Heated Handguards", "Led lights", "Remote Control", "Service Book", "Sidestand", "Trip computer"], "description": "The Thrills of Touring! - Το AK 550 ανοίγει ένα νέο κεφάλαιο, σε μια νέα κατηγορία στο κόσμο των scooter! Μια κατηγορία που στην Kymco ονομάσαμε «Super Touring»! - Δημιουργήθηκε για να συνδυάσει την άνεση και την ευκολία ενός scooter, με τον ιδιαίτερο χαρακτήρα και την υψηλή απόδοση μιας Sport μοτοσυκλέτας! - Τον πρώτο λόγο έχει η καινοτομία και η υψηλή τεχνολογία, για να υπηρετήσει το lifestyle μαζί με τις επιδόσεις. Η πολυτέλεια βρίσκεται δίπλα στην πρακτικότητα, ενώ η άνεση και ευκολία στον χειρισμό αποτελούν σημεία που ο αναβάτης θα νοιώσει από την πρώτη στιγμή που θα το οδηγήσει. Η τέλεια αρμονία είναι πάντα εκεί, δημιουργώντας μια μοναδική εμπειρία οδήγησης! - Less - "}