{"query": {"url": "https://www.car.gr/10176361-kymco-yup-250", "type": "CAR_ADDE", "trial_count": 1, "last_processed": 1553096310}, "title": "Kymco YUP 250  '04", "ad_id": "10176361", "ad_data": {"Make/Model": "Kymco YUP 250 '04", "Classified number": "10176361", "Price": "€1.150", "Category": "Bike - Roller/Scooter", "Registration": "1 / 2004", "Mileage": "29,000 km", "Fuel type": "Gasoline", "Cubic capacity": "250 cc", "Power": "19 bhp", "Color": "Black", "Previous owners": "1", "Modified": "5 days", "Times clicked": "1295", "Short link": "www.car.gr/10176361", "Telephone": "+30 6978485232"}, "ad_seller": {"Dealer": "AUTOPLAN CORFU LTD", "Address": "13οΧΛΜΕΘΝΙΚΗΠΑΛΑΙΟ/ΤΣΑΣ", "City": "ΚΕΡΚΥΡΑ", "": "+30 2661099480", "Fax": "+30 2663022770", "Dealer page": "https//autoplan-corfu.car.gr/", "Website": "http//www.autoplancorfu.gr"}, "metadata": {"type": "Bikes", "brand": "Kymco", "model": "YUP 250"}, "extras": ["Car Exchange", "Electric starter", "Exchange with Moto accepted", "Four-stroke engine", "Service Book"], "description": "αριστη κατασταση - δεκτος ελεγχος - δεν χρειαζεται τιποτα - τηλ για πληροφοριες - 6932646371 κωστας - Less - "}