{"query": {"url": "https://www.car.gr/10068559-ktm-450-e-xc-racing", "type": "CAR_ADDE", "trial_count": 9, "last_processed": 1553092831}, "title": "KTM 450 E-XC Racing  '05", "ad_id": "10068559", "ad_data": {"Make/Model": "KTM 450 E-XC Racing '05", "Classified number": "10068559", "Price": "€2.200", "Category": "Bike - Εnduro", "Registration": "9 / 2005", "Mileage": "250 km", "Fuel type": "Gasoline", "Cubic capacity": "450 cc", "Power": "45 bhp", "Color": "Orange", "Modified": "5 hours", "Times clicked": "19296", "Short link": "www.car.gr/10068559", "Telephone": "+30 2431035045"}, "ad_seller": {"Dealer": "ΣΙΩΚΗΣ Α.Ε.", "Address": "3ΧΙΛ.ΤΡΙΚΑΛΩΝ-ΚΑΛΑΜΠΑΚΑΣΤΡΙΚΑΛΑ", "City": "ΤΡΙΚΑΛΑ", "": "+30 2431074200", "Fax": "+30 2431038164", "Dealer page": "https//siokis.car.gr/"}, "metadata": {"type": "Bikes", "brand": "KTM", "model": "450 E-XC Racing"}, "extras": ["Car Exchange", "Exchange with Moto accepted"], "description": ""}