{"query": {"url": "https://www.car.gr/10402563-yamaha-dragstar", "type": "CAR_ADDE", "trial_count": 1, "last_processed": 1553104796}, "title": "Yamaha Dragstar  '01", "ad_id": "10402563", "ad_data": {"Make/Model": "Yamaha Dragstar '01", "Classified number": "10402563", "Price": "€6.400", "Category": "Bike - Chopper", "Registration": "1 / 2001", "Mileage": "1 km", "Fuel type": "Gasoline", "Cubic capacity": "650 cc", "Power": "52 bhp", "Color": "Black", "Modified": "over 2 months", "Times clicked": "8489", "Short link": "www.car.gr/10402563", "Telephone": "+30 2431026327"}, "ad_seller": {"Dealer": "OFF RUN MOTORSTORE", "Address": "ΠΕΡΙΦΕΡΕΙΑΚΗΟΔΟΣΛΑΡΙΣΗΣ-ΙΩΑΝΝΙΝΩΝ", "City": "ΤΡΙΚΑΛΑ", "": "+30 2431026327", "Fax": "+30 2431026327", "Dealer page": "https//off-run-motorstore.car.gr/"}, "metadata": {"type": "Bikes", "brand": "Yamaha", "model": "Dragstar"}, "extras": ["Car Exchange", "Electric starter", "Engine Guards", "Exchange with Moto accepted", "Exhibition", "Four-stroke engine", "Sidestand", "Spoke wheels"], "description": ""}