{"query": {"url": "https://www.car.gr/10057640-aprilia-scarabeo-500-i-e", "type": "CAR_ADDE", "trial_count": 1, "last_processed": 1553096840}, "title": "Aprilia Scarabeo 500 i.e.  '07", "ad_id": "10057640", "ad_data": {"Make/Model": "Aprilia Scarabeo 500 i.e. '07", "Classified number": "10057640", "Price": "€2.399", "Category": "Bike - Roller/Scooter", "Registration": "1 / 2007", "Mileage": "24,000 km", "Fuel type": "Gasoline", "Cubic capacity": "500 cc", "Power": "40 bhp", "Color": "White (Metallic)", "Kteo to": "05 / 2018", "Previous owners": "1", "Modified": "7 days", "Times clicked": "3980", "Short link": "www.car.gr/10057640", "Telephone": "+30 2651091531"}, "ad_seller": {"Dealer": "IOANNINA CARS", "Address": "6χλμ.Ιωαννινων-Αθηνων(διπλαστοβενζιναδικοΕΚΟ)", "City": "ΙΩΑΝΝΙΝΑ", "": "+30 6984968680", "Dealer page": "https//ioanninacars.car.gr/", "Open hours": "ΔΕΥΤΕΡΑ ΕΩΣ ΣΑΒΒΑΤΟ  0900 - 2000"}, "metadata": {"type": "Bikes", "brand": "Aprilia", "model": "Scarabeo 500 i.e."}, "extras": ["ABS", "Alarm", "Automatic", "Car Exchange", "Cast wheels", "Centerstand", "Credit card-Visa accepted", "Electric starter", "Four-stroke engine", "Gelatin", "Service Book", "Sidestand", "Trip computer"], "description": "- APRILIA SCARABEO 500 Ι.Ε. - ΑΠΟ ΙΔΙΩΤΗ  - ΑΤΡΑΚΑΡΙΣΤΟ - O I K O N O M I K O T A T O - ΠΡΑΓΜΑΤΙΚΑ ΧΙΛΙΟΜΕΤΡΑ  - ΑΠΟ ΓΕΝΙΚΟ SERVICE 05/2017 - ΚΑΙΝΟΥΡΙΑ ΛΑΣΤΙΧΑ 05/2017 MICHELIN GRIP - ΣΕ ΑΡΙΣΤΗ KATAΣΤΑΣΗ - ΔΕΚΤΟΣ ΟΠΟΙΟΣΔΗΠΟΤΕ ΕΛΕΓΧΟΣ , Ο Π Ο Υ Δ Η Π Ο Τ Ε !!!! - ΠΙΣΤΩΤΙΚΕΣ ΚΑΡΤΕΣ ΔΕΚΤΕΣ  - ΜΕΤΑΦΟΡΑ ΧΡΗΜΑΤΩΝ ΔΕΚΤΗ - Less - "}