{"query": {"url": "https://www.car.gr/10057638-aprilia-rsv-4r-factory", "type": "CAR_ADDE", "trial_count": 1, "last_processed": 1553096309}, "title": "Aprilia RSV 4R Factory '10", "ad_id": "10057638", "ad_data": {"Make/Model": "Aprilia RSV 4R Factory '10", "Classified number": "10057638", "Price": "€11.000", "Category": "Bike - Super Sport", "Registration": "6 / 2010", "Mileage": "14,234 km", "Fuel type": "Gasoline", "Cubic capacity": "999 cc", "Power": "199 bhp", "Color": "Black", "Previous owners": "1", "Modified": "5 days", "Times clicked": "6328", "Short link": "www.car.gr/10057638", "Telephone": "+30 2621032939"}, "ad_seller": {"Dealer": "MOTO KARRAS", "Address": "Παπαγεωργιου10", "City": "ΠΥΡΓΟΣ", "": "+30 2621032939", "Fax": "+30 2621081362", "Dealer page": "https//motokarras.car.gr/", "Website": "http//www.motokarras.gr"}, "metadata": {"type": "Bikes", "brand": "Aprilia", "model": "RSV 4R"}, "extras": ["Cast wheels", "Electric starter", "Exchange with Moto accepted", "Exhibition", "Service Book", "Sidestand", "Trip computer"], "description": "1o Χερι !!! - Πραγματικα χιλιομετρα !!! - Προγραμμα Aprilia + Ολοσωμη εξατμιση Acrapovic τιτανιου με Carbon τελικο!!! - Ολακαινουργιο Λαστιχο Pirelli Diablo Rosso Corsa !!! Παραγωγης ενατης εβδομαδας του '17 !!! - Δεκτος καθε ελεγχος !!! - Aprilia Karras !!! - Less - "}