{"query": {"url": "https://www.car.gr/10228432-piaggio-liberty-200", "type": "CAR_ADDE", "trial_count": 1, "last_processed": 1553095472}, "title": "Piaggio Liberty 200  '04", "ad_id": "10228432", "ad_data": {"Make/Model": "Piaggio Liberty 200 '04", "Classified number": "10228432", "Price": "€999", "Category": "Bike - Roller/Scooter", "Registration": "6 / 2004", "Mileage": "17,436 km", "Fuel type": "Gasoline", "Cubic capacity": "200 cc", "Power": "15 bhp", "Color": "Silver (Metallic)", "Kteo to": "05 / 2019", "Previous owners": "1", "Modified": "2 days", "Times clicked": "1774", "Short link": "www.car.gr/10228432", "Telephone": "+30 2541021180"}, "ad_seller": {"Dealer": "MAINSTREET", "Address": "28ΟΚΤΩΒΡΙΟΥ311-313", "City": "ΞΑΝΘΗ", "": "+30 2541021180", "Fax": "+30 2541021180", "Dealer page": "https//mainstreet.car.gr/", "Website": "http//www.mainstreet.gr", "Open hours": "ΔΕΥΤΕΡΑ -ΠΑΡΑΣΚΕΥΗ 0900-1930, ΣΑΒΒΑΤΟ 0900-1500 ΚΥΡΙΑΚΗ ΚΛΕΙΣΤΑ"}, "metadata": {"type": "Bikes", "brand": "Piaggio", "model": "Liberty 200"}, "extras": ["Automatic", "Cargo Rack", "Cast wheels", "Catalyst", "Centerstand", "Credit card-Visa accepted", "Electric starter", "Exchange with Moto accepted", "Four-stroke engine", "Service Book", "Sidestand", "Top Box-Μπαγκαζιέρα"], "description": "Σε αριστη κατασταση με σχαρα, σχεδον καινουργια λαστιχα michelin, πλαγιοστατη, βαλιτσακι,πληρες σερβις. Δινουμε ΓΡΑΠΤΗ ΕΞΑΜΗΝΗ ΕΓΓΥΗΣΗ ΚΑΛΗΣ ΛΕΙΤΟΥΡΓΙΑΣ, Δυνατοτητα χρηματοδοτησης η πληρωμης με πιστωτικη καρτα. - Less - "}