{"query": {"url": "https://www.car.gr/10228492-kawasaki-er6-n", "type": "CAR_ADDE", "trial_count": 1, "last_processed": 1553098603}, "title": "Kawasaki ER6-n  '06", "ad_id": "10228492", "ad_data": {"Make/Model": "Kawasaki ER6-n '06", "Classified number": "10228492", "Price": "€1.600", "Category": "Bike - Naked", "Registration": "12 / 2006", "Mileage": "67,900 km", "Fuel type": "Gasoline", "Cubic capacity": "650 cc", "Power": "72 bhp", "Color": "Orange (Metallic)", "Kteo to": "04 / 2019", "Liters/100km": "5 (Εντός)/4 (Εκτός)/4.5 (Μικτό)", "Modified": "11 days", "Times clicked": "864", "Short link": "www.car.gr/10228492", "Telephone": "None"}, "ad_seller": {}, "metadata": {"type": "Bikes", "brand": "Kawasaki", "model": "ER6-n"}, "extras": [], "description": ""}