{"query": {"url": "https://www.car.gr/10730896-yamaha-fz-1", "type": "CAR_ADDE", "trial_count": 1, "last_processed": 1553096169}, "title": "Yamaha FZ 1  '06", "ad_id": "10730896", "ad_data": {"Make/Model": "Yamaha FZ 1 '06", "Classified number": "10730896", "Price": "€4.500", "Category": "Bike - Sport Touring", "Registration": "9 / 2006", "Mileage": "20,122 km", "Fuel type": "Gasoline", "Cubic capacity": "1,000 cc", "Power": "150 bhp", "Color": "Blue (Metallic)", "Kteo to": "04 / 2020", "Previous owners": "1", "Modified": "4 days", "Times clicked": "1793", "Short link": "www.car.gr/10730896", "Telephone": "None"}, "ad_seller": {}, "metadata": {"type": "Bikes", "brand": "Yamaha", "model": "FZ 1"}, "extras": ["Alarm", "Cast wheels", "Catalyst", "Centerstand", "Electric starter", "Engine Guards", "Exchange with Moto accepted", "Exhaust Special", "Four-stroke engine", "Gelatin", "Injection", "Led lights", "Lights Xenon", "Remote Control", "Sidestand", "Skid Plate", "Trip computer"], "description": "Εξτρα εχουν γίνει κάποιες εργασιες για καλύτερη ροη της μοτο εχει ανοιχτή το φιλτρο αέρα συν ελεύθερο φιλτρο dna εχει βγει ο καταλύτης που είναι μεσα στην εξάτμιση συν ελεύθερη εξάτμιση mivv για καλύτερη καυση εχουν βγει τα καπακια αιθανολης και εχει βγει ο αισθητηρας λ για καλυτερες ρυθμίσεις σερβις yamaha έχουν γίνει λαδια μπουζια γενικος ελενχος ακομα συναγερμος με τηλειδοποιηση συν λάμπες πισω φαναρι led αναδιπλουμενη πινακιδα συν μεγάλη ζελατίνα λεπτομέρειες carbon και μανετες έλεγχο οπου θελετε ανταλλαγη με BMW K 1200 kai 1050 tiger καινούργια λάστιχα brigestone s21και καινούργια μπαταρια matris πισω αμορτισερ και εμπρος kawaba με ρυθμισεις και σετ afam xr εχουν γινει σερβις και στην εμπρος και στην πισω αναρτηση - Less - "}