{"query": {"url": "https://www.car.gr/10085281-vespa-pk-125", "type": "CAR_ADDE", "trial_count": 1, "last_processed": 1553102783}, "title": "Vespa PK 125  '85", "ad_id": "10085281", "ad_data": {"Make/Model": "Vespa PK 125 '85", "Classified number": "10085281", "Price": "€800", "Category": "Bike - Roller/Scooter", "Registration": "1 / 1985", "Mileage": "12,000 km", "Fuel type": "Gasoline", "Cubic capacity": "125 cc", "Power": "10 bhp", "Color": "Black", "Modified": "34 days", "Times clicked": "6506", "Short link": "www.car.gr/10085281", "Telephone": "None"}, "ad_seller": {}, "metadata": {"type": "Bikes", "brand": "Vespa", "model": "PK 125"}, "extras": [], "description": "Μίζα 4 ταχυτο - Less - "}