{"query": {"url": "https://www.car.gr/10247543-bmw-f-650-bmw", "type": "CAR_ADDE", "trial_count": 1, "last_processed": 1553095641}, "title": "Bmw F 650 Bmw '00", "ad_id": "10247543", "ad_data": {"Make/Model": "Bmw F 650 Bmw '00", "Classified number": "10247543", "Price": "€1.501", "Category": "Bike - On/Off", "Registration": "1 / 2000", "Mileage": "22,006 km", "Fuel type": "Gasoline", "Cubic capacity": "650 cc", "Power": "10 bhp", "Color": "Red (Metallic)", "Modified": "3 days", "Times clicked": "1000", "Short link": "www.car.gr/10247543", "Telephone": "None"}, "ad_seller": {}, "metadata": {"type": "Bikes", "brand": "Bmw", "model": "F 650"}, "extras": ["Car Exchange", "Catalyst", "Electric starter", "Four-stroke engine", "Lights Xenon", "Price without VAT", "Skid Plate"], "description": " Έχει καινούργια λάστιχα καινούργια αλυσίδα γρανάζια ολικό service - Less - "}