{"query": {"url": "https://www.car.gr/10219917-kawasaki-d-tracker-150", "type": "CAR_ADDE", "trial_count": 1, "last_processed": 1553098362}, "title": "Kawasaki D-TRACKER 150 '17", "ad_id": "10219917", "ad_data": {"Make/Model": "Kawasaki D-TRACKER 150 '17", "Classified number": "10219917", "Price": "€3.190", "Category": "Bike - On/Off", "Registration": "1 / 2017", "Mileage": "2,017 km", "Fuel type": "Gasoline", "Cubic capacity": "150 cc", "Power": "12 bhp", "Color": "Green", "Modified": "10 days", "Times clicked": "647", "Short link": "www.car.gr/10219917", "Telephone": "+30 2831072335"}, "ad_seller": {"Dealer": "ΜΟΤΟ ΠΑΠΑΔΟΓΙΑΝΝΗΣ (SYM,KAWASAKI,PEYGEOT,MODENAS,DAYTONA,DAELIM)", "Address": "ΣΦΑΚΑΚΙ", "City": "ΡΕΘΥΜΝΟ", "": "+30 6978068593", "Fax": "+30 2831072335", "Dealer page": "https//motopapadogiannis.car.gr/", "Website": "https//motopapadogiannis.gr/", "Open hours": "ΔΕΥΤΕΡΑ 9πμ-4μμ\nΤριτη 9πμ-9μμ\nΤεταρτη 9πμ-4μμ\nΠεμπτη 9πμ-9μμ\nΠαρασκευη 9πμ-9μμ\nΣαββατο 9πμ-4μμ"}, "metadata": {"type": "Bikes", "brand": "Kawasaki", "model": "D-TRACKER"}, "extras": [], "description": " - ΜΕ ΑΠΟ ΤΟ ΚΑΤΆΣΤΗΜΑ ΜΑΣ ΕΧΕΤΑΙ *** ΔΩΡΑ *** - *& ΚΡΑΝΟΣ *& ΣΥΝΑΓΕΡΜΟ - *& ΚΟΥΚΟΥΛΑ ΠΡΟΣΤΑΣΊΑΣ ΜΟΤΟ - *& ΚΛΕΙΔΑΡΙΆ ΛΟΥΚΕΤΟ ΜΟΤΟ - *& ΔΩΡΕΑΝ 1Η ΑΛΛΑΓΗ ΛΑΔΙΩΝ - *& ΓΑΝΤΙΑ ΑΔΙΑΒΡΟΧΑ ΧΕΡΙΩΝ - *& ΘΑ ΑΠΟΚΤΉΣΕΤΕ ΕΚΠΤΩΤΙΚΗ ΚΑΡΤΑ ΣΤΑ ΑΞΕΣΟΥΑΡ ΤΟΥ ΚΑΤΑΣΤΗΜΑΤΟΣ ΜΑΣ -15% - *& ΟΛΑ ΑΥΤΑ ΤΑ ΔΩΡΑ ΣΤΗΝ ΕΚΠΤΩΤΙΚΉ ΤΙΜΗ ΜΕΤΡΗΤΟΙΣ ΣΕ ΟΛΑ ΤΑ ΜΗΧΑΝΆΚΙΑ ΑΝΕΞΆΡΤΗΤΩΝ ΜΑΡΚΑΣ ΚΑΙ ΜΟΝΤΕΛΟΥ.... - .............. ΚΑΙ ΟΛΑ ΑΥΤΑ ΜΟΝΟ ΣΤΟ ΚΑΤΑΣΤΗΜΑ ΜΑΣ............. - Less - "}