{"query": {"url": "https://www.car.gr/10319012-bmw-k-1", "type": "CAR_ADDE", "trial_count": 1, "last_processed": 1553095576}, "title": "Bmw K 1  '91", "ad_id": "10319012", "ad_data": {"Make/Model": "Bmw K 1 '91", "Classified number": "10319012", "Price": "€7.500", "Category": "Bike - Sport Touring", "Registration": "9 / 1991", "Mileage": "37,900 km", "Fuel type": "Gasoline", "Cubic capacity": "1,000 cc", "Power": "100 bhp", "Color": "Black (Metallic)", "Kteo to": "06 / 2019", "Liters/100km": "7 (Εντός)/5 (Εκτός)/6 (Μικτό)", "Modified": "3 days", "Times clicked": "5839", "Short link": "www.car.gr/10319012", "Telephone": "None"}, "ad_seller": {"Name": "Μιχάλης", "Address": "ΓΑΛΑΤΣΙP.ΑΤΤΙΚΗΣ"}, "metadata": {"type": "Bikes", "brand": "Bmw", "model": "K 1"}, "extras": ["ABS", "Antique-Classic", "Centerstand", "Exchange with Moto accepted", "Sidestand", "Skid Plate"], "description": "Άριστο και σπάνιο K1 με πραγματικά χιλιόμετρα. - Το μηχανάκι είναι σχολαστικά συντηρημένο και διαθέτει ABS. - Παρκαρισμένο πάντα σε κλειστό parking. - Πραγματικά αψεγάδιαστο. - Kαινουρια μπαταρια. - Less - "}