{"query": {"url": "https://www.car.gr/10317987-triumph-tiger-1050", "type": "CAR_ADDE", "trial_count": 1, "last_processed": 1553102326}, "title": "Triumph Tiger 1050  '11", "ad_id": "10317987", "ad_data": {"Make/Model": "Triumph Tiger 1050 '11", "Classified number": "10317987", "Price": "€8.000", "Category": "Bike - Sport Touring", "Registration": "4 / 2011", "Mileage": "30,000 km", "Fuel type": "Gasoline", "Cubic capacity": "1,050 cc", "Power": "117 bhp", "Color": "Black (Metallic)", "Kteo to": "04 / 2019", "Liters/100km": "1 (Εντός)/1 (Εκτός)/1 (Μικτό)", "Modified": "29 days", "Times clicked": "821", "Short link": "www.car.gr/10317987", "Telephone": "None"}, "ad_seller": {}, "metadata": {"type": "Bikes", "brand": "Triumph", "model": "Tiger 1050"}, "extras": ["Car Exchange", "Catalyst", "Centerstand", "Electric starter", "Exchange with Moto accepted", "Gelatin", "Led lights", "Service Book", "Sidestand", "Skid Plate", "Top Box-Μπαγκαζιέρα", "Trip computer"], "description": "Ελάχιστη χρήση - Πραγματικά χιλιόμετρα - Τιμόνι Fat bar Triumph - Διπλό Stand Triumph - 3 Βαλίτσες Triumph - K&N φίλτρο αέρα - Ζελατίνα φημέ Fabbri - Ζελατίνα φημέ ψηλή τουριστική - Ζελατίνα διάφανη ψηλή τουριστική - Xenon kit και στη μια σκάλα - Led Πορείας - Χούφτες Triumph - Καινούργια ελαστικά 1/9/2016 Μ7 εχουν κανει περίπου 1500 χιλιόμετρα - Φυλάσσεται σε κλειστό Παρκιν - Θα δωθει και εξτρα κιτ xenon - Η μηχανη ειναι ατρακαριστη και αγρατζουνιστη!!! - Η μηχανή δίνεται λόγω παιδιού. - Δεκτός καθε έλεγχος φυσικά. - Service Book για οτι εχει γινει στη μηχανή. - Less - "}