{"query": {"url": "https://www.car.gr/10417042-yamaha-yp-250-majesty", "type": "CAR_ADDE", "trial_count": 1, "last_processed": 1553095947}, "title": "Yamaha YP 250 Majesty  '02", "ad_id": "10417042", "ad_data": {"Make/Model": "Yamaha YP 250 Majesty '02", "Classified number": "10417042", "Price": "€950", "Category": "Bike - Roller/Scooter", "Registration": "6 / 2002", "Mileage": "60,000 km", "Fuel type": "Gasoline", "Cubic capacity": "250 cc", "Power": "22 bhp", "Color": "Bordeaux", "Modified": "4 days", "Times clicked": "1234", "Short link": "www.car.gr/10417042", "Telephone": "+30 2235024200"}, "ad_seller": {"Dealer": "moto tsaras", "Address": "ΒΥΡΩΝΟΣ31", "City": "ΚΑΜΜΕΝΑΒΟΥΡΛΑ", "": "+30 2235024200", "Dealer page": "https//mototsaras.car.gr/"}, "metadata": {"type": "Bikes", "brand": "Yamaha", "model": "YP 250 Majesty"}, "extras": [], "description": ""}