{"query": {"url": "https://www.car.gr/10098527-suzuki-dl-1000-v-strom", "type": "CAR_ADDE", "trial_count": 1, "last_processed": 1553104206}, "title": "Suzuki DL 1000 V-STROM  '06", "ad_id": "10098527", "ad_data": {"Make/Model": "Suzuki DL 1000 V-STROM '06", "Classified number": "10098527", "Price": "€3.400", "Category": "Bike - On/Off", "Registration": "1 / 2006", "Mileage": "74,222 km", "Fuel type": "Gasoline", "Cubic capacity": "1,000 cc", "Power": "100 bhp", "Color": "Silver (Metallic)", "Kteo to": "05 / 2019", "Liters/100km": "5 (Εντός)/5 (Εκτός)/5 (Μικτό)", "Modified": "46 days", "Times clicked": "277", "Short link": "www.car.gr/10098527", "Telephone": "None"}, "ad_seller": {}, "metadata": {"type": "Bikes", "brand": "Suzuki", "model": "DL 1000 V-STROM"}, "extras": ["Engine Guards", "Four-stroke engine", "Gelatin", "Sidestand", "Top Box-Μπαγκαζιέρα"], "description": "SUZUKI V STROM 1000CC,74000km , μοντ. 4/2006 , ασημι , 100 hp , κτεο περασμενο 11/5/17, Διαθετει : σωληνακια υψηλης πιεσης , καγκελα , 3μπαγκαζιερες , τσαντα ρεζερβουαρ . Ευκαιρια , ειναι σε αριστη κατασταση. - Less - "}