{"query": {"url": "https://www.car.gr/10507160-suzuki-dl-650-v-strom-1", "type": "CAR_ADDE", "trial_count": 1, "last_processed": 1553097007}, "title": "Suzuki DL 650 V-STROM 1 ΧΡΟΝΟ ΕΓΓΥΗΣΗ!!! '07", "ad_id": "10507160", "ad_data": {"Make/Model": "Suzuki DL 650 V-STROM 1 ΧΡΟΝΟ ΕΓΓΥΗΣΗ!!! '07", "Classified number": "10507160", "Price": "€4.195", "Category": "Bike - On/Off", "Registration": "8 / 2007", "Mileage": "57,000 km", "Fuel type": "Gasoline", "Cubic capacity": "650 cc", "Power": "72 bhp", "Color": "Black (Metallic)", "Previous owners": "1", "Modified": "7 days", "Times clicked": "105", "Short link": "www.car.gr/10507160", "Telephone": "+30 2310886200"}, "ad_seller": {"Dealer": "RIDERSMARKET", "Address": "ΠΑΠΑΝΑΣΤΑΣΙΟΥ31", "City": "ΘΕΣΣΑΛΟΝΙΚΗ", "": "+30 2310900013", "Fax": "+30 2310858002", "Dealer page": "https//nikitakis.car.gr/", "Website": "http//WWW.RIDERSMARKET.GR", "Open hours": "ΔΕΥΤΕΡΑ - ΠΑΡΑΣΚΕΥΗ  900-1730"}, "metadata": {"type": "Bikes", "brand": "Suzuki", "model": "DL 650 V-STROM"}, "extras": ["ABS", "Alarm", "Bars", "Cargo Rack", "Cast wheels", "Credit card-Visa accepted", "Electric starter", "Engine Guards", "Exchange with Moto accepted", "Four-stroke engine", "Gelatin", "Heated Handguards", "Service Book", "Sidestand", "Skid Plate", "Top Box-Μπαγκαζιέρα"], "description": "Σε αριστη κατασταση,χουφτες,καγκελα,βαλιτσα,συναγερμο,ποδια κινητηρα, 1 χρονο εγγυηση γραπτη,δεκτες και ανταλλαγες. - ΑΝΤΙΠΡΟΣΩΠΕΙΑ SUZUKI ΝΙΚΗΤΑΚΗΣ ΒΟΡΕΙΑΣ ΕΛΛΑΔΑΣ - ΜΕ ΠΟΛΥΕΤΉ ΕΜΠΕΙΡΊΑ ΣΤΟ ΧΩΡΟ ΤΗΣ ΜΟΤΟΣΙΚΛΈΤΑΣ 35 ΧΡΌΝΩΝ - ΜΕ ΟΡΓΆΝΩΣΗ ΚΑΙ ΣΥΝΈΠΕΙΑ - ΣΑΣ ΠΡΟΣΦΕΡΟΥΜΕ ΆΡΙΣΤΗ ΠΟΙΌΤΗΤΑ ΥΠΗΡΕΣΙΏΝ - ΣΤΗ ΠΩΛΗΣΗ ΜΟΤΟ - ΑΞΕΣΟΥΑΡ - SERVICE - ΑΝΤΑΛΛΑΚΤΙΚΑ - ΕΛΑΣΤΙΚΑ - ΚΑΙ ΣΕ ΟΤΙ ΑΛΛΟ ΧΡΕΙΑΣΤΕΊΤΕ - ΕΚΠΤΩΤΙΚΗ ΚΑΡΤΑ RIDERSMARKET - . 1 ΧΡΟΝΙΑ ΕΓΓΥΗΣΗ ΓΡΑΠΤΗ - . ΔΥΝΑΤΟΤΗΤΑ ΧΡΗΜΑΤΟΔΟΤΗΣΗΣ ΕΩΣ 84 ΜΗΝΕΣ - . ΔΥΝΑΤΟΤΗΤΑ ΠΛΗΡΩΜΗΣ ΜΕ ΠΙΣΤΩΤΙΚΗ ΚΑΡΤΑ - . ΔΕΚΤΗ Η ΑΝΤΑΛΛΑΓΗ ΤΗΣ ΜΟΤΟΣΥΚΛΕΤΑΣ ΣΑΣ - . ΔΥΝΑΤΟΤΗΤΑ ΑΠΟΣΤΟΛΗΣ ΣΕ ΟΛΗ ΤΗΝ ΕΛΛΑΔΑ - . ΠΑΡΑΔΟΣΗ ΜΕ FOUL SERVICE - . ΒΙΒΛΙΟ SERVICE - Less - "}