{"query": {"url": "https://www.car.gr/10716750-piaggio-skipper-150-st-skipper-150", "type": "CAR_ADDE", "trial_count": 1, "last_processed": 1553093415}, "title": "Piaggio Skipper 150 ST SKIPPER 150,προσφορά,μηνα '01", "ad_id": "10716750", "ad_data": {"Make/Model": "Piaggio Skipper 150 ST SKIPPER 150,προσφορά,μηνα '01", "Classified number": "10716750", "Price": "€650", "Category": "Bike - Roller/Scooter", "Registration": "8 / 2001", "Mileage": "4,500 km", "Fuel type": "Gasoline", "Cubic capacity": "148 cc", "Power": "12 bhp", "Color": "Red", "Previous owners": "1", "Modified": "6 hours", "Times clicked": "1208", "Short link": "www.car.gr/10716750", "Telephone": "+30 6980589005"}, "ad_seller": {"Dealer": "4x4 AUTO KATSOURINI S.", "Address": "2Οοχιλμ.ΑΘΗΝΩΝ-ΛΑΜΙΑΣΕΞΟΔΟΣΒΑΡΥΜΠΟΠΗΣ(διπλααποmegaΑΒΒασιλοπουλο)Νεαερυθραια.Tηλ.ΡΑΝΤΕΒΟΥ6980589005", "City": "ΝΕΑΕΡΥΘΡΑΙA", "": "+30 6980589005", "Dealer page": "https//auto-katsourinis.car.gr/"}, "metadata": {"type": "Bikes", "brand": "Piaggio", "model": "Skipper 150 ST"}, "extras": ["Car Exchange", "Electric starter", "Exchange with Moto accepted", "Four-stroke engine"], "description": "Το μηχανάκι είναι πρώτο χέρι . θέλει μεταβιβαση\\\\κτεο Τηλ 6939259620 - Less - "}