{"query": {"url": "https://www.car.gr/10326426-aprilia-pegaso-trail", "type": "CAR_ADDE", "trial_count": 1, "last_processed": 1553096023}, "title": "Aprilia Pegaso Trail  '08", "ad_id": "10326426", "ad_data": {"Make/Model": "Aprilia Pegaso Trail '08", "Classified number": "10326426", "Price": "€2.700", "Category": "Bike - On/Off", "Registration": "4 / 2008", "Mileage": "19,489 km", "Fuel type": "Gasoline", "Cubic capacity": "659 cc", "Power": "49 bhp", "Color": "Red", "Kteo to": "07 / 2018", "Previous owners": "1", "Modified": "4 days", "Times clicked": "8266", "Short link": "www.car.gr/10326426", "Telephone": "+30 2621032939"}, "ad_seller": {"Dealer": "MOTO KARRAS", "Address": "Παπαγεωργιου10", "City": "ΠΥΡΓΟΣ", "": "+30 2621032939", "Fax": "+30 2621081362", "Dealer page": "https//motokarras.car.gr/", "Website": "http//www.motokarras.gr"}, "metadata": {"type": "Bikes", "brand": "Aprilia", "model": "Pegaso Trail"}, "extras": ["Catalyst", "Credit card-Visa accepted", "Electric starter", "Exchange with Moto accepted", "Exhibition", "Four-stroke engine", "Led lights", "Sidestand", "Skid Plate", "Spoke wheels", "Top Box-Μπαγκαζιέρα", "Trip computer"], "description": "Σε αριστη κατασταση !!! - 1ο Χερι !!!!! - Πραγματικα χιλιομετρα λογω ακινησιας !!! - Και με τα δυο κλειδια !!!! - Με μπαγκαζιερα Kappa !!! - Χουφτες Polisport !!! - LED φαναρι πισω και φλας !!! - Λαστιχα σε εξαιρετικη κατασταση !!! - ΚΤΕΟ μεχρι 07/2018 !!! - Δεκτος καθε ελεγχος !!! - Aprilia Karras !!! - Less - "}