{"query": {"url": "https://www.car.gr/10259140-suzuki-ltz-400", "type": "CAR_ADDE", "trial_count": 1, "last_processed": 1553096398}, "title": "Suzuki LTZ 400 υπερ αριστο με πινακιδα!!! '09", "ad_id": "10259140", "ad_data": {"Make/Model": "Suzuki LTZ 400 υπερ αριστο με πινακιδα!!! '09", "Classified number": "10259140", "Price": "€3.899", "Category": "Bike - Four Wheel-ATV", "Registration": "1 / 2009", "Mileage": "1,000 km", "Fuel type": "Gasoline", "Cubic capacity": "490 cc", "Power": "60 bhp", "Color": "White", "Previous owners": "1", "Modified": "5 days", "Times clicked": "5689", "Short link": "www.car.gr/10259140", "Telephone": "+30 2510229276"}, "ad_seller": {"Dealer": "ΜΟΤΟ ΤΣΟΥΡΟΥΣ", "Address": "ΕΛΛΗΝΙΚΗΣΔΗΜΟΚΡΑΤΙΑΣ21", "City": "ΚΑΒΑΛΑ", "": "+30 6982893300", "Fax": "+30 2510232827", "Dealer page": "https//mototsoyroys.car.gr/"}, "metadata": {"type": "Bikes", "brand": "Suzuki", "model": "LTZ"}, "extras": ["Bars", "Cast wheels", "Exchange with Moto accepted", "Four-stroke engine", "Rear"], "description": "se aristi katastasi pola extra!!kit amerikaniko carilo 490 me olosomo exatmisi yoshimura zantes alouminiou anartisisis extra ke pola ala dektos elenhos!!! me pinakida!!!!! - Less - "}