{"query": {"url": "https://www.car.gr/10449421-vespa-px-200", "type": "CAR_ADDE", "trial_count": 1, "last_processed": 1553104976}, "title": "Vespa PX 200  '00", "ad_id": "10449421", "ad_data": {"Make/Model": "Vespa PX 200 '00", "Classified number": "10449421", "Price": "€1", "Category": "Bike - Roller/Scooter", "Registration": "12 / 2000", "Mileage": "2 km", "Fuel type": "Gasoline", "Cubic capacity": "200 cc", "Power": "11 bhp", "Color": "White (Metallic)", "Kteo to": "03 / 2014", "Previous owners": "2", "Modified": "15 hours", "Times clicked": "2413", "Short link": "www.car.gr/10449421", "Telephone": "+30 6984719820"}, "ad_seller": {"Dealer": "VESPA-CENTER-MAKIS.", "Address": "ΕΥΟΣΜΟΣ", "City": "ΕΥΟΣΜΟΣ-ΣΤΑΥΡΟΥΠΟΛΗ", "": "+30 6984719820", "Dealer page": "https//vespacentermakis.car.gr/"}, "metadata": {"type": "Bikes", "brand": "Vespa", "model": "PX 200"}, "extras": [], "description": "ΑΓΟΡΑΖΩΝΤΑΙ ΠΑΝΤΩΣ ΤΥΠΟΥ ΒΕΣΠΕΣ ΣΕ ΟΠΟΙΑΔΙΠΩΤΑΙ ΚΑΤΑΣΤΑΣΗ ΜΕ Η ΧΩΡΙΣ ΧΑΡΤΙΑ ΑΠΟΛΥΤΩΣ ΜΕΤΡΗΤΗΣ - Less - "}