{"query": {"url": "https://www.car.gr/10449451-yuan-125-x1", "type": "CAR_ADDE", "trial_count": 1, "last_processed": 1553096839}, "title": "Αλλο  YUAN 125 X1 '08", "ad_id": "10449451", "ad_data": {"Make/Model": "Αλλο YUAN 125 X1 '08", "Classified number": "10449451", "Price": "€1.000", "Category": "Bike - Underbone", "Registration": "1 / 2008", "Fuel type": "Gasoline", "Cubic capacity": "125 cc", "Power": "10 bhp", "Color": "Silver (Metallic)", "Modified": "7 days", "Times clicked": "1220", "Short link": "www.car.gr/10449451", "Telephone": "+30 2541023575"}, "ad_seller": {"Dealer": "ΜΟΤΟ ΤΑΜΙΑΣ", "Address": "ΒΟΥΛΓΑΡΟΚΤΟΝΟΥ20", "City": "ΞΑΝΘΗ", "": "+30 2541023575", "Dealer page": "https//moto-tamias.car.gr/", "Website": "http//www.mototamias.gr"}, "metadata": {"type": "Bikes", "brand": "Αλλο", "model": "Αλλο  YUAN 125 X1 '08 - € 1.000 EUR"}, "extras": ["Cast wheels", "Centerstand", "Credit card-Visa accepted", "Electric starter", "Exchange with Moto accepted", "Four-stroke engine", "Kick-Starter", "Semiautomatic", "Sidestand"], "description": "Καινούριο παπί μάρκας Yuan X1 125cc stock - Less - "}