{"query": {"url": "https://www.car.gr/10411973-aprilia-shiver-900-abs-tc", "type": "CAR_ADDE", "trial_count": 1, "last_processed": 1553094397}, "title": "Aprilia Shiver 900 ABS / TC '17", "ad_id": "10411973", "ad_data": {"Make/Model": "Aprilia Shiver 900 ABS / TC '17", "Classified number": "10411973", "Price": "€8.270", "Category": "Bike - Super Motard", "Registration": "6 / 2017", "Fuel type": "Gasoline", "Cubic capacity": "900 cc", "Power": "96 bhp", "Color": "Silver (Metallic)", "Modified": "22 hours", "Times clicked": "8959", "Short link": "www.car.gr/10411973", "Telephone": "+30 2109707198"}, "ad_seller": {"Dealer": "ΑΡΜΑΚΟΛΑΣ", "Address": "Λ.ΑΜΦΙΘΕΑΣ151Π.ΦΑΛΗΡΟ", "City": "ΠΑΛΑΙΟΦΑΛΗΡΟ", "": "+30 2109401260", "Dealer page": "https//armakolasmoto.car.gr/", "Website": "http//www.armakolasmoto.gr", "Open hours": "Δευτέρα - Παρασκευή από 0900 έως 2000, Σάββατο 0900 έως 1400, Κυριακή κλειστά."}, "metadata": {"type": "Bikes", "brand": "Aprilia", "model": "Shiver 900"}, "extras": ["ABS", "Electric starter", "Exchange with Moto accepted", "Exhibition", "Four-stroke engine", "TCS-TractionControl", "Trip computer"], "description": "NEW MODEL 2017 ABS TFT TC - Less - "}