{"query": {"url": "https://www.car.gr/10247855-sym-wolf-sb-250-ni-wolf-250i", "type": "CAR_ADDE", "trial_count": 1, "last_processed": 1553102117}, "title": "Sym Wolf SB 250 Ni WOLF 250I '19", "ad_id": "10247855", "ad_data": {"Make/Model": "Sym Wolf SB 250 Ni WOLF 250I '19", "Classified number": "10247855", "Price": "€3.895", "Category": "Bike - Street Bike", "Registration": "2 / 2019", "Fuel type": "Gasoline", "Cubic capacity": "250 cc", "Power": "26 bhp", "Color": "Grey", "Modified": "28 days", "Times clicked": "5709", "Short link": "www.car.gr/10247855", "Telephone": "None"}, "ad_seller": {}, "metadata": {"type": "Bikes", "brand": "Sym", "model": "Wolf SB 250 Ni"}, "extras": ["Four-stroke engine", "Service Book", "Sidestand"], "description": " ΜΑΤ ΓΚΡΙ 1 ΤΕΛΕYΤΑΙΟ ΚΟΜΜΑΤΙ ΚΑΙΝΟΥΡΙΟ 0 χιλ - Less - "}