{"query": {"url": "https://www.car.gr/10226738-suzuki-dl-650-v-strom-abs", "type": "CAR_ADDE", "trial_count": 1, "last_processed": 1553094058}, "title": "Suzuki  DL 650 V-STROM ABS '06", "ad_id": "10226738", "ad_data": {"Make/Model": "Suzuki DL 650 V-STROM ABS '06", "Classified number": "10226738", "Price": "€3.400", "Category": "Bike - On/Off", "Registration": "8 / 2006", "Mileage": "68,000 km", "Fuel type": "Gasoline", "Cubic capacity": "650 cc", "Power": "90 bhp", "Color": "Red (Metallic)", "Kteo to": "05 / 2018", "Modified": "19 hours", "Times clicked": "2942", "Short link": "www.car.gr/10226738", "Telephone": "+30 2431074130"}, "ad_seller": {"Dealer": "ΒΡΑΚΑΣ ΒΑΣΙΛΕΙΟΣ", "Address": "4οΧΛΜΤΡΙΚΑΛΩΝ-ΚΑΛΑΜΠΑΚΑΣ", "City": "ΤΡΙΚΑΛΑ", "": "+30 2431074130", "Dealer page": "https//vrakasv.car.gr/"}, "metadata": {"type": "Bikes", "brand": "Suzuki", "model": "Suzuki  DL 650 V-STROM ABS '06 - € 3.400 EUR"}, "extras": ["ABS", "Car Exchange", "Electric starter", "Exchange with Moto accepted", "Four-stroke engine", "Sidestand", "Top Box-Μπαγκαζιέρα"], "description": ""}