{"query": {"url": "https://www.car.gr/10032900-gilera-runner-125-st", "type": "CAR_ADDE", "trial_count": 1, "last_processed": 1553103760}, "title": "Gilera Runner 125 ST  '10", "ad_id": "10032900", "ad_data": {"Make/Model": "Gilera Runner 125 ST '10", "Classified number": "10032900", "Price": "€2.600", "Category": "Bike - Roller/Scooter", "Registration": "1 / 2010", "Fuel type": "Gasoline", "Cubic capacity": "125 cc", "Power": "3 bhp", "Color": "Red (Metallic)", "Modified": "43 days", "Times clicked": "1608", "Short link": "www.car.gr/10032900", "Telephone": "+30 2831054404"}, "ad_seller": {"Dealer": "ΠΑΠΑ∆ΑΚΗΣ Κ. ΚΑΙ ΣΙΑ ΟΕ", "Address": "ΛΕΩΦΟΡΟΣΣΤΑΜΑΘΙΟΥΔΑΚΗ35,ΡΕΘΥΜΝΟ", "City": "ΡΕΘΥΜΝΟ", "": "+30 2831052495", "Fax": "+30 2831052495", "Dealer page": "https//motodromio-papadakis.car.gr/", "Website": "http//www.motodromio-papadakis.gr/"}, "metadata": {"type": "Bikes", "brand": "Gilera", "model": "Runner 125 ST"}, "extras": [], "description": "GILLERA RUNNER 125 ΚΑΙΝΟΥΡΙΟ ΠΡΟΣΦΟΡΑ ΑΠΟ 3.200€ στα 2.900€ - Less - "}