{"query": {"url": "https://www.car.gr/10112986-suzuki-v-strom-650-dl-v-strom", "type": "CAR_ADDE", "trial_count": 10, "last_processed": 1553092951}, "title": "Suzuki V-Strom 650 DL V Strom Ευκαιρία καινούργιο '07", "ad_id": "10112986", "ad_data": {"Make/Model": "Suzuki V-Strom 650 DL V Strom Ευκαιρία καινούργιο '07", "Classified number": "10112986", "Price": "€4.500", "Category": "Bike - On/Off", "Registration": "7 / 2007", "Mileage": "26,000 km", "Fuel type": "Gasoline", "Cubic capacity": "650 cc", "Power": "55 bhp", "Color": "Blue (Metallic)", "Kteo to": "06 / 2018", "Modified": "3 hours", "Times clicked": "14", "Short link": "www.car.gr/10112986", "Telephone": "None"}, "ad_seller": {}, "metadata": {"type": "Bikes", "brand": "Suzuki", "model": "V-Strom 650"}, "extras": [], "description": "Suzuki v-strom 650..Σε άριστη κατάσταση, πρώτο χέρι, ελάχιστα χρησιμοποιημένο,με μόνο 26000 πραγματικά χιλιόμετρα..Διαθέτει bagster, κάγκελα προστασίας, μπαγκαζιερα 52 λίτρα χωρητικότητας (2 κράνη full-face),πλαϊνές βάσεις για σαμάρια, σχάρα αυθεντική της suzuki,έχει πραγματοποιηθεί πλήρες service,αλλαγή λαδιών, βαλβίδες,4 μπουζι,παραφλου, τακάκια εμπρός πισω, καινούργια μπαταρια,λάμπες λευκές, γρανάζια-αλυσίδα.περασμενο κτεο,τοποθετημενο εμπρος λαστιχο metzeler tourance next 01.09.2018.Δεκτος κάθε έλεγχος σε μηχανικό της επιλογής σας σε λογική χιλιομετρική απόσταση.Ειμαι σοβαρός άνθρωπος κ το μηχανάκι είναι σαν καινούργιο με πολύ καλή συντήρηση κ μεταχείρηση.φυλασεται σε υπόγειο γκαράζ κ χρησιμοποιείται ελάχιστα. - Less - "}