{"query": {"url": "https://www.car.gr/10446629-sym-magic-125-sr-cbs", "type": "CAR_ADDE", "trial_count": 1, "last_processed": 1553096170}, "title": "Sym  MAGIC 125 SR CBS  '17", "ad_id": "10446629", "ad_data": {"Make/Model": "Sym MAGIC 125 SR CBS  '17", "Classified number": "10446629", "Price": "€1.755", "Category": "Bike - Underbone", "Registration": "7 / 2017", "Fuel type": "Gasoline", "Cubic capacity": "125 cc", "Power": "15 bhp", "Color": "Black (Metallic)", "Modified": "4 days", "Times clicked": "2278", "Short link": "www.car.gr/10446629", "Telephone": "+30 2610329018"}, "ad_seller": {"Dealer": "MOTO KLAOUDATOS", "Address": "ΚΟΡΙΝΘΟΥ415ΠΑΤΡΑ", "City": "ΠΑΤΡΑ", "": "+30 6972691457", "Fax": "+30 2610329018", "Dealer page": "https//motoklaoudatos.car.gr/"}, "metadata": {"type": "Bikes", "brand": "Sym", "model": "Sym  MAGIC 125 SR CBS  '17 - € 1.755 EUR"}, "extras": ["Centerstand", "Electric starter", "Exchange with Moto accepted", "Exhibition", "Four-stroke engine", "Kick-Starter", "Led lights", "Semiautomatic", "Sidestand"], "description": "ΕΙΝΑΙ ΕΥΡΟ 4 CBS 2 ΧΡΟΝΙΑ ΕΓΓΥΗΣΗ - ΜΕΤΡΗΤΟΙΣ 1755 - ΜΕ ΧΡΗΜΑΤΟΔΟΤΗΣΗ 1945 - Less - "}