{"query": {"url": "https://www.car.gr/10170074-honda-varadero-1000-injection", "type": "CAR_ADDE", "trial_count": 1, "last_processed": 1553093915}, "title": "Honda Varadero 1000 INJECTION '05", "ad_id": "10170074", "ad_data": {"Make/Model": "Honda Varadero 1000 INJECTION '05", "Classified number": "10170074", "Price": "€4.300", "Category": "Bike - On/Off", "Registration": "8 / 2005", "Mileage": "65,000 km", "Fuel type": "Gasoline", "Cubic capacity": "1,000 cc", "Power": "95 bhp", "Color": "Black", "Modified": "14 hours", "Times clicked": "1203", "Short link": "www.car.gr/10170074", "Telephone": "+30 2262080150"}, "ad_seller": {"Dealer": "Margaritis-cars", "Address": "ΛΟΞΗΣΦΑΛΑΓΓΟΣ", "City": "ΘΗΒΑ", "": "+30 2262080150", "Fax": "+30 2262080150", "Dealer page": "https//margaritis-cars.car.gr/"}, "metadata": {"type": "Bikes", "brand": "Honda", "model": "Varadero 1000"}, "extras": [], "description": "ΑΡΙΣΤΟ - Less - "}