{"query": {"url": "https://www.car.gr/10551319-sym-symphony-st-125i-cbs", "type": "CAR_ADDE", "trial_count": 1, "last_processed": 1553104627}, "title": "Sym  SYMPHONY ST 125I CBS '17", "ad_id": "10551319", "ad_data": {"Make/Model": "Sym SYMPHONY ST 125I CBS '17", "Classified number": "10551319", "Price": "€2.195", "Category": "Bike - Roller/Scooter", "Registration": "7 / 2017", "Fuel type": "Gasoline", "Cubic capacity": "125 cc", "Power": "11 bhp", "Color": "Black", "Modified": "54 days", "Times clicked": "305", "Short link": "www.car.gr/10551319", "Telephone": "+30 2461039664"}, "ad_seller": {"Dealer": "MOTOKINISI", "Address": "ΦΙΛΙΠΠΟΥΒ17", "City": "ΚΟΖΑΝΗ", "": "+30 2461039664", "Fax": "+30 2461039664", "Dealer page": "https//tzellos-motokinisi.car.gr/"}, "metadata": {"type": "Bikes", "brand": "Sym", "model": "Sym  SYMPHONY ST 125I CBS '17 - € 2.195 EUR"}, "extras": ["Automatic", "Centerstand", "Credit card-Visa accepted", "Exchange with Moto accepted", "Four-stroke engine", "Kick-Starter", "Service Book", "Sidestand"], "description": "ΣΧΕΔΙΑΣΗ - • LED φώτα θέσης και οπισθίου φανού - • Καντράν με 2 ψηφιακές οθόνες και δυνατότητα προσαρμογής των ενδείξεων - • Τα αναδιπλούμενα μαρσπιέ συνεπιβάτη προσφέρουν ευρεία βάση στήριξης, ενώ κλειστά ενσωματώνονται τέλεια στις σχεδιαστικές γραμμές του μοντέλου - • Αντικλεπτικός διακόπτης κάτω από τη σέλα, εμποδίζει την εκκίνηση του κινητήρα σε περίπτωση παραβίασης του κεντρικού διακόπτη - • Πλαϊνά προστατευτικά με φινίρισμα carbon, περιορίζουν τη ζημιά στα φωτιστικά σώματα και τα πλαστικά μέρη του scooter - • Μοντέρνας σχεδίασης κάλυμμα εξάτμισης - ΠΡΑΚΤΙΚΟΤΗΤΑ - • Αποθηκευτικός χώρος για FULL FACE κράνος - • Κλειστός αποθηκευτικός χώρος μεταφοράς μικροπραγμάτων με παροχή USB 1.0Α - • Επίπεδο πάτωμα - • Ηλεκτρικό άνοιγμα σέλας με “button” - • Πλαϊνό stand με διακόπτη λειτουργίας - • Γάντζος ασφαλείας για την ανάρτηση χειραποσκευών στο εσωτερικό της ποδιάς - ΤΕΧΝΙΚΑ ΣΤΟΙΧΕΙΑ - • Ιπποδύναμη 10.5 PS / 8500 rpm - • Πίσω (240mm) – εμπρός (260mm) δισκόφρενα τύπου μαργαρίτα με 2πίστονα έμβολα - • Τροχοί 16” - • Ρυθμιζόμενες αναρτήσεις 3 θέσεων - • Αντίβαρα τιμονιού - • Σύστημα συνδυασμένης πέδησης – CBS - ΕΡΓΟΝΟΜΙΑ - • Άνετη σέλα για αναβάτη και συνεπιβάτη, διαμορφώνεται σε δύο επίπεδα και ενισχύεται από διπλή ραφή - • Ύψος σέλας, μόλις 79εκ. από το έδαφος - • Καλαίσθητη σχάρα με ενσωματωμένες πλαϊνές χειρολαβές συνεπιβάτη - Less - "}