{"query": {"url": "https://www.car.gr/10255191-bmw-k-1-k1", "type": "CAR_ADDE", "trial_count": 1, "last_processed": 1553101502}, "title": "Bmw K 1 K1 '91", "ad_id": "10255191", "ad_data": {"Make/Model": "Bmw K 1 K1 '91", "Classified number": "10255191", "Price": "€7.900", "Category": "Bike - Sport Touring", "Registration": "1 / 1991", "Mileage": "58,000 km", "Fuel type": "Gasoline", "Cubic capacity": "998 cc", "Power": "100 bhp", "Color": "Black (Metallic)", "Liters/100km": "4.1 (Εντός)/4.1 (Εκτός)/4.1 (Μικτό)", "Modified": "23 days", "Times clicked": "499", "Short link": "www.car.gr/10255191", "Telephone": "None"}, "ad_seller": {}, "metadata": {"type": "Bikes", "brand": "Bmw", "model": "K 1"}, "extras": [], "description": "ΕΙ ΝΑΙ ΣΕ ΑΡΙΣΤΗ ΚΑΤΑΣΤΑΣΗ ΧΩΡΙς ΚΑΝΕΝΑ ΑΠΩΛΥΤΩς ΠΡΟΒΛΗΜΑ , με πολύ προσεκτική χρήση, ΟΛΑ ΤΑ SERVICE ΓΙΝΟΝΤΑΙ ΤΑΚΤΙΚΑ ΛΟΓΟ ΠΑΡΕΛΘΟΝΤΟΣ ΧΡΟΝΟΥ ΚΑΙ ΟΧΙ ΛΟΓΟ ΧΙΛΙΟΜΕΤΡΩΝ. - πωλείται, υπάρχουν και οι πίσω υφασματινες βαλίτσες της κ1 , και το πρόσθετο που μετατρέπει την σέλα σε μονοσελο (χωρίς ΑΒS). - Έχει άριστη αεροδυναμική κάλυψη του αναβάτη , - (Τα Κ1 έχουν τελική ταχύτητα ν240 Χιλ/ώρα) . - Less - "}