{"query": {"url": "https://www.car.gr/10172585-bmw-f650", "type": "CAR_ADDE", "trial_count": 1, "last_processed": 1553100774}, "title": "Bmw  F650  '99", "ad_id": "10172585", "ad_data": {"Make/Model": "Bmw F650  '99", "Classified number": "10172585", "Price": "€1.800", "Category": "Bike - On/Off", "Registration": "1 / 1999", "Fuel type": "Gasoline", "Cubic capacity": "650 cc", "Power": "48 bhp", "Color": "Black", "Modified": "20 days", "Times clicked": "3042", "Short link": "www.car.gr/10172585", "Telephone": "+30 2104122075"}, "ad_seller": {"Dealer": "Tsivarakis Moto", "Address": "Γρ.Λαμπράκη10-12", "City": "ΠΕΙΡΑΙΑΣ", "": "+30 2104130039", "Fax": "+30 2104130039", "Dealer page": "https//tsivarakismoto.car.gr/", "Open hours": "Ωράριο Καταστήματος\nΔευτέρα – Παρασκευή 1000-2000\nΣάββατο 1000-1700"}, "metadata": {"type": "Bikes", "brand": "Bmw", "model": "Bmw  F650  '99 - € 1.800 EUR"}, "extras": ["Exchange with Moto accepted"], "description": "Με διακανονισμό τιμή €2000 6 ΜΗΝΕΣ ΓΡΑΠΤΗ ΕΓΓΥΗΣΗ - Ωράριο Καταστήματος - Δευτέρα – Παρασκευή 10:00-20:00 - Σάββατο 10:00-17:00 - Ωράριο Συνεργείου - Δευτέρα – Παρασκευή 10:00-18:00 - Less - "}