{"query": {"url": "https://www.car.gr/10172536-yamaha-yamaha-1100bulldog", "type": "CAR_ADDE", "trial_count": 1, "last_processed": 1553095936}, "title": "Yamaha  Yamaha ΒΤ1100BULLDOG '06", "ad_id": "10172536", "ad_data": {"Make/Model": "Yamaha Yamaha ΒΤ1100BULLDOG '06", "Classified number": "10172536", "Price": "€3.500", "Category": "Bike - On/Off", "Registration": "1 / 2006", "Mileage": "52,452 km", "Fuel type": "Gasoline", "Cubic capacity": "1,100 cc", "Power": "86 bhp", "Color": "Grey", "Modified": "4 days", "Times clicked": "3603", "Short link": "www.car.gr/10172536", "Telephone": "+30 2104122075"}, "ad_seller": {"Dealer": "Tsivarakis Moto", "Address": "Γρ.Λαμπράκη10-12", "City": "ΠΕΙΡΑΙΑΣ", "": "+30 2104130039", "Fax": "+30 2104130039", "Dealer page": "https//tsivarakismoto.car.gr/", "Open hours": "Ωράριο Καταστήματος\nΔευτέρα – Παρασκευή 1000-2000\nΣάββατο 1000-1700"}, "metadata": {"type": "Bikes", "brand": "Yamaha", "model": "Yamaha  Yamaha ΒΤ1100BULLDOG '06 - € 3.500 EUR"}, "extras": ["Exchange with Moto accepted"], "description": "Με διακανονισμό τιμή €4000 6 ΜΗΝΕΣ ΓΡΑΠΤΗ ΕΓΓΥΗΣΗ - Ωράριο Καταστήματος - Δευτέρα – Παρασκευή 10:00-20:00 - Σάββατο 10:00-17:00 - Ωράριο Συνεργείου - Δευτέρα – Παρασκευή 10:00-18:00 - Less - "}