{"query": {"url": "https://www.car.gr/10172509-aprilia-atlantic-500", "type": "CAR_ADDE", "trial_count": 1, "last_processed": 1553104764}, "title": "Aprilia  ATLANTIC 500 '06", "ad_id": "10172509", "ad_data": {"Make/Model": "Aprilia ATLANTIC 500 '06", "Classified number": "10172509", "Price": "€2.200", "Category": "Bike - Roller/Scooter", "Registration": "1 / 2006", "Mileage": "34,000 km", "Fuel type": "Gasoline", "Cubic capacity": "500 cc", "Power": "35 bhp", "Color": "Black", "Modified": "over 2 months", "Times clicked": "1492", "Short link": "www.car.gr/10172509", "Telephone": "+30 2104122075"}, "ad_seller": {"Dealer": "Tsivarakis Moto", "Address": "Γρ.Λαμπράκη10-12", "City": "ΠΕΙΡΑΙΑΣ", "": "+30 2104130039", "Fax": "+30 2104130039", "Dealer page": "https//tsivarakismoto.car.gr/", "Open hours": "Ωράριο Καταστήματος\nΔευτέρα – Παρασκευή 1000-2000\nΣάββατο 1000-1700"}, "metadata": {"type": "Bikes", "brand": "Aprilia", "model": "Aprilia  ATLANTIC 500 '06 - € 2.200 EUR"}, "extras": ["Exchange with Moto accepted"], "description": "Με διακανονισμό τιμή €2500 - 6 ΜΗΝΕΣ ΓΡΑΠΤΗ ΕΓΓΥΗΣΗ - Ωράριο Καταστήματος - Δευτέρα – Παρασκευή 10:00-20:00 - Σάββατο 10:00-17:00 - Ωράριο Συνεργείου - Δευτέρα – Παρασκευή 10:00-18:00 - Less - "}