{"query": {"url": "https://www.car.gr/10092325-harley-davidson-v-rod-10th-anniversary-edition", "type": "CAR_ADDE", "trial_count": 1, "last_processed": 1553095070}, "title": "Harley Davidson V-ROD 10th anniversary edition '12", "ad_id": "10092325", "ad_data": {"Make/Model": "Harley Davidson V-ROD 10th anniversary edition '12", "Classified number": "10092325", "Price": "€33.500", "Category": "Bike - Custom", "Registration": "1 / 2012", "Mileage": "4,560 km", "Fuel type": "Gasoline", "Cubic capacity": "1,250 cc", "Power": "120 bhp", "Color": "Black", "Modified": "2 days", "Times clicked": "35390", "Short link": "www.car.gr/10092325", "Telephone": "+30 2109403203"}, "ad_seller": {"Dealer": "FAST AND FASHION", "Address": "ΑΛΙΚΑΡΝΑΣΣΟΥ1", "City": "ΝΕΑΣΜΥΡΝΗ", "": "+30 2109403204", "Fax": "+30 2109429550", "Dealer page": "https//fastfashion.car.gr/", "Website": "http//www.fastfashion.gr", "Open hours": "Δευτέρα - Παρασκευή  1000΄ - 2000΄\nΣάββατον  1000΄ - 1400΄"}, "metadata": {"type": "Bikes", "brand": "Harley Davidson", "model": "V-ROD"}, "extras": ["Alarm", "Car Exchange", "Electric starter", "Service Book", "Sidestand"], "description": ""}