{"query": {"url": "https://www.car.gr/10378160-aprilia-dorsoduro-900-abs-new", "type": "CAR_ADDE", "trial_count": 1, "last_processed": 1553094400}, "title": "Aprilia Dorsoduro 900 ABS NEW '17", "ad_id": "10378160", "ad_data": {"Make/Model": "Aprilia Dorsoduro 900 ABS NEW '17", "Classified number": "10378160", "Price": "€8.900", "Category": "Bike - On/Off", "Registration": "6 / 2017", "Fuel type": "Gasoline", "Cubic capacity": "900 cc", "Power": "98 bhp", "Color": "Red", "Modified": "22 hours", "Times clicked": "11829", "Short link": "www.car.gr/10378160", "Telephone": "+30 2109707198"}, "ad_seller": {"Dealer": "ΑΡΜΑΚΟΛΑΣ", "Address": "Λ.ΑΜΦΙΘΕΑΣ151Π.ΦΑΛΗΡΟ", "City": "ΠΑΛΑΙΟΦΑΛΗΡΟ", "": "+30 2109401260", "Dealer page": "https//armakolasmoto.car.gr/", "Website": "http//www.armakolasmoto.gr", "Open hours": "Δευτέρα - Παρασκευή από 0900 έως 2000, Σάββατο 0900 έως 1400, Κυριακή κλειστά."}, "metadata": {"type": "Bikes", "brand": "Aprilia", "model": "Dorsoduro"}, "extras": ["ABS"], "description": "NEW MODEL 2017!!! - Less - "}