{"query": {"url": "https://www.car.gr/10070158-aprilia-atlantic-250", "type": "CAR_ADDE", "trial_count": 1, "last_processed": 1553093905}, "title": "Aprilia Atlantic 250  '06", "ad_id": "10070158", "ad_data": {"Make/Model": "Aprilia Atlantic 250 '06", "Classified number": "10070158", "Price": "€1.600", "Category": "Bike - Roller/Scooter", "Registration": "1 / 2006", "Mileage": "36,000 km", "Fuel type": "Gasoline", "Cubic capacity": "250 cc", "Power": "22 bhp", "Color": "Dark blue", "Kteo to": "03 / 2019", "Modified": "10 hours", "Times clicked": "171", "Short link": "www.car.gr/10070158", "Telephone": "None"}, "ad_seller": {}, "metadata": {"type": "Bikes", "brand": "Aprilia", "model": "Atlantic 250"}, "extras": [], "description": "ΓΙΝΕΤΑΙ ΚΑΙ ΑΝΤΑΛΑΓΗ ΜΕ 500 SCOOTER + Η ΔΙΑΦΟΡΑ ΑΠΟ ΜΕΡΟΣ ΜΟΥ ΤΟ ΜΗΧ/ΝΑΚΙ ΕΙΝΑΙ Σ ΤΕΛΕΙΑ ΚΑΤΑΣΤΣΑΣΗ - Less - "}