{"query": {"url": "https://www.car.gr/10318893-honda-slr-sl-230", "type": "CAR_ADDE", "trial_count": 1, "last_processed": 1553093391}, "title": "Honda SLR SL 230  '01", "ad_id": "10318893", "ad_data": {"Make/Model": "Honda SLR SL 230  '01", "Classified number": "10318893", "Price": "€2.700", "Category": "Bike - Εnduro", "Registration": "1 / 2001", "Mileage": "60,000 km", "Fuel type": "Gasoline", "Cubic capacity": "230 cc", "Power": "28 bhp", "Color": "Grey (Metallic)", "Kteo to": "01 / 2018", "Previous owners": "1", "Modified": "6 hours", "Times clicked": "2011", "Short link": "www.car.gr/10318893", "Telephone": "None"}, "ad_seller": {"Name": "Στεφανος", "Address": "ΒΟΛΟΣP.ΜΑΓΝΗΣΙΑΣ"}, "metadata": {"type": "Bikes", "brand": "Honda", "model": "SLR"}, "extras": [], "description": "Η μοτοσυκλετα ειναι κουκλα και δουλευει τελεια μοτερικα αναρτηση τα παντα ολα,για οσους δεν γνωριζουν το μοτερακι αυτο εχει και 6η στο σαζμαν και τσουλαει υπεροχα!!δυνατα ανετα και προπαντως οικονομικα! - Less - "}