{"query": {"url": "https://www.car.gr/10551776-sym-cruisym-300i-f4-abs-euro-4-17", "type": "CAR_ADDE", "trial_count": 1, "last_processed": 1553104767}, "title": "Sym  CRUISYM 300I F4 ABS EURO 4 17\" '17", "ad_id": "10551776", "ad_data": {"Make/Model": "Sym CRUISYM 300I F4 ABS EURO 4 17\" '17", "Classified number": "10551776", "Price": "€4.895", "Category": "Bike - Roller/Scooter", "Registration": "7 / 2017", "Fuel type": "Gasoline", "Cubic capacity": "300 cc", "Power": "28 bhp", "Color": "Black", "Modified": "over 2 months", "Times clicked": "845", "Short link": "www.car.gr/10551776", "Telephone": "+30 2461039664"}, "ad_seller": {"Dealer": "MOTOKINISI", "Address": "ΦΙΛΙΠΠΟΥΒ17", "City": "ΚΟΖΑΝΗ", "": "+30 2461039664", "Fax": "+30 2461039664", "Dealer page": "https//tzellos-motokinisi.car.gr/"}, "metadata": {"type": "Bikes", "brand": "Sym", "model": "Sym  CRUISYM 300I F4 ABS EURO 4 17\" '17 - € 4.895 EUR"}, "extras": ["ABS", "Automatic", "Centerstand", "Credit card-Visa accepted", "Exchange with Moto accepted", "Four-stroke engine", "Kick-Starter", "Service Book", "Sidestand"], "description": "Εξοπλισμός – Τεχνικά χαρακτηριστικά - – Ρυθμιζόμενος ανεμοθώρακας 2 θέσεων - – Διπλοί εμπρόσθιοι προβολείς - – Εμπρόσθιος και οπίσθιος φανός τεχνολογίας LED - – Αναδιπλούμενοι καθρέφτες με ενσωματωμένα φλας τεχνολογίας LED - – Μαγνητικός διακόπτης ασφαλείας κλειδαριάς - – Μεγάλος αποθηκευτικός χώρος για 2 Full Face κράνη - – Επιπλέον αποθηκευτικός χώρος με 12V παροχή ρεύματος - – Κεντρικό/πλαϊνό σταντ με διακόπτη λειτουργίας - Τεχνολογική υπεροχή - – Τετραβάλβιδο – Υγρόψυκτο - – Οικονομική κατανάλωση EURO 4 - – Ηλεκτρονικός ψεκασμός EFI - – 2 χρόνια εγγύηση (απεριόριστα χλμ.) - Μέγιστη ασφάλεια - – Τροχοί 14” ο εμπρόσθιος και 13” ο οπίσθιος - – Πίσω – εμπρός δισκόφρενο με σύστημα πέδησης ABS - – Διπλά αμορτισέρ - – Ενισχυμένο άκαμπτο πλαίσιο - Less - "}