{"query": {"url": "https://www.car.gr/10461031-honda-cbf-600-moto-billis", "type": "CAR_ADDE", "trial_count": 1, "last_processed": 1553093883}, "title": "Honda CBF 600 MOTO BILLIS '07", "ad_id": "10461031", "ad_data": {"Make/Model": "Honda CBF 600 MOTO BILLIS '07", "Classified number": "10461031", "Price": "€2.700", "Category": "Bike - Naked", "Registration": "8 / 2007", "Mileage": "28,500 km", "Fuel type": "Gasoline", "Cubic capacity": "600 cc", "Power": "82 bhp", "Color": "Silver (Metallic)", "Modified": "16 minutes", "Times clicked": "12245", "Short link": "www.car.gr/10461031", "Telephone": "+30 2351079677"}, "ad_seller": {"Dealer": "Moto Billy's", "Address": "θεσσαλονικης92κατερινη", "City": "ΚΑΤΕΡΙΝΗ", "": "+30 2351079677", "Fax": "+30 2351079677", "Dealer page": "https//moto-billys.car.gr/"}, "metadata": {"type": "Bikes", "brand": "Honda", "model": "CBF 600"}, "extras": ["ABS", "Cast wheels", "Centerstand", "Credit card-Visa accepted", "Electric starter", "Exchange with Moto accepted", "Four-stroke engine", "Sidestand"], "description": "Το μηχανακι ειναι σε αριστη κατασταση - Less - "}