{"query": {"url": "https://www.car.gr/10216016-yamaha-xt550-1982", "type": "CAR_ADDE", "trial_count": 1, "last_processed": 1553095548}, "title": "Yamaha  xt550 1982 '82", "ad_id": "10216016", "ad_data": {"Make/Model": "Yamaha xt550 1982 '82", "Classified number": "10216016", "Price": "€4.200", "Category": "Bike - Super Motard", "Registration": "3 / 1982", "Mileage": "1,300 km", "Fuel type": "Gasoline", "Cubic capacity": "550 cc", "Power": "45 bhp", "Color": "Green", "Kteo to": "01 / 2019", "Liters/100km": "11 (Εντός)/11 (Εκτός)/11 (Μικτό)", "Modified": "3 days", "Times clicked": "104", "Short link": "www.car.gr/10216016", "Telephone": "None"}, "ad_seller": {}, "metadata": {"type": "Bikes", "brand": "Yamaha", "model": "Yamaha  xt550 1982 '82 - € 4.200 EUR (Negotiable)"}, "extras": ["Antique-Classic", "Electric starter", "Exhaust Special", "Four-stroke engine", "Sidestand"], "description": "aristo .. dektos kathe elenxos polla extra..me miza!! - Less - "}