{"query": {"url": "https://www.car.gr/10051019-suzuki-gsx-1400-4", "type": "CAR_ADDE", "trial_count": 1, "last_processed": 1553099175}, "title": "Suzuki GSX 1400 Κ4 '04", "ad_id": "10051019", "ad_data": {"Make/Model": "Suzuki GSX 1400 Κ4 '04", "Classified number": "10051019", "Price": "€4.000", "Category": "Bike - Naked", "Registration": "9 / 2004", "Mileage": "110,000 km", "Fuel type": "Gasoline", "Cubic capacity": "1,400 cc", "Power": "104 bhp", "Color": "Black (Metallic)", "Kteo to": "07 / 2018", "Modified": "13 days", "Times clicked": "7151", "Short link": "www.car.gr/10051019", "Telephone": "None"}, "ad_seller": {}, "metadata": {"type": "Bikes", "brand": "Suzuki", "model": "GSX 1400"}, "extras": [], "description": "Υπάρχουν φανάρι και καντράν μαμά για να γίνει ξανά όπως το βγάζει η suzuki για όποιον δεν αρέσει η μάσκα που έχει από το Duke. - Less - "}