{"query": {"url": "https://www.car.gr/10542228-suzuki-vs-600-intruder", "type": "CAR_ADDE", "trial_count": 1, "last_processed": 1553100392}, "title": "Suzuki VS 600 INTRUDER '97", "ad_id": "10542228", "ad_data": {"Make/Model": "Suzuki VS 600 INTRUDER '97", "Classified number": "10542228", "Price": "€2.300", "Category": "Bike - Custom", "Registration": "1 / 1997", "Mileage": "48,000 km", "Fuel type": "Gasoline", "Cubic capacity": "600 cc", "Power": "46 bhp", "Color": "Bordeaux (Metallic)", "Modified": "17 days", "Times clicked": "3759", "Short link": "www.car.gr/10542228", "Telephone": "None"}, "ad_seller": {}, "metadata": {"type": "Bikes", "brand": "Suzuki", "model": "VS 600"}, "extras": ["Electric starter", "Four-stroke engine", "Sidestand", "Spoke wheels"], "description": "ΑΠΟ ΤΗΝ SUZUKI ΑΝΤ/ΠΕΙΑΣ - Less - "}