{"query": {"url": "https://www.car.gr/10136049-honda-slr-650-scrambler", "type": "CAR_ADDE", "trial_count": 1, "last_processed": 1553093391}, "title": "Honda SLR 650 scrambler  '02", "ad_id": "10136049", "ad_data": {"Make/Model": "Honda SLR 650 scrambler  '02", "Classified number": "10136049", "Price": "€3.900", "Category": "Bike - Cafe Racer", "Registration": "1 / 2002", "Mileage": "11,400 km", "Fuel type": "Gasoline", "Cubic capacity": "650 cc", "Power": "55 bhp", "Color": "Red", "Kteo to": "02 / 2019", "Previous owners": "1", "Modified": "6 hours", "Times clicked": "3488", "Short link": "www.car.gr/10136049", "Telephone": "None"}, "ad_seller": {"Name": "Στεφανος", "Address": "ΒΟΛΟΣP.ΜΑΓΝΗΣΙΑΣ"}, "metadata": {"type": "Bikes", "brand": "Honda", "model": "SLR 650"}, "extras": [], "description": "Η μηχανη ειναι εντελος καινουργια τα χλμ ειναι πραγματικα(εχω το μαμα κοντερ αλλα νομιζω οτι ειναι εμφανεστατη η κατασταση της),στηθηκε scrampleraki με απιστευτη αισθηση οδηγικη, τρελη ροπη και γκαζι με αυτες τις εξατμισεις και δεν το δουλεψα ποτε λογο οικογενειας.Χρειαζεται δυο τρια τελειωματα και ειναι ικανο να σας φτιαξει τη μερα. Η μηχανη για οποιον ξερει ακομα και απο τις φωτο φαινεται οτι ειναι σαν να βγηκε απο την κουτα !!!δεν εχω επεμβει πουθενα βαφωντας η καθαριζωντας κατι εκτος απο τις μετατροπες στα φτερα και ντεποζιτο το οποιο αγοραστικε σαν ανταλλακτικο οπως το βλεπετε ολοκαινουργιο HONDA με το λαδακι του και το πρωτο καυσιμο το εβαλα εγω.Η τιμη αφορα τη μηχανη τα εξοδα να παρουμε πινακιδες κτεο ασφαλεια τα καλυπτει ο αγοραστης. - Less - "}