{"query": {"url": "https://www.car.gr/10102760-zundapp-ks-50-wc", "type": "CAR_ADDE", "trial_count": 1, "last_processed": 1553102466}, "title": "Zundapp  KS 50 WC '82", "ad_id": "10102760", "ad_data": {"Make/Model": "Zundapp KS 50 WC '82", "Classified number": "10102760", "Price": "€5.000", "Category": "Bike - Moped", "Registration": "1 / 1982", "Mileage": "3,860 km", "Fuel type": "Gasoline", "Cubic capacity": "50 cc", "Power": "8 bhp", "Color": "Bordeaux", "Liters/100km": "2 (Εντός)/2 (Εκτός)/2 (Μικτό)", "Previous owners": "1", "Modified": "30 days", "Times clicked": "2358", "Short link": "www.car.gr/10102760", "Telephone": "None"}, "ad_seller": {}, "metadata": {"type": "Bikes", "brand": "Zundapp", "model": "Zundapp  KS 50 WC '82 - € 5.000 EUR"}, "extras": [], "description": "ZUNDÀPP KS 50 WC Μοντέλο 1982 Υδροψυκτο. Μόνο 3850 Χιλ. Καινουργιο.Δεν είναι από ανακατασκευή. Η σελλα είναι η δική του. Δεν υπάρχει άλλο στην Ελλάδα. Εχει αδεια και για το 2019. - Παει πανω απο 100. - Less - "}