{"query": {"url": "https://www.car.gr/10551808-sym-maxsym-400i-abs", "type": "CAR_ADDE", "trial_count": 1, "last_processed": 1553096296}, "title": "Sym  MAXSYM 400I ABS '17", "ad_id": "10551808", "ad_data": {"Make/Model": "Sym MAXSYM 400I ABS '17", "Classified number": "10551808", "Price": "€5.895", "Category": "Bike - Roller/Scooter", "Registration": "7 / 2017", "Fuel type": "Gasoline", "Cubic capacity": "400 cc", "Power": "34 bhp", "Color": "Black", "Modified": "5 days", "Times clicked": "470", "Short link": "www.car.gr/10551808", "Telephone": "+30 2461039664"}, "ad_seller": {"Dealer": "MOTOKINISI", "Address": "ΦΙΛΙΠΠΟΥΒ17", "City": "ΚΟΖΑΝΗ", "": "+30 2461039664", "Fax": "+30 2461039664", "Dealer page": "https//tzellos-motokinisi.car.gr/"}, "metadata": {"type": "Bikes", "brand": "Sym", "model": "Sym  MAXSYM 400I ABS '17 - € 5.895 EUR"}, "extras": ["ABS", "Automatic", "Centerstand", "Credit card-Visa accepted", "Exchange with Moto accepted", "Four-stroke engine", "Kick-Starter", "Service Book", "Sidestand"], "description": "Εξοπλισμός – Τεχνικά χαρακτηριστικά - – Ρυθμιζόμενος ανεμοθώρακας 2 θέσεων - – Ρυθμιζόμενη πλάτη οδηγού - – Αυτόματο άνοιγμα σέλας - – Πλάτη συνοδηγού - – Γρίλιες στην εσωτερική ποδιά που κατευθύνουν το θερμό αέρα στα πόδια του αναβάτη - – Διπλοί εμπρόσθιοι προβολείς - – Εμπρόσθιος και οπίσθιος φανός τεχνολογίας LED - – Διακόπτης ALARM - – Στροφόμετρο - – Μαγνητικός διακόπτης ασφαλείας κλειδαριάς - – Αντικλεπτικός διακόπτης ασφαλείας κάτω από τη σέλα - – Άνοιγμα σέλας με υδραυλικό μηχανισμό - – Μεγάλοι και έξυπνοι αποθηκευτικοί χώροι - – Εσωτερικός φωτισμός χώρου αποσκευών - – 12V παροχή ρεύματος και θύρα USB για φόρτιση συσκευών - – Ρεζερβουάρ 14.2 λίτρων - – Κεντρικό/πλαϊνό σταντ με διακόπτη λειτουργίας - – Χειρόφρενο - Τεχνολογική υπεροχή - – Τετραβάλβιδο - – Υγρόψυκτο - – Iσχύς 33.3 PS - – Ηλεκτρονικός ψεκασμός EFI KEIHIN - – 2 χρόνια εγγύηση (απεριόριστα χλμ.) - Μέγιστη ασφάλεια - – Τροχοί 15″ ο εμπρόσθιος και 14″ ο οπίσθιος - – Εμπρός διπλό δισκόφρενο με ακτινωτές 4πίστονες δαγκάνες / Πίσω δισκόφρενο - – Εξελιγμένο σύστημα πέδησης ABS 4ης γενιάς - – Διπλά ρυθμιζόμενα αμορτισέρ - – Σταθερό άκαμπτο πλαίσιο - Less - "}