{"query": {"url": "https://www.car.gr/10107277-honda-z-50-monkey-z-50-bobos", "type": "CAR_ADDE", "trial_count": 1, "last_processed": 1553096449}, "title": "Honda Z 50 MONKEY Z-50 BOBOS '95", "ad_id": "10107277", "ad_data": {"Make/Model": "Honda Z 50 MONKEY Z-50 BOBOS '95", "Classified number": "10107277", "Price": "€4.000", "Category": "Bike - Moped", "Registration": "1 / 1995", "Mileage": "4,250 km", "Fuel type": "Gasoline", "Cubic capacity": "50 cc", "Power": "5 bhp", "Color": "Dark blue (Metallic)", "Modified": "5 days", "Times clicked": "4875", "Short link": "www.car.gr/10107277", "Telephone": "None"}, "ad_seller": {}, "metadata": {"type": "Bikes", "brand": "Honda", "model": "Z 50"}, "extras": ["Antique-Classic", "Four-stroke engine", "Semiautomatic"], "description": ""}