{"query": {"url": "https://www.car.gr/10093145-kawasaki-z-750", "type": "CAR_ADDE", "trial_count": 1, "last_processed": 1553101721}, "title": "Kawasaki Z 750  '08", "ad_id": "10093145", "ad_data": {"Make/Model": "Kawasaki Z 750 '08", "Classified number": "10093145", "Price": "€4.700", "Category": "Bike - Naked", "Registration": "5 / 2008", "Mileage": "19,200 km", "Fuel type": "Gasoline", "Cubic capacity": "750 cc", "Power": "110 bhp", "Color": "Orange (Metallic)", "Kteo to": "05 / 2019", "Modified": "25 days", "Times clicked": "83", "Short link": "www.car.gr/10093145", "Telephone": "None"}, "ad_seller": {}, "metadata": {"type": "Bikes", "brand": "Kawasaki", "model": "Z 750"}, "extras": ["Catalyst", "Electric starter", "Four-stroke engine", "Gelatin", "Sidestand"], "description": "Η μηχανή είναι σε άριστη κατάσταση, φοράει λάστιχα καινούρια michelin,. - Τα χιλιόμετρα είναι πραγματικά. πωλείται λόγου χρήσης κι άλλου δικύκλου. δεκτός κάθε έλεγχος! ,, - Less - "}