{"query": {"url": "https://www.car.gr/10098897-ktm-smt-990-smt-990", "type": "CAR_ADDE", "trial_count": 1, "last_processed": 1553096476}, "title": "KTM SMT 990 SMT 990 '11", "ad_id": "10098897", "ad_data": {"Make/Model": "KTM SMT 990 SMT 990 '11", "Classified number": "10098897", "Price": "€8.100", "Category": "Bike - Sport Touring", "Registration": "9 / 2011", "Mileage": "39,900 km", "Fuel type": "Gasoline", "Cubic capacity": "990 cc", "Power": "115 bhp", "Color": "Black", "Kteo to": "09 / 2019", "Modified": "5 days", "Times clicked": "1037", "Short link": "www.car.gr/10098897", "Telephone": "None"}, "ad_seller": {}, "metadata": {"type": "Bikes", "brand": "KTM", "model": "SMT 990"}, "extras": ["ABS", "Alarm", "Cargo Rack", "Centerstand", "Engine Guards", "Kick-Starter", "Sidestand", "Top Box-Μπαγκαζιέρα"], "description": "Πωλείται KTM SM-T 990 με ABS, μοντέλο 9/2011 σε ΑΡΙΣΤΗ ΚΑΤΑΣΤΑΣΗ! - ΕΠΙΠΛΕΟΝ ΕΞΟΠΛΙΣΜΟΣ : - • Kάγκελα προστασίας κινητήρα - • Top Case αλουμινίου μαύρη 38lt ΚΤΜ - • Σχάρα μεταλλική για Top Case - • Προστατευτικά πτώσης μαρσπιέ συνεπιβάτη - • Επιπλέον βάση στήριξης σε πλαϊνό στάντ - • Κεντρικό στάντ - • Δακτύλιος συμπίεσης κεντρικού αμορτισέρ ( Εξαιρετική και απαραίτητη ρύθμιση σε ταξίδι με συνεπιβάτη και φορτίο ) - • Συναγερμός ΚΤΜ - • Πλέγμα προστατευτικό αλουμινίου για ψυγείο - • Πορτοκαλί διακοσμητικά αλουμινίου (κινητήρα-δοχείο υγρών φρένων) - ΣΧΕΔΟΝ ΚΑΙΝΟΥΡΓΙΑ! - • Χρυσή Αλυσίδα - Γρανάζια - • Μπαταρία Λιθίου ( καινούργια 0319 ) - • Λάστιχα Dunlop Roadsmart III ( Άριστη πρόσφυξη ) - Η μηχανή είναι 1ο χέρι και φυλάσσεται μόνιμα σε κλειστό γκαράζ. - Η ΕΠΙΛΟΓΗ ΤΗΣ ΕΙΝΑΙ ΙΔΑΝΙΚΗ ΓΙΑ ΧΡΗΣΗ ΤΟΣΟ ΣΤΗΝ ΠΟΛΗ ( ΣΑΝ ΠΟΔΗΛΑΤΟ ) ΟΣΟ ΚΑΙ ΓΙΑ ΜΕΓΑΛΑ ΤΑΞΙΔΙΑ. - Less - "}