{"query": {"url": "https://www.car.gr/10638254-peugeot-vivacity-50-compact", "type": "CAR_ADDE", "trial_count": 1, "last_processed": 1553097489}, "title": "Peugeot Vivacity 50 compact ΚΑΙΝΟΥΡΙΟ ΠΡΟΣΦΟΡΑ '06", "ad_id": "10638254", "ad_data": {"Make/Model": "Peugeot Vivacity 50 compact ΚΑΙΝΟΥΡΙΟ ΠΡΟΣΦΟΡΑ '06", "Classified number": "10638254", "Price": "€1.350", "Category": "Bike - Roller/Scooter", "Registration": "1 / 2006", "Fuel type": "Gasoline", "Cubic capacity": "50 cc", "Power": "4 bhp", "Color": "Silver (Metallic)", "Modified": "8 days", "Times clicked": "9", "Short link": "www.car.gr/10638254", "Telephone": "+30 2102916028"}, "ad_seller": {"Dealer": "NIKOLAOU MOTO", "Address": "ΑΓΓΛΥΚΕΡΙΑΣ52", "City": "ΓΑΛΑΤΣΙ", "": "+30 2102928165", "Fax": "+30 2102136214", "Dealer page": "https//nikolaou-moto.car.gr/"}, "metadata": {"type": "Bikes", "brand": "Peugeot", "model": "Vivacity 50"}, "extras": [], "description": "To scooter είναι stock με μηδέν χιλιόμετρα και η κατάσταση του ειναι άριστη έχει εγγύηση αντιπροσωπείας δυο χρόνια απο την αγορά του - Less - "}