{"query": {"url": "https://www.car.gr/10401999-honda-transalp-650", "type": "CAR_ADDE", "trial_count": 1, "last_processed": 1553096631}, "title": "Honda Transalp 650  '02", "ad_id": "10401999", "ad_data": {"Make/Model": "Honda Transalp 650 '02", "Classified number": "10401999", "Price": "€1.950", "Category": "Bike - On/Off", "Registration": "8 / 2002", "Mileage": "49,000 km", "Fuel type": "Gasoline", "Cubic capacity": "650 cc", "Power": "50 bhp", "Color": "Black", "Kteo to": "08 / 2018", "Liters/100km": "7 (Εντός)/7 (Εκτός)", "Modified": "6 days", "Times clicked": "126", "Short link": "www.car.gr/10401999", "Telephone": "None"}, "ad_seller": {}, "metadata": {"type": "Bikes", "brand": "Honda", "model": "Transalp 650"}, "extras": ["Cargo Rack"], "description": "Πωλειται Honda Transalp 650 2ο εξ/νο '02,full face lift '06,απο γενικο σερβις,λαστιχα 6ος 2016,σχαρα βαλιτσα,αριστη καταταση,49000 km - Less - "}