{"query": {"url": "https://www.car.gr/10547651-kawasaki-zx-250r-ninja", "type": "CAR_ADDE", "trial_count": 1, "last_processed": 1553100343}, "title": "Kawasaki ZX 250R Ninja  '11", "ad_id": "10547651", "ad_data": {"Make/Model": "Kawasaki ZX 250R Ninja '11", "Classified number": "10547651", "Price": "€3.200", "Category": "Bike - Sport Touring", "Registration": "7 / 2011", "Mileage": "24,900 km", "Fuel type": "Gasoline", "Cubic capacity": "250 cc", "Power": "33 bhp", "Color": "White (Metallic)", "Kteo to": "09 / 2020", "Liters/100km": "4 (Εντός)/3 (Εκτός)/3.5 (Μικτό)", "Modified": "17 days", "Times clicked": "4321", "Short link": "www.car.gr/10547651", "Telephone": "None"}, "ad_seller": {}, "metadata": {"type": "Bikes", "brand": "Kawasaki", "model": "ZX 250R Ninja"}, "extras": ["Electric starter", "Exhaust Special", "Four-stroke engine", "Gelatin", "Service Book", "Sidestand"], "description": "Η μηχανή είναι πρώτο χέρι, στρώσιμο άψογο, ατρακάριστη, άριστη κατάσταση. - Τα χιλιόμετρα είναι πραγματικά, όλα τα service έχουν γίνει στην επίσημη αντιπροσωπεία και είναι γραμμένα στο βιβλίο. Φυλάσσεται σε κλειστό πάρκινγκ και δεν έχει βγει στη βροχή. Η αλυσίδα καθαρίζεται και γρασσάρεται κάθε 500 χλμ και βάζω μόνο Shell V-Power βενζίνη. - Φοράει καινούργια λάστιχα Bridgestone Battlax S20 (το καλύτερο λάστιχο για το νιντζάκι). - Έχει μαύρο ανεμοθώρακα Double Bubble και tankpad στο ντεπόζιτο. - Φοράει εξάτμιση Danmoto Texalium GP (ειδικό υλικό που δεν θερμαίνεται καθόλου έστω και μετά από ώρες ταξιδιού) με αφαιρούμενο σιγαστήρα. - Έχει βαφτεί το πλαστικό πάνω από την αλυσίδα στο χρώμα της μηχανής για να δείχνει πιο όμορφο. Υπάρχουν όλα τα μαμά πράγματα. - Πωλείται και η εξάτμιση ξεχωριστά. - Less - "}