{"query": {"url": "https://www.car.gr/classifieds/bikes/view/10184542/", "type": "CAR_ADDE", "trial_count": 1, "last_processed": 1553101342}, "title": "Αλλο   '75", "ad_id": "10184542", "ad_data": {"Make/Model": "Αλλο '75", "Classified number": "10184542", "Price": "€400", "Category": "Bike - Moped", "Registration": "1 / 1975", "Mileage": "1 km", "Fuel type": "Gasoline", "Cubic capacity": "50 cc", "Power": "12 bhp", "Color": "Red", "Previous owners": "1", "Modified": "23 days", "Times clicked": "7701", "Short link": "www.car.gr/10184542", "Telephone": "None"}, "ad_seller": {}, "metadata": {"type": "Bikes", "brand": "Αλλο", "model": "Αλλο   '75 - € 400 EUR"}, "extras": ["Antique-Classic", "Two-stroke"], "description": "ΠΩΛΕΙΤΑΙ MONKEY ΓΝΗΣΙΟ ΡΩΣΙΚΟ, 50 cc,ΤΟΥ 1985, ΑΝΑΚΑΤΑΣΚΕΥΑΣΜΕΝΟ, ΣΕ ΑΡΙΣΤΗ ΚΑΤΑΣΤΑΣΗ.ΤΟ ΜΗΧΑΝΑΚΙ ΕΙΝΑΙ ΣΥΛΛΕΚΤΙΚΟ, ΧΩΡΙΣ ΧΑΡΤΙΑ. - Less - "}