{"query": {"url": "https://www.car.gr/10184585-bmw-c-650-gt-highline", "type": "CAR_ADDE", "trial_count": 1, "last_processed": 1553096063}, "title": "Bmw C 650 GT highline  '13", "ad_id": "10184585", "ad_data": {"Make/Model": "Bmw C 650 GT highline  '13", "Classified number": "10184585", "Price": "€6.000", "Category": "Bike - Roller/Scooter", "Registration": "11 / 2013", "Mileage": "28,000 km", "Fuel type": "Gasoline", "Cubic capacity": "650 cc", "Power": "60 bhp", "Color": "Gold", "Kteo to": "01 / 2019", "Liters/100km": "6.3 (Μικτό)", "Modified": "4 days", "Times clicked": "303", "Short link": "www.car.gr/10184585", "Telephone": "None"}, "ad_seller": {"Name": "Δημήτρης", "Address": "ΣΕΡΡΕΣP.ΣΕΡΡΩΝ"}, "metadata": {"type": "Bikes", "brand": "Bmw", "model": "C 650 GT"}, "extras": ["ABS", "Automatic", "Cargo Rack", "Catalyst", "Centerstand", "Electric starter", "Four-stroke engine", "Gelatin", "Greek Dealership", "Heated Handguards", "Injection", "Led lights", "Service Book", "Sidestand", "Skid Plate", "TCS-TractionControl", "Trip computer"], "description": "Δεκτός κάθε έλεγχος ! - Τέλη 2019 πληρωμένα! - Less - "}