{"query": {"url": "https://www.car.gr/10282619-yamaha-yz-250f-yz-250f", "type": "CAR_ADDE", "trial_count": 1, "last_processed": 1553101190}, "title": "Yamaha YZ 250F YZ 250F '09", "ad_id": "10282619", "ad_data": {"Make/Model": "Yamaha YZ 250F YZ 250F '09", "Classified number": "10282619", "Price": "€2.300", "Category": "Bike - Motocross", "Registration": "3 / 2009", "Mileage": "500 km", "Fuel type": "Gasoline", "Cubic capacity": "250 cc", "Power": "38 bhp", "Color": "Blue", "Liters/100km": "8 (Εντός)/8 (Εκτός)/8 (Μικτό)", "Modified": "22 days", "Times clicked": "3145", "Short link": "www.car.gr/10282619", "Telephone": "None"}, "ad_seller": {}, "metadata": {"type": "Bikes", "brand": "Yamaha", "model": "YZ 250F"}, "extras": [], "description": "σε πολυ καλη κατασταση. Καινούργια γρανάζια κ αλυσίδα.Λαστιχο μπροστά καινούργιο κ πίσω στην μέση.. ρυθμιση βαλβιδες κ ελεγχος πιστονι,κυλινδρο,μπιελα..... - Less - "}