{"query": {"url": "https://www.car.gr/10050313-harley-davidson-dyna-super-glide-custom", "type": "CAR_ADDE", "trial_count": 1, "last_processed": 1553102389}, "title": "Harley Davidson DYNA Super Glide Custom  '06", "ad_id": "10050313", "ad_data": {"Make/Model": "Harley Davidson DYNA Super Glide Custom '06", "Classified number": "10050313", "Price": "€11.000", "Category": "Bike - Custom", "Registration": "7 / 2006", "Mileage": "15,000 km", "Fuel type": "Gasoline", "Cubic capacity": "1,600 cc", "Power": "85 bhp", "Color": "Black", "Modified": "30 days", "Times clicked": "5962", "Short link": "www.car.gr/10050313", "Telephone": "None"}, "ad_seller": {}, "metadata": {"type": "Bikes", "brand": "Harley Davidson", "model": "DYNA Super Glide Custom"}, "extras": ["Antique-Classic", "Electric starter", "Exchange with Moto accepted", "Exhibition", "Four-stroke engine", "Gelatin", "Remote Control", "Spoke wheels"], "description": "Γνήσιο HD fairing,kn φίλτρο αέρα ,λάστιχα η μοτοσικλέτα είσαι σε εκθεσιακή κατάσταση ανταλλάσσατε με touring Harley Davidson η goldwing - Less - "}