{"query": {"url": "https://www.car.gr/10672263-suzuki-gsf-650-bandit-gsf-bandit-abs", "type": "CAR_ADDE", "trial_count": 1, "last_processed": 1553104248}, "title": "Suzuki GSF 650 Bandit Gsf Bandit  abs '08", "ad_id": "10672263", "ad_data": {"Make/Model": "Suzuki GSF 650 Bandit Gsf Bandit  abs '08", "Classified number": "10672263", "Price": "€2.700", "Category": "Bike - Sport Touring", "Registration": "7 / 2008", "Mileage": "66,500 km", "Fuel type": "Gasoline", "Cubic capacity": "650 cc", "Power": "85 bhp", "Color": "Grey (Metallic)", "Kteo to": "09 / 2020", "Liters/100km": "6 (Εντός)/5 (Εκτός)/5.5 (Μικτό)", "Previous owners": "1", "Modified": "47 days", "Times clicked": "443", "Short link": "www.car.gr/10672263", "Telephone": "None"}, "ad_seller": {"Name": "Γιώργος", "Address": "ΚΟΖΑΝΗP.ΚΟΖΑΝΗΣ"}, "metadata": {"type": "Bikes", "brand": "Suzuki", "model": "GSF 650 Bandit"}, "extras": ["ABS", "Cargo Rack", "Centerstand", "Electric starter", "Exchange with Moto accepted", "Four-stroke engine", "Service Book", "Sidestand", "Top Box-Μπαγκαζιέρα"], "description": "Πωλείται Suzuki Bandit 650 abs.Το μηχανάκι φοράει ,led φλας,σχαρα για μπαγκαζιερα,καινούργια λάστιχα, ζελατίνα και καινούργια σελα. Γρανάζια αλυσίδα δίσκοι τακακια σε άριστη κατάσταση.Δεκτή ανταλλαγή με enduro, scooter. - Less - "}