{"query": {"url": "https://www.car.gr/10358683-ktm-640-lc4-adventure-r-lc4-640", "type": "CAR_ADDE", "trial_count": 1, "last_processed": 1553095856}, "title": "KTM 640 LC4 Adventure R LC4 640 '99", "ad_id": "10358683", "ad_data": {"Make/Model": "KTM 640 LC4 Adventure R LC4 640 '99", "Classified number": "10358683", "Price": "€1.650", "Category": "Bike - Εnduro", "Registration": "1 / 1999", "Mileage": "50 km", "Fuel type": "Gasoline", "Cubic capacity": "640 cc", "Power": "50 bhp", "Color": "Dark blue (Metallic)", "Modified": "3 days", "Times clicked": "3084", "Short link": "www.car.gr/10358683", "Telephone": "None"}, "ad_seller": {"Name": "θανος", "Address": "ΠΑΛΛΗΝΗP.ΑΤΤΙΚΗΣ"}, "metadata": {"type": "Bikes", "brand": "KTM", "model": "640 LC4 Adventure R"}, "extras": ["Exchange with Moto accepted", "Four-stroke engine", "Spoke wheels", "Top Box-Μπαγκαζιέρα", "Trip computer"], "description": "KTM LC4 640 ADVENTURE αριστη κατασταση ,πολλα εξτρα, - FCR Keihin ,εκκεντροφορος Van de Boss,σαμαρια της Touratech με tank bag κ πλαινα - 48 White Power upside down,εξατμιση ανθρακονηματινη dr K - παρακαλω επικοινωνια μετα τις 18.00 η με μηνυμα,επισης ανταλλασεται με multistrada 620 η 1000 - αριστης καταστασης κ αναλογης αξιας. H μηχανη μπορει να δωθει κ με τα χωματινα ελαστικα κ αναρτησεις της KTM. H τιμη ειναι συζητησιμη σε λογικες προσφορες - Less - "}