{"query": {"url": "https://www.car.gr/10575116-kawasaki-zx-12-r", "type": "CAR_ADDE", "trial_count": 1, "last_processed": 1553093914}, "title": "Kawasaki ZX-12 R  '03", "ad_id": "10575116", "ad_data": {"Make/Model": "Kawasaki ZX-12 R '03", "Classified number": "10575116", "Price": "€3.900", "Category": "Bike - Super Sport", "Registration": "10 / 2003", "Mileage": "25,000 km", "Fuel type": "Gasoline", "Cubic capacity": "1,200 cc", "Power": "185 bhp", "Color": "Black", "Modified": "13 hours", "Times clicked": "6772", "Short link": "www.car.gr/10575116", "Telephone": "+30 2382083888"}, "ad_seller": {"Dealer": "XTREME MOTOSTORE", "Address": "Εγνατίας53", "City": "ΓΙΑΝΝΙΤΣΑ", "": "+30 2382083888", "Fax": "+30 2382082006", "Dealer page": "https//xtreme.car.gr/"}, "metadata": {"type": "Bikes", "brand": "Kawasaki", "model": "ZX-12 R"}, "extras": ["Car Exchange", "Exchange with Moto accepted"], "description": ""}