{"query": {"url": "https://www.car.gr/10090997-benelli-naked-50", "type": "CAR_ADDE", "trial_count": 1, "last_processed": 1553093922}, "title": "Benelli  Naked 50 '08", "ad_id": "10090997", "ad_data": {"Make/Model": "Benelli Naked 50 '08", "Classified number": "10090997", "Price": "€995", "Category": "Bike - Roller/Scooter", "Registration": "1 / 2008", "Fuel type": "Gasoline", "Cubic capacity": "50 cc", "Power": "5 bhp", "Color": "Silver", "Modified": "14 hours", "Times clicked": "1617", "Short link": "www.car.gr/10090997", "Telephone": "+30 2541023575"}, "ad_seller": {"Dealer": "ΜΟΤΟ ΤΑΜΙΑΣ", "Address": "ΒΟΥΛΓΑΡΟΚΤΟΝΟΥ20", "City": "ΞΑΝΘΗ", "": "+30 2541023575", "Dealer page": "https//moto-tamias.car.gr/", "Website": "http//www.mototamias.gr"}, "metadata": {"type": "Bikes", "brand": "Benelli", "model": "Benelli  Naked 50 '08 - € 995 EUR"}, "extras": ["Automatic", "Cast wheels", "Centerstand", "Credit card-Visa accepted", "Electric starter", "Exchange with Moto accepted", "Kick-Starter", "Two-stroke"], "description": "Scooter 50cc μάρκας Benelli τύπου Naked 50 stock - Less - "}