{"query": {"url": "https://www.car.gr/10550927-sym-mio-125i-mio-125-i-new-2017-euro-4-cbs", "type": "CAR_ADDE", "trial_count": 1, "last_processed": 1553104763}, "title": "Sym MIO 125i MIO 125 I NEW 2017 EURO 4 CBS '17", "ad_id": "10550927", "ad_data": {"Make/Model": "Sym MIO 125i MIO 125 I NEW 2017 EURO 4 CBS '17", "Classified number": "10550927", "Price": "€2.275", "Category": "Bike - Roller/Scooter", "Registration": "7 / 2017", "Fuel type": "Gasoline", "Cubic capacity": "125 cc", "Power": "10 bhp", "Color": "Blue", "Modified": "over 2 months", "Times clicked": "227", "Short link": "www.car.gr/10550927", "Telephone": "+30 2461039664"}, "ad_seller": {"Dealer": "MOTOKINISI", "Address": "ΦΙΛΙΠΠΟΥΒ17", "City": "ΚΟΖΑΝΗ", "": "+30 2461039664", "Fax": "+30 2461039664", "Dealer page": "https//tzellos-motokinisi.car.gr/"}, "metadata": {"type": "Bikes", "brand": "Sym", "model": "MIO 125i"}, "extras": ["Automatic", "Centerstand", "Credit card-Visa accepted", "Exchange with Moto accepted", "Four-stroke engine", "Kick-Starter", "Service Book", "Sidestand"], "description": "Ο εξελιγμένης τεχνολογίας τετράχρονος κινητήρας προφυλάσσει το περιβάλλον και παράλληλα κινεί - το scooter με δύναμη και αξιοπιστία - Η άνετη σέλα δύο ατόμων, ο μεγάλος αποθηκευτικός χώρος και το επίπεδο πάτωμα συνθέτουν ένα εύχρηστο scooter - Επιλέξτε ένα από τα πανέμορφα χρώματα και κινηθείτε με στυλ - Όμορφος πίνακας οργάνων με υπέροχο φωτισμό και LCD οθόνη πολλαπλών ενδείξεων - LED πίσω φωτιστικό σώμα - Αποθηκευτικός χώρος κάτω από τη σέλα, θα φιλοξενήσει ένα κράνος ανοιχτού τύπου - Κλειστός αποθηκευτικός χώρος για τη μεταφορά διαφόρων μικροπραγμάτων - Άγκιστρο ανάρτησης χειραποσκευών - Αυτόματο άνοιγμα τάπας ρεζερβουάρ και σέλας - Αναδιπλούμενα μαρσπιέ - Τροφοδοσία E.F.I. - Κατανάλωση: 2.1 L/100KM (EURO4) - Σύστημα συνδυασμένης πέδησης CBS - Τροχοί 10” - Κεντρικό – πλαϊνό σταντ - Ρεζερβουάρ 5.2l - Less - "}