{"query": {"url": "https://www.car.gr/10568652-honda-sh-150i", "type": "CAR_ADDE", "trial_count": 9, "last_processed": 1553092830}, "title": "Honda SH 150i  '18", "ad_id": "10568652", "ad_data": {"Make/Model": "Honda SH 150i '18", "Classified number": "10568652", "Price": "€3.795", "Category": "Bike - Roller/Scooter", "Registration": "1 / 2018", "Fuel type": "Gasoline", "Cubic capacity": "150 cc", "Power": "15 bhp", "Color": "Silver (Metallic)", "Modified": "5 hours", "Times clicked": "1844", "Short link": "www.car.gr/10568652", "Telephone": "+30 2431035045"}, "ad_seller": {"Dealer": "ΣΙΩΚΗΣ Α.Ε.", "Address": "3ΧΙΛ.ΤΡΙΚΑΛΩΝ-ΚΑΛΑΜΠΑΚΑΣΤΡΙΚΑΛΑ", "City": "ΤΡΙΚΑΛΑ", "": "+30 2431074200", "Fax": "+30 2431038164", "Dealer page": "https//siokis.car.gr/"}, "metadata": {"type": "Bikes", "brand": "Honda", "model": "SH 150i"}, "extras": ["ABS", "Automatic", "Car Exchange", "Centerstand", "Exchange with Moto accepted", "Four-stroke engine", "Led lights", "Sidestand", "Top Box-Μπαγκαζιέρα"], "description": ""}