{"query": {"url": "https://www.car.gr/10381491-aeon-crossland-400-new-2017-4-4", "type": "CAR_ADDE", "trial_count": 1, "last_processed": 1553096837}, "title": "Aeon  CROSSLAND 400 NEW 2017 4χ4 '17", "ad_id": "10381491", "ad_data": {"Make/Model": "Aeon CROSSLAND 400 NEW 2017 4χ4 '17", "Classified number": "10381491", "Price": "€7.300", "Category": "Bike - Four Wheel-ATV", "Registration": "1 / 2017", "Fuel type": "Gasoline", "Cubic capacity": "400 cc", "Power": "28 bhp", "Color": "Black", "Modified": "7 days", "Times clicked": "1260", "Short link": "www.car.gr/10381491", "Telephone": "+30 2892501096"}, "ad_seller": {"Dealer": "Μαυρογιαννάκης", "Address": "Μοίρες", "City": "ΜΟΙΡΕΣ", "": "+30 2892024216", "Fax": "+30 2892024216", "Dealer page": "https//moto-maurogiannakis.car.gr/"}, "metadata": {"type": "Bikes", "brand": "Aeon", "model": "Aeon  CROSSLAND 400 NEW 2017 4χ4 '17 - € 7.300 EUR"}, "extras": [], "description": "Τετράχρονο - Ηλεκτρική μίζα - Αυτόματο - 4Χ4 - Οπισθεν - Less - "}