{"query": {"url": "https://www.car.gr/10321567-yamaha-trx-850", "type": "CAR_ADDE", "trial_count": 1, "last_processed": 1553096066}, "title": "Yamaha TRX 850  '99", "ad_id": "10321567", "ad_data": {"Make/Model": "Yamaha TRX 850 '99", "Classified number": "10321567", "Price": "€2.000", "Category": "Bike - Super Sport", "Registration": "5 / 1999", "Mileage": "49,200 km", "Fuel type": "Gasoline", "Cubic capacity": "850 cc", "Power": "86 bhp", "Color": "Red", "Previous owners": "1", "Modified": "4 days", "Times clicked": "1314", "Short link": "www.car.gr/10321567", "Telephone": "None"}, "ad_seller": {}, "metadata": {"type": "Bikes", "brand": "Yamaha", "model": "TRX 850"}, "extras": [], "description": "-ΑΡΙΣΤΗ ΚΑΤΑΣΤΑΣΗ. - Less - "}