{"query": {"url": "https://www.car.gr/10539499-suzuki-windy", "type": "CAR_ADDE", "trial_count": 1, "last_processed": 1553096517}, "title": "Suzuki  WINDY '02", "ad_id": "10539499", "ad_data": {"Make/Model": "Suzuki WINDY '02", "Classified number": "10539499", "Price": "€1.400", "Category": "Bike - Underbone", "Registration": "12 / 2002", "Fuel type": "Gasoline", "Cubic capacity": "100 cc", "Power": "10 bhp", "Color": "Red (Metallic)", "Modified": "6 days", "Times clicked": "1495", "Short link": "www.car.gr/10539499", "Telephone": "+30 2541023575"}, "ad_seller": {"Dealer": "ΜΟΤΟ ΤΑΜΙΑΣ", "Address": "ΒΟΥΛΓΑΡΟΚΤΟΝΟΥ20", "City": "ΞΑΝΘΗ", "": "+30 2541023575", "Dealer page": "https//moto-tamias.car.gr/", "Website": "http//www.mototamias.gr"}, "metadata": {"type": "Bikes", "brand": "Suzuki", "model": "Suzuki  WINDY '02 - € 1.400 EUR"}, "extras": ["Cast wheels", "Centerstand", "Credit card-Visa accepted", "Electric starter", "Exchange with Moto accepted", "Four-stroke engine", "Kick-Starter", "Semiautomatic", "Sidestand"], "description": "Καινούριο παπί μάρκας Suzuki Windy 100 stock - Less - "}