{"query": {"url": "https://www.car.gr/10397379-honda-cb-200", "type": "CAR_ADDE", "trial_count": 1, "last_processed": 1553096808}, "title": "Honda CB 200  '76", "ad_id": "10397379", "ad_data": {"Make/Model": "Honda CB 200 '76", "Classified number": "10397379", "Price": "€1.200", "Category": "Bike - Cafe Racer", "Registration": "1 / 1976", "Mileage": "38,650 km", "Fuel type": "Gasoline", "Cubic capacity": "200 cc", "Power": "17 bhp", "Color": "Blue (Metallic)", "Previous owners": "1", "Modified": "6 days", "Times clicked": "15265", "Short link": "www.car.gr/10397379", "Telephone": "None"}, "ad_seller": {}, "metadata": {"type": "Bikes", "brand": "Honda", "model": "CB 200"}, "extras": ["Antique-Classic", "Cargo Rack", "Centerstand", "Electric starter", "Exchange with Moto accepted", "Exhaust Special", "Four-stroke engine", "Kick-Starter", "Sidestand", "Spoke wheels"], "description": "Δουλευουν τα παντα!!!!! - 27-6 εκανα σερβις και το περπαταω!! - Πραγματικα χλμ!! - Δεν εχει χαρτια..για ιστορικο! - Περνετε στο κινητο. - ΟΧΙ απο αποκρυψη. - Less - "}