{"query": {"url": "https://www.car.gr/10397382-suzuki-intruder-c", "type": "CAR_ADDE", "trial_count": 1, "last_processed": 1553104470}, "title": "Suzuki Intruder C  '98", "ad_id": "10397382", "ad_data": {"Make/Model": "Suzuki Intruder C '98", "Classified number": "10397382", "Price": "€2.000", "Category": "Bike - Custom", "Registration": "4 / 1998", "Mileage": "15,000 km", "Fuel type": "Gasoline", "Cubic capacity": "400 cc", "Power": "35 bhp", "Color": "Black", "Previous owners": "1", "Modified": "49 days", "Times clicked": "778", "Short link": "www.car.gr/10397382", "Telephone": "None"}, "ad_seller": {}, "metadata": {"type": "Bikes", "brand": "Suzuki", "model": "Intruder C"}, "extras": [], "description": "Άριστη μηχανή.Κατάσταση σαν καινούρια , δεκτός κάθε έλεγχος. - Ελαστικά,πολλαπλασιαστής,μπαταρία καινούρια προ έξι μηνών. - Δεύτερο χέρι απο ναυτικό σε ναυτικό γι αυτό και εχει μόνο 15000 χλμ. - Πωλείται λόγω αγοράς καινούριας μηχανής. - Less - "}