{"query": {"url": "https://www.car.gr/10249300-suzuki-fx-125", "type": "CAR_ADDE", "trial_count": 1, "last_processed": 1553098308}, "title": "Suzuki FX 125  '00", "ad_id": "10249300", "ad_data": {"Make/Model": "Suzuki FX 125 '00", "Classified number": "10249300", "Price": "€1.100", "Category": "Bike - Underbone", "Registration": "9 / 2000", "Mileage": "45,000 km", "Fuel type": "Gasoline", "Cubic capacity": "125 cc", "Power": "14 bhp", "Color": "Grey", "Modified": "10 days", "Times clicked": "7063", "Short link": "www.car.gr/10249300", "Telephone": "+30 2821099405"}, "ad_seller": {"Dealer": "CHANIA MOTORCYCLES", "Address": "ΝΙΚΟΛΑΟΥΠΛΑΣΤΗΡΑ4", "City": "ΧΑΝΙΑ", "": "+30 6980127373", "Fax": "+30 6996312247", "Dealer page": "https//stavroulakis-cars.car.gr/"}, "metadata": {"type": "Bikes", "brand": "Suzuki", "model": "FX 125"}, "extras": ["Electric starter", "Exchange with Moto accepted", "Four-stroke engine", "Kick-Starter"], "description": "καλη κατασταση εργοστασιακο - Less - "}