{"query": {"url": "https://www.car.gr/10476089-honda-transalp-650", "type": "CAR_ADDE", "trial_count": 1, "last_processed": 1553097046}, "title": "Honda Transalp 650  '06", "ad_id": "10476089", "ad_data": {"Make/Model": "Honda Transalp 650 '06", "Classified number": "10476089", "Price": "€3.200", "Category": "Bike - On/Off", "Registration": "10 / 2006", "Mileage": "36,000 km", "Fuel type": "Gasoline", "Cubic capacity": "647 cc", "Power": "55 bhp", "Color": "Bordeaux (Metallic)", "Kteo to": "01 / 2019", "Liters/100km": "5 (Εκτός)/6 (Μικτό)", "Previous owners": "1", "Modified": "7 days", "Times clicked": "1228", "Short link": "www.car.gr/10476089", "Telephone": "None"}, "ad_seller": {}, "metadata": {"type": "Bikes", "brand": "Honda", "model": "Transalp 650"}, "extras": ["Alarm", "Bars", "Cargo Rack", "Electric starter", "Engine Guards", "Four-stroke engine", "Sidestand"], "description": "Η ΜΗΧΑΝΗ ΕΙΝΑΙ ΣΕ ΑΡΙΣΤΗ ΚΑΤΑΣΤΑΣΗ! ΦΥΛΑΣΕΤΑΙ ΣΕ ΚΛΕΙΣΤΟ ΧΩΡΟ! ΚΑΙΝΟΥΡΙΑ ΕΛΑΣΤΙΚΑ ΚΑΙ ΜΠΑΤΑΡΙΑ!ΕΡΓΟΣΤΑΣΙΑΚΟΣ ΣΥΝΑΓΕΡΜΟΣ (PATROL) !BAGSTER! ΚΑΓΚΕΛΑ ΚΑΙ ΜΠΑΓΑΖΙΕΡΑ! ΔΕΚΤΟΣ ΚΑΘΕ ΕΛΕΓΧΟΣ. - Less - "}