{"query": {"url": "https://www.car.gr/10637918-suzuki-gsr-600-nea-timh", "type": "CAR_ADDE", "trial_count": 1, "last_processed": 1553096019}, "title": "Suzuki GSR 600 NEA TIMH '06", "ad_id": "10637918", "ad_data": {"Make/Model": "Suzuki GSR 600 NEA TIMH '06", "Classified number": "10637918", "Price": "€3.500", "Category": "Bike - Naked", "Registration": "7 / 2006", "Mileage": "21,570 km", "Fuel type": "Gasoline", "Cubic capacity": "599 cc", "Power": "99 bhp", "Color": "Black", "Kteo to": "07 / 2019", "Previous owners": "2", "Modified": "4 days", "Times clicked": "2655", "Short link": "www.car.gr/10637918", "Telephone": "+30 2621032939"}, "ad_seller": {"Dealer": "MOTO KARRAS", "Address": "Παπαγεωργιου10", "City": "ΠΥΡΓΟΣ", "": "+30 2621032939", "Fax": "+30 2621081362", "Dealer page": "https//motokarras.car.gr/", "Website": "http//www.motokarras.gr"}, "metadata": {"type": "Bikes", "brand": "Suzuki", "model": "GSR 600"}, "extras": ["Cast wheels", "Catalyst", "Electric starter", "Exchange with Moto accepted", "Exhibition", "Four-stroke engine", "Led lights", "Lights Xenon", "Sidestand", "Skid Plate", "Trip computer"], "description": "Suzuki GSR 600 '06 μαυρο ματ !!! - Σε κατασταση βιτρινας !!! - Αγρατζουνιστο !!! - Με φωτα Xenon !!! - Με λαστιχα σε αριστη κατασταση !!! - 21.570 χλμ. λογω ακινησιας !!! τα οποια πιστοποιούνται από το τελευταιο ΚΤΕΟ !!! - Η μοτο θα παραδοθεί με το νέο ΚΤΕΟ !!! - Δεκτος καθε ελεγχος !!! - Moto Karras !!! - Less - "}