{"query": {"url": "https://www.car.gr/10090749-fekon", "type": "CAR_ADDE", "trial_count": 1, "last_processed": 1553094870}, "title": "Αλλο  Fekon '08", "ad_id": "10090749", "ad_data": {"Make/Model": "Αλλο Fekon '08", "Classified number": "10090749", "Price": "€1.000", "Category": "Bike - Underbone", "Registration": "1 / 2008", "Fuel type": "Gasoline", "Cubic capacity": "125 cc", "Power": "10 bhp", "Color": "Blue (Metallic)", "Modified": "2 days", "Times clicked": "2299", "Short link": "www.car.gr/10090749", "Telephone": "+30 2541023575"}, "ad_seller": {"Dealer": "ΜΟΤΟ ΤΑΜΙΑΣ", "Address": "ΒΟΥΛΓΑΡΟΚΤΟΝΟΥ20", "City": "ΞΑΝΘΗ", "": "+30 2541023575", "Dealer page": "https//moto-tamias.car.gr/", "Website": "http//www.mototamias.gr"}, "metadata": {"type": "Bikes", "brand": "Αλλο", "model": "Αλλο  Fekon '08 - € 1.000 EUR"}, "extras": ["Centerstand", "Credit card-Visa accepted", "Electric starter", "Exchange with Moto accepted", "Four-stroke engine", "Kick-Starter", "Semiautomatic", "Sidestand", "Spoke wheels"], "description": "Καινούριο παπί μάρκας Fekon 125cc stock - Less - "}