{"query": {"url": "https://www.car.gr/10134391-kawasaki-z-1000", "type": "CAR_ADDE", "trial_count": 1, "last_processed": 1553101107}, "title": "Kawasaki Z 1000  '09", "ad_id": "10134391", "ad_data": {"Make/Model": "Kawasaki Z 1000 '09", "Classified number": "10134391", "Price": "€6.000", "Category": "Bike - Naked", "Registration": "1 / 2009", "Mileage": "5,610 km", "Fuel type": "Gasoline", "Cubic capacity": "1,000 cc", "Power": "125 bhp", "Color": "White (Metallic)", "Kteo to": "03 / 2018", "Modified": "21 days", "Times clicked": "1073", "Short link": "www.car.gr/10134391", "Telephone": "None"}, "ad_seller": {}, "metadata": {"type": "Bikes", "brand": "Kawasaki", "model": "Z 1000"}, "extras": ["ABS", "Electric starter", "Exhaust Special"], "description": ""}