{"query": {"url": "https://www.car.gr/10638418-honda-cbr-125", "type": "CAR_ADDE", "trial_count": 1, "last_processed": 1553097489}, "title": "Honda CBR 125 ΚΑΙΝΟΥΡΙΟ ΠΡΟΣΦΟΡΑ '06", "ad_id": "10638418", "ad_data": {"Make/Model": "Honda CBR 125 ΚΑΙΝΟΥΡΙΟ ΠΡΟΣΦΟΡΑ '06", "Classified number": "10638418", "Price": "€2.100", "Category": "Bike - Super Sport", "Registration": "1 / 2006", "Fuel type": "Gasoline", "Cubic capacity": "125 cc", "Power": "14 bhp", "Color": "Orange (Metallic)", "Modified": "8 days", "Times clicked": "55", "Short link": "www.car.gr/10638418", "Telephone": "+30 2102916028"}, "ad_seller": {"Dealer": "NIKOLAOU MOTO", "Address": "ΑΓΓΛΥΚΕΡΙΑΣ52", "City": "ΓΑΛΑΤΣΙ", "": "+30 2102928165", "Fax": "+30 2102136214", "Dealer page": "https//nikolaou-moto.car.gr/"}, "metadata": {"type": "Bikes", "brand": "Honda", "model": "CBR 125"}, "extras": [], "description": "Η μηχανή ειναι καινούργια αντιπροσωπείας stock με εγγύηση αντιπροσωπείας απο την ημερομηνία αγοράς της - Less - "}