{"query": {"url": "https://www.car.gr/10105899-honda-magna", "type": "CAR_ADDE", "trial_count": 1, "last_processed": 1553103218}, "title": "Honda Magna  '00", "ad_id": "10105899", "ad_data": {"Make/Model": "Honda Magna '00", "Classified number": "10105899", "Price": "€1.200", "Category": "Bike - Chopper", "Registration": "7 / 2000", "Mileage": "50,000 km", "Fuel type": "Gasoline", "Cubic capacity": "250 cc", "Power": "27 bhp", "Color": "Silver", "Modified": "37 days", "Times clicked": "1825", "Short link": "www.car.gr/10105899", "Telephone": "+30 2821099405"}, "ad_seller": {"Dealer": "CHANIA MOTORCYCLES", "Address": "ΝΙΚΟΛΑΟΥΠΛΑΣΤΗΡΑ4", "City": "ΧΑΝΙΑ", "": "+30 6980127373", "Fax": "+30 6996312247", "Dealer page": "https//stavroulakis-cars.car.gr/"}, "metadata": {"type": "Bikes", "brand": "Honda", "model": "Magna"}, "extras": ["Electric starter", "Exchange with Moto accepted", "Four-stroke engine"], "description": "πολυ καλη κατασταση καινουργια ελαστικα - Less - "}