{"query": {"url": "https://www.car.gr/10105828-yamaha-fz1-naked", "type": "CAR_ADDE", "trial_count": 1, "last_processed": 1553094652}, "title": "Yamaha FZ1 Naked ΑΡΙΣΤΟ !!! '06", "ad_id": "10105828", "ad_data": {"Make/Model": "Yamaha FZ1 Naked ΑΡΙΣΤΟ !!! '06", "Classified number": "10105828", "Price": "€4.999", "Category": "Bike - Naked", "Registration": "10 / 2006", "Mileage": "40,000 km", "Fuel type": "Gasoline", "Cubic capacity": "1,000 cc", "Power": "180 bhp", "Color": "White (Metallic)", "Liters/100km": "5.8 (Εντός)/5 (Εκτός)/5.2 (Μικτό)", "Modified": "1 day", "Times clicked": "7264", "Short link": "www.car.gr/10105828", "Telephone": "+30 6933339421"}, "ad_seller": {"Dealer": "MELO CARS Nafplion  MELO Cars& Bikes", "Address": "ΛΕΩΦΟΡΟΣΑΡΓΟΥΣ65/ΝΑΥΠΛΙΟ", "City": "ΝΑΥΠΛΙΟ", "": "+30 6982212966", "Fax": "+30 2752302091", "Dealer page": "https//melo-cars.car.gr/", "Website": "http//www.melo-cars.car.gr", "Open hours": "ΔΕΥΤΕΡΑ+ΤΕΤΑΡΤΗ 09.00  με 15.00 \nΤΡΙΤΗ+ΠΕΜΠΤΗ+ΠΑΡΑΣΚΕΥΗ 09.00 με 15.00 και 18.00  με  20.30 \nΣαββατο 09.00 με 14.00 \n\nΓΙΑ ΟΠΟΙΑΔΗΠΟΤΕ ΑΛΛΗ ΜΕΡΑ ΚΑΙ ΩΡΑ Μ Ο Ν Ο ΚΑΤΟΠΙΝ ΡΑΝΤΕΒΟΥ"}, "metadata": {"type": "Bikes", "brand": "Yamaha", "model": "FZ1 Naked"}, "extras": ["Car Exchange", "Cast wheels", "Credit card-Visa accepted", "Electric starter", "Exchange with Boat", "Exchange with Moto accepted", "Exhaust Special", "Exhibition", "Four-stroke engine", "Kick-Starter", "Service Book", "Sidestand"], "description": "το μηχανακι ειναι οπλο !!! - ολωσωμη acrapovic carbon απο μπροστα ! - μανετες σπαστες rizoma - ειναι ατρακαριστο αλλα ΒΑΜΜΕΝΟ ΟΛΟ γιατι δεν μ αρεσε το μπλε - τα λαστιχα εχουν 80% πελμα - δεκτος οποιοσδηποτε ελεγχος - δεκτες ανταλλαγες με αυτοκινητο μοτο ανεξαρτητου κυβισμου ! - τιμη μετρητοις 4999 ευρω - τιμη ανταλλαγης 5500 ευρω - Less - "}