{"query": {"url": "https://www.car.gr/10011059-ktm-super-duke-990", "type": "CAR_ADDE", "trial_count": 1, "last_processed": 1553102362}, "title": "KTM  SUPER DUKE 990 '05", "ad_id": "10011059", "ad_data": {"Make/Model": "KTM SUPER DUKE 990 '05", "Classified number": "10011059", "Price": "€6.500", "Category": "Bike - Naked", "Registration": "1 / 2005", "Mileage": "30,000 km", "Fuel type": "Gasoline", "Cubic capacity": "990 cc", "Power": "120 bhp", "Color": "Black", "Modified": "30 days", "Times clicked": "4289", "Short link": "www.car.gr/10011059", "Telephone": "+30 2310553035"}, "ad_seller": {"Dealer": "ΜΑΚΙΝΑ", "Address": "ΚΑΤΣΙΜΙΔΗ20", "City": "ΘΕΣΣΑΛΟΝΙΚΗ", "": "+30 2310553035", "Fax": "+30 2310553045", "Dealer page": "https//makina-dimitris.car.gr/", "Website": "http//www.makina.gr", "Open hours": "Δευτέρα - Παρασκευή 0900 - 1800   Σάββατο 0900 - 1400 Κυριακή κλειστά"}, "metadata": {"type": "Bikes", "brand": "KTM", "model": "KTM  SUPER DUKE 990 '05 - € 6.500 EUR"}, "extras": [], "description": "-ΚΑΙΝΟΥΡΓΙΑ ΛΑΣΤΙΧΑ DUNLOP SPORT SMART 2. -ΚΑΙΝΟΥΡΓΙΑ ΓΡΑΝΑΖΙΑ ΕΜΠΡΟΣ - ΠΙΣΩ. -ΑΛΥΣΙΔΑ DID ZVMX ΧΡΥΣΗ. -ΚΑΙΝΟΥΡΓΙΑ ΤΑΚΑΚΙΑ ΕΜΠΡΟΣ - ΠΙΣΩ ΓΝΗΣΙΑ. -ΟΛΟΣΩΜΗ ΕΞΑΤΜΙΣΗ AKRAPOVIC ΤΙΤΑΝΙΟΥ - ΧΑΡΤΟΓΡΑΦΙΣΗ AKRAPOVIC. -TANK BAG KTM POWERPARTS. -ΣΥΝΑΓΕΡΜΟΣ KTM ΜΕ ΔΥΟ ΧΕΙΡΙΣΤΗΡΙΑ. - ΣΕ ΠΟΛΥ ΚΑΛΗ ΚΑΤΑΣΤΑΣΗ!!! - Less - "}