{"query": {"url": "https://www.car.gr/10361590-kymco-people-gti-200", "type": "CAR_ADDE", "trial_count": 1, "last_processed": 1553094427}, "title": "Kymco People GTi 200  '11", "ad_id": "10361590", "ad_data": {"Make/Model": "Kymco People GTi 200  '11", "Classified number": "10361590", "Price": "€1.750", "Category": "Bike - Roller/Scooter", "Registration": "5 / 2011", "Mileage": "32,000 km", "Fuel type": "Gasoline", "Cubic capacity": "200 cc", "Power": "21 bhp", "Color": "White (Metallic)", "Kteo to": "07 / 2018", "Modified": "22 hours", "Times clicked": "34", "Short link": "www.car.gr/10361590", "Telephone": "None"}, "ad_seller": {}, "metadata": {"type": "Bikes", "brand": "Kymco", "model": "People GTi"}, "extras": ["ABS", "Alarm", "Exchange with Moto accepted"], "description": "Aριστο,ατρακαριστο,γρηγορο,ελεγχος δεκτος,σοβαρες προτασεις. ΑΝΤΑΛΛΑΓΗ ΜΕ ΒΜW 650 ΠΑΡΟΜΟΙΑς ΚΑΤΑΣΤΑΣΗς - Less - "}