{"query": {"url": "https://www.car.gr/10361558-honda-trx-700-trx-700xx", "type": "CAR_ADDE", "trial_count": 1, "last_processed": 1553103285}, "title": "Honda TRX 700 TRX 700XX '10", "ad_id": "10361558", "ad_data": {"Make/Model": "Honda TRX 700 TRX 700XX '10", "Classified number": "10361558", "Price": "€4.500", "Category": "Bike - Four Wheel-ATV", "Registration": "3 / 2010", "Mileage": "3,000 km", "Fuel type": "Gasoline", "Cubic capacity": "700 cc", "Power": "54 bhp", "Color": "Black", "Liters/100km": "9 (Εντός)/7 (Εκτός)/8 (Μικτό)", "Modified": "38 days", "Times clicked": "1007", "Short link": "www.car.gr/10361558", "Telephone": "None"}, "ad_seller": {"Name": "Γιάννης", "Address": "ΠΟΛΙΧΝΗP.ΘΕΣΣΑΛΟΝΙΚΗΣ"}, "metadata": {"type": "Bikes", "brand": "Honda", "model": "TRX 700"}, "extras": ["Rear"], "description": "Μοναδικό ATV που συνδυάζει enduro - trial - drift. - Εξτρά έχει ,nerf bars, πίσω αποστάτες και μπροστινά ψαλίδια - Μοντέλο του 2008,αγορασμένο καινούργιο από Αμερική το 2010,με τιμολόγια από Βουλγαρία. - Χωρίς πινακίδα. - Less - "}