{"query": {"url": "https://www.car.gr/10588515-honda-cbr1000rr", "type": "CAR_ADDE", "trial_count": 1, "last_processed": 1553093646}, "title": "Honda  CBR1000RR  '07", "ad_id": "10588515", "ad_data": {"Make/Model": "Honda CBR1000RR  '07", "Classified number": "10588515", "Price": "€5.000", "Category": "Bike - Naked", "Registration": "1 / 2007", "Mileage": "55,850 km", "Fuel type": "Gasoline", "Cubic capacity": "1,000 cc", "Power": "160 bhp", "Color": "Black", "Modified": "7 hours", "Times clicked": "6699", "Short link": "www.car.gr/10588515", "Telephone": "+30 2104122075"}, "ad_seller": {"Dealer": "Tsivarakis Moto", "Address": "Γρ.Λαμπράκη10-12", "City": "ΠΕΙΡΑΙΑΣ", "": "+30 2104130039", "Fax": "+30 2104130039", "Dealer page": "https//tsivarakismoto.car.gr/", "Open hours": "Ωράριο Καταστήματος\nΔευτέρα – Παρασκευή 1000-2000\nΣάββατο 1000-1700"}, "metadata": {"type": "Bikes", "brand": "Honda", "model": "Honda  CBR1000RR  '07 - € 5.000 EUR"}, "extras": ["Exchange with Moto accepted"], "description": "ΜΕ ΔΙΑΚΑΝΟΝΙΣΜΟ 5500 ΕΥΡΩ - 6 MΗNEΣ ΓΡΑΠΤΗ ΕΓΓΥΗΣΗ - ΩΡΕΣ ΛΕΙΤΟΥΡΓΙΑΣ ΚΑΤΑΣΤΗΜΑΤΟΣ - ΔΕΥΤΕΡΑ-ΠΑΡΑΣΚΕΥΗ 10:00-20:00 - ΣΑΒΒΑΤΟ 10:00-17:00 - ΣΥΝΕΡΓΕΙΟ:ΔΕΥΤΕΡΑ-ΠΑΡΑΣΚΕΥΗ - 10:00-18:00 - Less - "}