{"query": {"url": "https://www.car.gr/10226522-motivas-power", "type": "CAR_ADDE", "trial_count": 1, "last_processed": 1553093841}, "title": "Motivas  POWER '06", "ad_id": "10226522", "ad_data": {"Make/Model": "Motivas POWER '06", "Classified number": "10226522", "Price": "€800", "Category": "Bike - Four Wheel-ATV", "Registration": "1 / 2006", "Mileage": "1 km", "Fuel type": "Gasoline", "Cubic capacity": "50 cc", "Power": "3 bhp", "Color": "Blue", "Previous owners": "1", "Modified": "8 hours", "Times clicked": "8117", "Short link": "www.car.gr/10226522", "Telephone": "+30 2373041578"}, "ad_seller": {"Dealer": "Σάββας Θεόδωρος", "Address": "Ν.Ποτείδαια", "City": "ΝΕΑΜΟΥΔΑΝΙΑ", "": "+30 2373042707", "Fax": "+30 2373041578", "Dealer page": "https//savas.car.gr/"}, "metadata": {"type": "Bikes", "brand": "Motivas", "model": "Motivas  POWER '06 - € 800 EUR"}, "extras": [], "description": "Με άδεια - Less - "}