{"query": {"url": "https://www.car.gr/10239232-kymco-venox-250-venox", "type": "CAR_ADDE", "trial_count": 1, "last_processed": 1553098815}, "title": "Kymco Venox 250 VENOX '08", "ad_id": "10239232", "ad_data": {"Make/Model": "Kymco Venox 250 VENOX '08", "Classified number": "10239232", "Price": "€1.700", "Category": "Bike - Chopper", "Registration": "1 / 2008", "Mileage": "10,000 km", "Fuel type": "Gasoline", "Cubic capacity": "250 cc", "Power": "24 bhp", "Color": "Silver (Metallic)", "Modified": "12 days", "Times clicked": "1254", "Short link": "www.car.gr/10239232", "Telephone": "None"}, "ad_seller": {"Name": "Κώστας", "Address": "ΗΡΑΚΛΕΙΟP.ΗΡΑΚΛΕΙΟΥ"}, "metadata": {"type": "Bikes", "brand": "Kymco", "model": "Venox 250"}, "extras": [], "description": "Μοντέλο 2008 με 10000 χιλ. ΜΟΝΟ σε καλή κατάσταση πωλείται λόγω ανάγκης. - VENOX KYMCO 250cc Ηράκλειο Κρήτης. - Δεκτός κάθε έλεγχος. - Δώρο μπαγκαζιέρα που χωράει 2 κράνη(δυστυχώς χωρίς τη βάση της). - Less - "}