{"query": {"url": "https://www.car.gr/10237602-yamaha-crypton-x", "type": "CAR_ADDE", "trial_count": 1, "last_processed": 1553101143}, "title": "Yamaha  Crypton x '12", "ad_id": "10237602", "ad_data": {"Make/Model": "Yamaha Crypton x '12", "Classified number": "10237602", "Price": "€950", "Category": "Bike - Underbone", "Registration": "12 / 2012", "Mileage": "21,000 km", "Fuel type": "Gasoline", "Cubic capacity": "120 cc", "Power": "9 bhp", "Color": "Red (Metallic)", "Kteo to": "12 / 2018", "Liters/100km": "3 (Εντός)/3.2 (Εκτός)/3.1 (Μικτό)", "Previous owners": "1", "Modified": "22 days", "Times clicked": "1250", "Short link": "www.car.gr/10237602", "Telephone": "None"}, "ad_seller": {"Name": "αποστολης", "Address": "ΠΑΤΡΑP.ΑΧΑΪΑΣ"}, "metadata": {"type": "Bikes", "brand": "Yamaha", "model": "Yamaha  Crypton x '12 - € 950 EUR"}, "extras": ["Alarm", "Cargo Rack", "Electric starter", "Four-stroke engine", "Sidestand"], "description": "Αρχικά το μηχανάκι είναι απομίμηση του crypton x 135, η μάρκα είναι το yinxiang 125cc - , απλός δεν βρήκα την μάρκα του και το έβαλα σε αυτή την κατηγορία , στην άδεια γράφει ότι το μηχανάκι είναι 120cc. - To μηχανάκι είναι σε άριστη κατάσταση , χωρίς προβλήματα . - Πρόσφατα τοποθετήθηκαν καινούργια λάστιχα michelin. - Έχει καινούργια τακάκια και συνεμπλοκ - Έχει εξάτμιση apido (με σιγαστήρα ).(μπορείτε να ακούσετε τον ήχο της στο βίντεο στο YouTube.) - Έχει συναγερμό (μεγάλης εμβέλειας και δυνατού ήχου ). - Το μηχανάκι είναι μοντέλο 2012 και πέρασε πρώτη φορά κτεο τον δεκέμβριο του 2016. - Στις φωτογραφίες μπορείτε να δείτε πως ήταν το μηχανάκι μόλις το πήρα και πως είναι τώρα. - Έχει φτερό,ουρες,και μπροστινή μάσκα αυθεντικά Crypton X,πάνω στην μάσκα έχειν και τα φανάρια του Crypton με λάμπες Led. - Άλλα επιπλέον εχτρά πράγματα που έχει το μηχανάκι είναι : κόκκινη ρυθμιζόμενη μανέτα - κόκκινα αντίβαρα , κοκκινόμαυρα χερούλια και πατητήρια . - Μαζί με το μηχανάκι δίνεται δεύτερη σχάρα και βαλίτσα - Επίσης δίνεται το παλιό φτερό , η μάσκα , οι ουρές ,τα φανάρια , τα πατητήρια , και η μανέτα . - Ακόμα δίνεται ένα καμπυλατέρ μικούνι και ενα μαμίσιο καμπυλατέρ,μπροστά μάσκα μαυρο χρώμα, - Δευτέρα φανάρια για την μάσκα μπροστά και μια εξάτμιση απο crypton R . - Less - "}