{"query": {"url": "https://www.car.gr/10459078-honda-cmx-250-c-rebel-honda-rebel-250c", "type": "CAR_ADDE", "trial_count": 1, "last_processed": 1553094607}, "title": "Honda CMX 250 C Rebel HONDA REBEL 250C '99", "ad_id": "10459078", "ad_data": {"Make/Model": "Honda CMX 250 C Rebel HONDA REBEL 250C '99", "Classified number": "10459078", "Price": "€1.350", "Category": "Bike - Custom", "Registration": "1 / 1999", "Mileage": "29,000 km", "Fuel type": "Gasoline", "Cubic capacity": "250 cc", "Power": "25 bhp", "Color": "Dark Red", "Modified": "1 day", "Times clicked": "6782", "Short link": "www.car.gr/10459078", "Telephone": "+30 2843026449"}, "ad_seller": {"Dealer": "Moto Hamilakis", "Address": "Βαρθολομαίου10", "City": "ΣΗΤΕΙΑ", "": "+30 2843026449", "Fax": "+30 2843026449", "Dealer page": "https//moto-hamilakis.car.gr/", "Website": "http//www.motohamilakis.gr"}, "metadata": {"type": "Bikes", "brand": "Honda", "model": "CMX 250 C Rebel"}, "extras": ["Credit card-Visa accepted", "Electric starter", "Four-stroke engine", "Sidestand", "Spoke wheels"], "description": ""}