{"query": {"url": "https://www.car.gr/10459038-suzuki-gsx-r-750", "type": "CAR_ADDE", "trial_count": 1, "last_processed": 1553095522}, "title": "Suzuki GSX-R 750  '07", "ad_id": "10459038", "ad_data": {"Make/Model": "Suzuki GSX-R 750 '07", "Classified number": "10459038", "Price": "€5.000", "Category": "Bike - Super Sport", "Registration": "1 / 2007", "Mileage": "23,500 km", "Fuel type": "Gasoline", "Cubic capacity": "750 cc", "Power": "155 bhp", "Color": "Black", "Modified": "3 days", "Times clicked": "4092", "Short link": "www.car.gr/10459038", "Telephone": "None"}, "ad_seller": {}, "metadata": {"type": "Bikes", "brand": "Suzuki", "model": "GSX-R 750"}, "extras": ["ABS", "Catalyst", "Electric starter", "Exhaust Special", "Exhibition"], "description": "Είναι μανυσιο το μηχανάκι, φοράει μονό εξάτμιση GP κοντό, φίλτρο KN και μαργαρίτες μπρος πίσω,είναι πραγματικά τα χιλιόμετρα και δεν έχει απολύτως κανένα πρόβλημα, είναι ευκαιρία.. έγινε πρόσφατα: αλλαγή λάδια φίλτρο λαδιού μπαταρία και καινούρια λάστιχα mıchelın pılot power 2ct, είναι σαν καινούριο!!. - Less - "}