{"query": {"url": "https://www.car.gr/10390955-suzuki-gsx-r-1000-gsxr-1000", "type": "CAR_ADDE", "trial_count": 1, "last_processed": 1553102610}, "title": "Suzuki GSX-R 1000 GSXR 1000 '02", "ad_id": "10390955", "ad_data": {"Make/Model": "Suzuki GSX-R 1000 GSXR 1000 '02", "Classified number": "10390955", "Price": "€3.500", "Category": "Bike - Super Sport", "Registration": "1 / 2002", "Mileage": "40,000 km", "Fuel type": "Gasoline", "Cubic capacity": "1,000 cc", "Power": "160 bhp", "Color": "Black", "Modified": "32 days", "Times clicked": "134", "Short link": "www.car.gr/10390955", "Telephone": "None"}, "ad_seller": {"Name": "Γιάννης", "Address": "ΛΑΡΙΣΑP.ΛΑΡΙΣΑΣ"}, "metadata": {"type": "Bikes", "brand": "Suzuki", "model": "GSX-R 1000"}, "extras": ["Exchange with Moto accepted", "Four-stroke engine", "Gelatin", "Led lights", "Sidestand"], "description": "Η μοτοσυκλετα πωλειται λογο ακινησιας,σε αριστη κατασταση,δεκτος καθε ελεγχος. - Ανταλλαγη με scooter μεγαλου κυβισμου π.χ. Beverly 300. - Εξατμιση Termignoni,ζελατινα F.Fabbri,αλυσιδογραναζα Afam. - Less - "}