{"query": {"url": "https://www.car.gr/10327000-piaggio-vespa-et4", "type": "CAR_ADDE", "trial_count": 1, "last_processed": 1553096954}, "title": "Piaggio Vespa ET4  '03", "ad_id": "10327000", "ad_data": {"Make/Model": "Piaggio Vespa ET4 '03", "Classified number": "10327000", "Price": "€1.000", "Category": "Bike - Roller/Scooter", "Registration": "4 / 2003", "Mileage": "17,000 km", "Fuel type": "Gasoline", "Cubic capacity": "151 cc", "Power": "8 bhp", "Color": "White", "Kteo to": "07 / 2019", "Previous owners": "1", "Modified": "7 days", "Times clicked": "3144", "Short link": "www.car.gr/10327000", "Telephone": "None"}, "ad_seller": {}, "metadata": {"type": "Bikes", "brand": "Piaggio", "model": "Vespa ET4"}, "extras": [], "description": ""}