{"query": {"url": "https://www.car.gr/10357625-yamaha-fjr-1300", "type": "CAR_ADDE", "trial_count": 1, "last_processed": 1553096518}, "title": "Yamaha FJR 1300  '02", "ad_id": "10357625", "ad_data": {"Make/Model": "Yamaha FJR 1300 '02", "Classified number": "10357625", "Price": "€5.500", "Category": "Bike - Street Bike", "Registration": "6 / 2002", "Mileage": "25,490 km", "Fuel type": "Gasoline", "Cubic capacity": "1,300 cc", "Power": "150 bhp", "Color": "Silver (Metallic)", "Modified": "6 days", "Times clicked": "1664", "Short link": "www.car.gr/10357625", "Telephone": "+30 2310649606"}, "ad_seller": {"Dealer": "NEWLAND AE", "Address": "1oΧΛΜΕΣΩΤΕΡΙΚΗΣΠΕΡΙΦΕΡΕΙΑΚΗΣΘΕΣΣΑΛΟΝΙΚΗ-ΜΕΝΕΜΕΝΗ", "City": "ΘΕΣΣΑΛΟΝΙΚΗ", "": "+30 2310649607", "Fax": "+30 2310649611", "Dealer page": "https//newland.car.gr/", "Website": "http//www.newland.gr"}, "metadata": {"type": "Bikes", "brand": "Yamaha", "model": "FJR 1300"}, "extras": ["Car Exchange", "Cargo Rack", "Cast wheels", "Catalyst", "Centerstand", "Electric starter", "Four-stroke engine", "Gelatin", "Service Book", "Sidestand", "Skid Plate", "Top Box-Μπαγκαζιέρα"], "description": "Δυστυχώς μετά από 15 χρόνια την αποχωρίζομαι λόγω ηλικίας.Πραγματικά χιλιόμετρα , άριστη σαν καινούργια. Βιβλίο σέρβις. Γνήσιες μπαγκαζιέρες πλαϊνές . Δεν έμεινε ποτέ έξω , μια και είχε το δικό της ξυλόσπιτο. Ίσως η καλύτερη που κυκλοφορεί . Η τιμή είναι οριστική. Όχι παζάρια παρακαλώ. Προσωπικό τηλ. 6944775770 - Less - "}