{"query": {"url": "https://www.car.gr/10453202-kawasaki-ninja-zx-12-r", "type": "CAR_ADDE", "trial_count": 1, "last_processed": 1553097906}, "title": "Kawasaki Ninja ZX - 12 R  '04", "ad_id": "10453202", "ad_data": {"Make/Model": "Kawasaki Ninja ZX - 12 R '04", "Classified number": "10453202", "Price": "€4.500", "Category": "Bike - Sport Touring", "Registration": "4 / 2004", "Mileage": "18,830 km", "Fuel type": "Gasoline", "Cubic capacity": "1,200 cc", "Power": "185 bhp", "Color": "Blue (Metallic)", "Kteo to": "07 / 2019", "Previous owners": "1", "Modified": "9 days", "Times clicked": "1797", "Short link": "www.car.gr/10453202", "Telephone": "None"}, "ad_seller": {}, "metadata": {"type": "Bikes", "brand": "Kawasaki", "model": "Ninja ZX - 12 R"}, "extras": ["Alarm", "Electric starter", "Exhaust Special", "Gelatin", "Led lights", "Service Book", "Sidestand"], "description": "ΠΡΑΓΜΑΤΙΚΆ ΧΙΛΙΌΜΕΤΡΑ ΛΌΓΩ ΜΗ ΧΡΉΣΗΣ .ΔΕΚΤΌΣ ΈΛΕΓΧΟΣ. ΣΥΝΑΓΕΡΜΌΣ ΚΑΙ ΆΛΛΑ ΈΞΤΡΑ. ΠΛΗΡΟΦΟΡΊΕΣ ΣΤΟ ΤΗΛ . - .φίλτρο κν.εκσατμιση miv. συναγερμός spyball με δύο χειριστήρια.καινουργια λάστιχα brigestone bt 016pro.bugster για ντεπόζιτο.συντηριτης μπαταρίας.πισω led φανάρι με ενσωματωμένα φλας.περασμενο ΚΤΕΟ μέχρι τον Ιούνιο του2019.απο σέρβις(λάδια,φίλτρα,)φιμε ζελατινα - Δεκτός ελενχος. Πάντα σε γκαράζ.φτιαγμενη ανατομική σελα...Σοβαρές προτάσεις! - Less - "}