{"query": {"url": "https://www.car.gr/10046063-bmw-r-1200-gs-adventure-triple-black", "type": "CAR_ADDE", "trial_count": 1, "last_processed": 1553100285}, "title": "Bmw R 1200 GS Adventure triple black '11", "ad_id": "10046063", "ad_data": {"Make/Model": "Bmw R 1200 GS Adventure triple black '11", "Classified number": "10046063", "Price": "€12.500", "Category": "Bike - On/Off", "Registration": "4 / 2011", "Mileage": "35,000 km", "Fuel type": "Gasoline", "Cubic capacity": "1,200 cc", "Power": "115 bhp", "Color": "Black (Metallic)", "Modified": "17 days", "Times clicked": "999", "Short link": "www.car.gr/10046063", "Telephone": "None"}, "ad_seller": {}, "metadata": {"type": "Bikes", "brand": "Bmw", "model": "R 1200 GS Adventure"}, "extras": ["ABS", "Alarm", "Centerstand", "Engine Guards", "Exhaust Special", "Gelatin", "Heated Handguards", "Service Book", "Sidestand", "Spoke wheels", "Top Box-Μπαγκαζιέρα"], "description": "Η μοτοσυκλέτα βρίσκεται σε πραγματικά άριστη τόσο σε μηχανολογική τόσο σε αισθητική κατάσταση κυριολεκτικά αγρατσούνιστη,αγορασμένη από πρώτο χέρι εντός επίσημης αντιπροσωπείας ,έχοντας διανύσει 31000 πραγματικά και μη παραποιημένα χιλιόμετρα.Όλες οι προγραμματισμένες συντηρήσεις έπαιρναν μέρος πάντα σε εξουσιοδοτημένο συνεργείο και μόνο της BMW MOTORRAD όλες οι συντηρήσεις είναι καταγεγραμμένες στο επίσημο βιβλίο επισκευών και συντήρησης και φυσικά στη βάση δεδομένων της BMW.Η μοτοσυκλέτα είναι πλήρως εργοστασιακή χωρίς καμία μηχανική παρέμβαση η μετατροπή .full akrapovic by bmw.Προσοχή:Η συγκεκριμένη μοτοσυκλέτα συγκρίνεται μόνο με μια αντίστοιχη καινούργια σε κατάσταση αλλά διαφέρει πολύ σε επίπεδα κόστους!!Δεκτός ο οποιοσδήποτε τεχνικός έλεγχος σε εξουσιοδοτημένο η μη συνεργείο της επιλογής σας προς επαλήθευση των ανωτέρω.Τα extras που φέρει η μοτοσυκλέτα σας τα παραθέτουμε στη παρακάτω λίστα: -Dynamic Packet 235(ABS pro,Led φλας,Riding Modes Pro) -Touring Packet 233(Cruise Control,Dynamic ESA,Βάσεις πλαινών βαλιτσών,εγκατάστασης ,Υπολογιστής Ταξιδίου Pro -Comfort Packet230(ένδειξη πίεσης ελαστικών,θερμαινόμενα Grips,Χούφτες προστασίας,Χρωμιομένη εξάτμιση) -Γνήσιοι προβολείς ομίχλης της Bmw,με χειριστήριο λειτουργίας από το τιμόνι -Γνήσιος συναγερμός της BMW MOTORRAD - ζελατινα φιμέ απόχρωση, δινετα και η μαμα -triple black επετειακό ,σε άριστη κατάσταση - Φουλ πακέτο με - Βιβλίο σέρβις - Θερμονομενα χερούλια - Προβολακια - Ηλεκτρονική ανάρτηση - καπακια ντεποζιτου carbon - full acrapovic by bmw - Less - "}