{"query": {"url": "https://www.car.gr/10558015-yamaha", "type": "CAR_ADDE", "trial_count": 1, "last_processed": 1553104622}, "title": "Yamaha  ΠΡΟΣΦΟΡΑ '19", "ad_id": "10558015", "ad_data": {"Make/Model": "Yamaha ΠΡΟΣΦΟΡΑ '19", "Classified number": "10558015", "Price": "€2.990", "Category": "Bike - Roller/Scooter", "Registration": "2 / 2019", "Fuel type": "Gasoline", "Cubic capacity": "125 cc", "Power": "11 bhp", "Color": "White (Metallic)", "Modified": "50 days", "Times clicked": "709", "Short link": "www.car.gr/10558015", "Telephone": "+30 2463027800"}, "ad_seller": {"Dealer": "RACINGMOTORS   ACCESSORIES", "Address": "EΛΕΥΘΕΡΙΑΣ5", "City": "ΠΤΟΛΕΜΑΙΔΑ", "": "+30 2463027800", "Fax": "+30 2463027800", "Dealer page": "https//racingmotors.car.gr/"}, "metadata": {"type": "Bikes", "brand": "Yamaha", "model": "Yamaha  ΠΡΟΣΦΟΡΑ '19 - € 2.990 EUR"}, "extras": ["ABS", "Credit card-Visa accepted", "Exchange with Moto accepted", "Four-stroke engine"], "description": ""}