{"query": {"url": "https://www.car.gr/10310464-honda-sh-150-2003", "type": "CAR_ADDE", "trial_count": 1, "last_processed": 1553100394}, "title": "Honda SH 150 2003 '03", "ad_id": "10310464", "ad_data": {"Make/Model": "Honda SH 150 2003 '03", "Classified number": "10310464", "Price": "€1.300", "Category": "Bike - Roller/Scooter", "Registration": "8 / 2003", "Mileage": "37,000 km", "Fuel type": "Other", "Cubic capacity": "150 cc", "Power": "12 bhp", "Color": "Silver", "Kteo to": "09 / 2019", "Modified": "17 days", "Times clicked": "1355", "Short link": "www.car.gr/10310464", "Telephone": "None"}, "ad_seller": {"Name": "Νικος", "Address": "ΚΟΡΙΝΘΟΣP.ΚΟΡΙΝΘΙΑΣ"}, "metadata": {"type": "Bikes", "brand": "Honda", "model": "SH 150"}, "extras": ["Automatic", "Centerstand", "Electric starter", "Exhaust Special", "Four-stroke engine", "Service Book", "Skid Plate", "Spoke wheels", "Top Box-Μπαγκαζιέρα"], "description": "Σε καλή κατάσταση μαζί με μπαγκαζιέρα GIVI 46 lt . - Καινούργια ελαστικά,ιμάντας,μπαταρία. - Περασμένο από ΚΤΕΟ. - Μηχανικά ΑΨΟΓΟ!!! - Less - "}