{"query": {"url": "https://www.car.gr/10629599-kawasaki-z-250-sl-3890", "type": "CAR_ADDE", "trial_count": 1, "last_processed": 1553101694}, "title": "Kawasaki Z 250 SL Προσφορα 3890&δωρα!! '17", "ad_id": "10629599", "ad_data": {"Make/Model": "Kawasaki Z 250 SL Προσφορα 3890&δωρα!! '17", "Classified number": "10629599", "Price": "€3.890", "Category": "Bike - Super Sport", "Registration": "1 / 2017", "Fuel type": "Other", "Cubic capacity": "250 cc", "Power": "28 bhp", "Color": "Black (Metallic)", "Modified": "24 days", "Times clicked": "481", "Short link": "www.car.gr/10629599", "Telephone": "+30 2831072335"}, "ad_seller": {"Dealer": "ΜΟΤΟ ΠΑΠΑΔΟΓΙΑΝΝΗΣ (SYM,KAWASAKI,PEYGEOT,MODENAS,DAYTONA,DAELIM)", "Address": "ΣΦΑΚΑΚΙ", "City": "ΡΕΘΥΜΝΟ", "": "+30 6978068593", "Fax": "+30 2831072335", "Dealer page": "https//motopapadogiannis.car.gr/", "Website": "https//motopapadogiannis.gr/", "Open hours": "ΔΕΥΤΕΡΑ 9πμ-4μμ\nΤριτη 9πμ-9μμ\nΤεταρτη 9πμ-4μμ\nΠεμπτη 9πμ-9μμ\nΠαρασκευη 9πμ-9μμ\nΣαββατο 9πμ-4μμ"}, "metadata": {"type": "Bikes", "brand": "Kawasaki", "model": "Z 250 SL"}, "extras": [], "description": "ΜΕ ΚΑΘΕ ΑΓΟΡΑ ΜΟΤΟΣΥΚΛΕΤΑΣ ΠΑΠΙΟΥ ΚΑΙ SCOOTER ΑΠΟ ΤΟ ΚΑΤΆΣΤΗΜΑ ΜΑΣ ΕΧΕΤΑΙ *** ΔΩΡΑ *** - *& ΚΡΑΝΟΣ - *& ΚΟΥΚΟΥΛΑ ΠΡΟΣΤΑΣΊΑΣ ΜΟΤΟ - *& ΚΛΕΙΔΑΡΙΆ ΛΟΥΚΕΤΟ ΜΟΤΟ - *& ΔΩΡΕΑΝ 1Η ΑΛΛΑΓΗ ΛΑΔΙΩΝ - *& ΓΑΝΤΙΑ ΑΔΙΑΒΡΟΧΑ ΧΕΡΙΩΝ - *& ΘΑ ΑΠΟΚΤΉΣΕΤΕ ΕΚΠΤΩΤΙΚΗ ΚΑΡΤΑ ΣΤΑ ΑΞΕΣΟΥΑΡ ΤΟΥ ΚΑΤΑΣΤΗΜΑΤΟΣ ΜΑΣ -15% - *& ΟΛΑ ΑΥΤΑ ΤΑ ΔΩΡΑ ΣΤΗΝ ΕΚΠΤΩΤΙΚΉ ΤΙΜΗ ΜΕΤΡΗΤΟΙΣ ΣΕ ΟΛΑ ΤΑ ΜΗΧΑΝΆΚΙΑ ΑΝΕΞΆΡΤΗΤΩΝ ΜΑΡΚΑΣ ΚΑΙ ΜΟΝΤΕΛΟΥ.... - .............. ΚΑΙ ΟΛΑ ΑΥΤΑ ΜΟΝΟ ΣΤΟ ΚΑΤΑΣΤΗΜΑ ΜΑΣ............. - Less - "}