{"query": {"url": "https://www.car.gr/10324212-piaggio-x8-250-36", "type": "CAR_ADDE", "trial_count": 1, "last_processed": 1553096384}, "title": "Piaggio X8 250 Μ36 '06", "ad_id": "10324212", "ad_data": {"Make/Model": "Piaggio X8 250 Μ36 '06", "Classified number": "10324212", "Price": "€1.600", "Category": "Bike - Roller/Scooter", "Registration": "1 / 2006", "Mileage": "54,000 km", "Fuel type": "Gasoline", "Cubic capacity": "250 cc", "Power": "25 bhp", "Color": "White (Metallic)", "Kteo to": "04 / 2019", "Previous owners": "1", "Modified": "5 days", "Times clicked": "296", "Short link": "www.car.gr/10324212", "Telephone": "None"}, "ad_seller": {}, "metadata": {"type": "Bikes", "brand": "Piaggio", "model": "X8 250"}, "extras": ["Automatic", "Centerstand", "Electric starter", "Exchange with Moto accepted", "Four-stroke engine", "Gelatin", "Led lights", "Sidestand"], "description": "ΤΟ SCOOTER EINAI ΣΕ ΥΠΕΡΑΡΙΣΤΗ ΚΑΤΑΣΤΑΣΗ, ΑΤΡΑΚΑΡΙΣΤΟ, ΑΓΡΑΤΣΟΥΝΙΣΤΟ, ΧΡΩΜΑΤΟΣ ΛΕΥΚΟΥ ΠΕΡΛΑ, ΤΡΙΧΡΩΜΗ ΣΕΛΑ, ΛΑΣΤΙΧΑ ΚΑΙΝΟΥΡΓΙΑ, ΤΕΤΡΑΧΡΟΝΟ, ΔΙΑΘΕΤΕΙ ΔΥΟ ΖΕΛΑΤΙΝΕΣ ΓΝΗΣΙΕΣ Η ΜΙΑ ΦΙΜΕ ΧΡΩΜΑ ΚΑΙ Η ΑΛΛΗ ΜΕΓΑΛΥΤΕΡΗ ΓΙΑ ΝΑ ΚΟΒΕΙ ΤΟΝ ΑΕΡΑ, ΕΧΕΙ ΓΙΝΕΙ ΤΟ ΜΕΓΑΛΟ ΣΕΡΒΙΣ [ΙΜΑΝΤΑΣ ΧΡΟΝΙΣΜΟΥ, ΛΑΔΙΑ, ΤΑΚΑΚΙΑ ΦΡΕΝΩΝ κ.λ.π.], ΠΟΛΥ ΜΙΚΡΗ ΚΑΤΑΝΑΛΩΣΗ ΒΕΝΖΙΝΗΣ ΕΝΤΟΣ ΚΑΙ ΕΚΤΟΣ ΠΟΛΗΣ. ΦΥΛΑΣΣΕΤΑΙ ΣΕ ΙΔΙΩΤΙΚΟ ΠΑΡΚΙΝΓΚ. ΠΩΛΕΙΤΑΙ ΛΟΓΩ ΑΝΤΙΚΑΤΑΣΤΑΣΗΣ ΤΟΥ ΜΕ ΜΗΧΑΝΗ ΜΕΓΑΛΥΤΕΡΟΥ ΚΥΒΙΣΜΟΥ. ΔΕΚΤΟΣ ΚΑΘΕ ΕΛΕΓΧΟΣ. - Less - "}