{"query": {"url": "https://www.car.gr/10713096-honda-z-50-110cc", "type": "CAR_ADDE", "trial_count": 7, "last_processed": 1553093191}, "title": "Honda Z 50 ΓΝΗΣΙΟ ΜΕΤΑΤΡΟΠΗ ΣΕ 110CC '95", "ad_id": "10713096", "ad_data": {"Make/Model": "Honda Z 50 ΓΝΗΣΙΟ ΜΕΤΑΤΡΟΠΗ ΣΕ 110CC '95", "Classified number": "10713096", "Price": "€2.500", "Category": "Bike - Other", "Registration": "1 / 1995", "Mileage": "2,100 km", "Fuel type": "Gasoline", "Cubic capacity": "110 cc", "Power": "10 bhp", "Color": "Dark blue", "Modified": "17 minutes", "Times clicked": "3412", "Short link": "www.car.gr/10713096", "Telephone": "+30 2104416543"}, "ad_seller": {"Dealer": "<<MOTO ΑΛΕΞΙΟΥ>> ΕΜΠΟΡΙΑ ΜΟΤΟΣΥΚΛΕΤΩΝ, ANTAΛΛΑΓΕΣ-ΑΓΟΡΕΣ-ΠΩΛΗΣΕΙΣ-SERVISE-ΑΝΤΑΛΛΑΚΤΙΚΑ,ΑΝΑΚΑΤΑΣΚΕΥΕΣ ΣΕ ΟΛΑ ΤΑ ΜΟΤΟ ΣΤΙΣ ΚΑΛΥΤΕΡΕΣ ΤΙΜΕΣ,ΑΚΤΙΝΟΛΟΓΗΣΗ ΖΑΝΤΩΝ ΕΠΙΔΙΟΡΘΩΣΗ, ΑΝΑΚΑΤΑΣΚΕΥΗ ΚΑΙ ΒΑΦΗ.. ΔΙΕΚΠΑΙΡΕΩΣΕΙΣ-ΜΕΤΑΒΙΒΑΣΕΙΣ-ΚΤΕΟ-ΑΠΟΖΗΜΙΩΣΕΙΣ ΤΡΑΚΑΡΙΣΜΕΝΩΝ,ΣΥΝΕΡΓΑΖΟΜΑΣΤΕ ΜΕ ΟΛΕΣ ΤΙΣ ΑΣΦΑΛΙΣΤΙΚΕΣ ΕΤΑΙΡΙΕΣ.ΕΠΙΣΚΕΥΗ ΤΗΣ ΣΕΛΑΣ ΣΑΣ ΜΕ ΙΤΑΛΙΚΑ ΥΛΙΚΑ ,ΕΠΙΣΚΕΥΕΣ ΒΟΛΑΝ ΜΕ 2ΧΡΟΝΙΑ ΕΓΓΥΗΣΗ ΚΑΙ ΤΑ ΚΑΛΥΤΕΡΑ ΥΛΙΚΑ ,ΑΝΤ/ΚΑ ΠΑΝΤΟΣ ΤΥΠΟΥ ΚΑΙΝΟΥΡΙΑ ΚΑΙ ΜΕΤΑΧΕΙΡΙΣΜΕΝΑ,ΚΑΙ ΜΗΧΑΝΙΚΑ ΜΕΡΗ.ΟΛΕΣ ΤΙΣ ΜΑΡΚΕΣ ΛΑΔΙΩΝ ΕΛΑΣΤΙΚΩΝ ΚΑΙ ΑΞΕΣΟΥΑΡ.ΕΞΑΤΜΙΣΕΙΣ ΠΑΝΤΟΣ ΤΥΠΟΥ Κ ΧΕΙΡΟΠΟΙΗΤΕΣ Protecht. ΔΙΣΚΟΠΛΑΚΕΣ,ΖΑΝΤΕΣ. ΚΡΑΝΗ,ΜΠΑΚΑΖΙΕΡΕΣ,ΜΠΑΤΑΡΙΕΣ,ΣΕΛΕΣ Κ.Α.ΑΔΙΑΒΡΟΧΑ ΣΕ ΠΡΟΣΦΟΡΑ.ΠΟΔΗΛΑΤΑ ΚΑΙ ΑΞΕΣΟΥΑΡ ΠΟΔΗΛΑΤΩΝ .ΜΕΤΑΦΟΡΑ ΤΩΝ ΠΡΟΙΟΝΤΩΝ ΜΑΣ ΣΤΟ ΧΩΡΟ ΣΑΣ AΛΛΑ KAI ΤΙΣ ΜΟΤΟΣΥΚΛΕΤΕΣ,ΚΑΝΟΥΜΕ ΕΚΠΤΩΣΗ ΣΕ ΕΜΠΟΡΟΥΣ ΚΑΙ ΣΤΑ DELIVERY", "Address": "ΛΕΩΦΟΡΟΣΔΗΜΟΚΡΑΤΙΑΣ143", "City": "ΠΕΡΑΜΑ", "": "+30 2104416875", "Fax": "+30 2104416875", "Dealer page": "https//motoalexiou.car.gr/", "Website": "http//ΜΟΤΟΑΛΕΞΙΟΥ.CAR.GR", "Open hours": "Δευτέρα εώς Παρασκευή 9.30πμ εως 8.00μμ \nΣαβ/το κλειστά \nΚυριακή κλειστά"}, "metadata": {"type": "Bikes", "brand": "Honda", "model": "Z 50"}, "extras": ["Cargo Rack", "Exhibition", "Four-stroke engine", "Sidestand"], "description": "ΓΝΗΣΙΟ ΑΡΙΣΤΟ ΤΑ ΧΛΜ ΕΙΝΑΙ 2500 ΠΡΑΓΜΑΤΙΚΑ ,ΑΓΡΑΤΖΟΥΝΙΣΤΟ ΑΤΡΑΚΑΡΙΣΤΟ ΕΧΕΙ ΚΑΝΕΙ ΤΟ ΠΛΗΡΕΣ ΣΕΡΒΙΣ ΣΤΑ ΧΑΡΤΙΑ ΕΙΝΑΙ 50ΑΡΗ ΚΑΙ ΕΧΕΙ ΓΙΝΕΙ ΑΛΛΑΓΗ ΜΟΤΕΡ 110CC .MAKΡΙΨΑΛΙΔΟ ΕΙΔΙΚΗ ΚΑΤΑΣΚΕΥΗ .ΔΕΚΤΟΣ ΚΑΘΕ ΕΛΕΓΧΟΣ - Less - "}