{"query": {"url": "https://www.car.gr/10730975-sym-cruisym-300-euro4-abs", "type": "CAR_ADDE", "trial_count": 1, "last_processed": 1553094793}, "title": "Sym Cruisym 300 Euro4 abs & δωρα... '17", "ad_id": "10730975", "ad_data": {"Make/Model": "Sym Cruisym 300 Euro4 abs & δωρα... '17", "Classified number": "10730975", "Price": "€4.495", "Category": "Bike - Roller/Scooter", "Registration": "1 / 2017", "Fuel type": "Gasoline", "Cubic capacity": "300 cc", "Power": "28 bhp", "Color": "White (Metallic)", "Modified": "1 day", "Times clicked": "381", "Short link": "www.car.gr/10730975", "Telephone": "+30 2831072335"}, "ad_seller": {"Dealer": "ΜΟΤΟ ΠΑΠΑΔΟΓΙΑΝΝΗΣ (SYM,KAWASAKI,PEYGEOT,MODENAS,DAYTONA,DAELIM)", "Address": "ΣΦΑΚΑΚΙ", "City": "ΡΕΘΥΜΝΟ", "": "+30 6978068593", "Fax": "+30 2831072335", "Dealer page": "https//motopapadogiannis.car.gr/", "Website": "https//motopapadogiannis.gr/", "Open hours": "ΔΕΥΤΕΡΑ 9πμ-4μμ\nΤριτη 9πμ-9μμ\nΤεταρτη 9πμ-4μμ\nΠεμπτη 9πμ-9μμ\nΠαρασκευη 9πμ-9μμ\nΣαββατο 9πμ-4μμ"}, "metadata": {"type": "Bikes", "brand": "Sym", "model": "Cruisym 300"}, "extras": ["ABS", "Centerstand", "Four-stroke engine", "Service Book"], "description": "ΜΕ ΚΑΘΕ ΑΓΟΡΑ ΜΟΤΟΣΥΚΛΕΤΑΣ ΠΑΠΙΟΥ ΚΑΙ SCOOTER ΑΠΟ ΤΟ ΚΑΤΆΣΤΗΜΑ ΜΑΣ ΕΧΕΤΑΙ - *& κρανος jet - *& ΚΛΕΙΔΑΡΙΆ ΛΟΥΚΕΤΟ ΜΟΤΟ - *& ΑΔΙΑΒΡΟΧΟ ΜΠΟΥΦΑΝ - *& ΑΔΙΑΒΡΟΧΟ ΠΑΝΤΕΛΟΝΙ - *& ΔΩΡΕΑΝ 1Η ΑΛΛΑΓΗ ΛΑΔΙΩΝ - *& ΓΑΝΤΙΑ ΑΔΙΑΒΡΟΧΑ ΧΕΡΙΩΝ - *& ΘΑ ΑΠΟΚΤΉΣΕΤΕ ΕΚΠΤΩΤΙΚΗ ΚΑΡΤΑ ΣΤΑ ΑΞΕΣΟΥΑΡ ΤΟΥ ΚΑΤΑΣΤΗΜΑΤΟΣ ΜΑΣ -15% - *& ΟΛΑ ΑΥΤΑ ΤΑ ΔΩΡΑ ΣΤΗΝ ΕΚΠΤΩΤΙΚΉ ΤΙΜΗ ΜΕΤΡΗΤΟΙΣ ΣΕ ΟΛΑ ΤΑ ΜΗΧΑΝΆΚΙΑ ΑΝΕΞΆΡΤΗΤΩΝ ΜΑΡΚΑΣ ΚΑΙ ΜΟΝΤΕΛΟΥ.... - Less - "}