{"query": {"url": "https://www.car.gr/10382483-mv-agusta-f4-750-s-f4-crc", "type": "CAR_ADDE", "trial_count": 1, "last_processed": 1553102128}, "title": "Mv Agusta F4 750 S F4 CRC '07", "ad_id": "10382483", "ad_data": {"Make/Model": "Mv Agusta F4 750 S F4 CRC '07", "Classified number": "10382483", "Price": "€15.000", "Category": "Bike - Super Sport", "Registration": "8 / 2007", "Mileage": "12,250 km", "Fuel type": "Gasoline", "Cubic capacity": "750 cc", "Power": "155 bhp", "Color": "Red", "Liters/100km": "5 (Εντός)/18.6 (Εκτός)/12 (Μικτό)", "Modified": "28 days", "Times clicked": "135", "Short link": "www.car.gr/10382483", "Telephone": "None"}, "ad_seller": {}, "metadata": {"type": "Bikes", "brand": "Mv Agusta", "model": "F4 750 S"}, "extras": [], "description": "ΔΕΚΤΟΣ ΚΑΘΕ ΕΛΕΝΧΟΣ. Η ΤΙΜΗ ΕΙΝΑΙ ΤΕΛΙΚΗ. - ANTAΛΛΑΓΗ ΜΕ LOTUS ELISE Η' LOTUS 7 [CATERHAM] - Less - "}