{"query": {"url": "https://www.car.gr/10289649-suzuki-gsr-600-abs", "type": "CAR_ADDE", "trial_count": 1, "last_processed": 1553096699}, "title": "Suzuki GSR 600 ABS '09", "ad_id": "10289649", "ad_data": {"Make/Model": "Suzuki GSR 600 ABS '09", "Classified number": "10289649", "Price": "€3.765", "Category": "Bike - Naked", "Registration": "6 / 2009", "Mileage": "22,891 km", "Fuel type": "Gasoline", "Cubic capacity": "600 cc", "Power": "98 bhp", "Color": "Silver (Metallic)", "Kteo to": "06 / 2019", "Modified": "6 days", "Times clicked": "1801", "Short link": "www.car.gr/10289649", "Telephone": "+30 2541029430"}, "ad_seller": {"Dealer": "ΝΤΟΛΛΑΣ ΜΟΤΟ Ι.Κ.Ε. ΑΝΤΙΠΡΟΣΩΠΕΙΕΣ KAWASAKI-SUZUKI-PIAGGIO-VESPA-APRILIA-MOTO GUZZI-DUCATI-PEUGEOT", "Address": "4ΧΛΜΞΑΝΘΗΣ-ΛΑΓΟΥΣ", "City": "ΞΑΝΘΗ", "": "+30 2541083282", "Dealer page": "https//ntollas-ioannis.car.gr/"}, "metadata": {"type": "Bikes", "brand": "Suzuki", "model": "GSR 600"}, "extras": ["ABS", "Car Exchange", "Cast wheels", "Catalyst", "Electric starter", "Exchange with Moto accepted", "Four-stroke engine", "Service Book", "Sidestand", "Trip computer"], "description": "1ο χέρι αντιπροσωπείας, άριστα συντηρημένο με όλα του τα service στην ώρα τους. - Η μοτοσυκλέτα συνοδεύεται από βιβλίο service. - Έχει καινούργια λάστιχα Pirell DIABLO ROSSO II, προστατευτικά μανιτάρια, ABS, καινούργια αλυσιδογράναζα. - Ανταλλαγές με μοτοσυκλέτες ανάλογης κατάστασης, γίνονται δεκτές. - Δυνατότητα χρηματοδότησης. eine ologenourgio, athikto, den exei to paramikro. didete kai egguisi. - Less - "}