{"query": {"url": "https://www.car.gr/10115690-kawasaki-ninja-h2-r-ninja-500r", "type": "CAR_ADDE", "trial_count": 1, "last_processed": 1553094482}, "title": "Kawasaki Ninja H2 R ninja 500R '01", "ad_id": "10115690", "ad_data": {"Make/Model": "Kawasaki Ninja H2 R ninja 500R '01", "Classified number": "10115690", "Price": "€2.000", "Category": "Bike - Street Bike", "Registration": "11 / 2001", "Fuel type": "Gasoline", "Cubic capacity": "498 cc", "Power": "110 bhp", "Color": "Red", "Previous owners": "1", "Modified": "1 day", "Times clicked": "11929", "Short link": "www.car.gr/10115690", "Telephone": "+30 2109810322"}, "ad_seller": {"Dealer": "AD FM AUTO STAR E.Ε", "Address": "ΛεωφόροΑγίαςΒαρβάρας1", "City": "ΠΑΛΑΙΟΦΑΛΗΡΟ", "": "+30 2109810322", "Fax": "+30 2109847005", "Dealer page": "https//auto-star.car.gr/", "Open hours": "ΔΕΥΤΕΡΑ-ΤΕΤΑΡΤΗ 900 ΕΩΣ 1700\nΤΡΙΤΗ-ΠΕΜΠΤΗ-ΠΑΡΑΣΚΕΥΗ 900 ΕΩΣ 2000 ΣΑΒΒΑΤΟ 9-2\nΚΥΡΙΑΚΗ ΚΛΕΙΣΤΑ"}, "metadata": {"type": "Bikes", "brand": "Kawasaki", "model": "Ninja H2 R"}, "extras": ["Antique-Classic", "Car Exchange", "Centerstand", "Credit card-Visa accepted", "Electric starter", "Exchange with Boat", "Exchange with Moto accepted", "Four-stroke engine", "Gelatin", "Service Book", "Sidestand", "Skid Plate", "Trip computer"], "description": ""}