{"query": {"url": "https://www.car.gr/10129921-lambretta-serveta-li-150-spesial", "type": "CAR_ADDE", "trial_count": 1, "last_processed": 1553101984}, "title": "Lambretta  serveta li 150 spesial '81", "ad_id": "10129921", "ad_data": {"Make/Model": "Lambretta serveta li 150 spesial '81", "Classified number": "10129921", "Price": "€2.600", "Category": "Bike - Other", "Registration": "3 / 1981", "Mileage": "12,000 km", "Fuel type": "Gasoline", "Cubic capacity": "148 cc", "Power": "3 bhp", "Color": "Red (Metallic)", "Kteo to": "12 / 2017", "Previous owners": "1", "Modified": "27 days", "Times clicked": "1835", "Short link": "www.car.gr/10129921", "Telephone": "None"}, "ad_seller": {}, "metadata": {"type": "Bikes", "brand": "Lambretta", "model": "Lambretta  serveta li 150 spesial '81 - € 2.600 EUR (Negotiable)"}, "extras": ["Cargo Rack", "Two-stroke"], "description": ""}