{"query": {"url": "https://www.car.gr/10381819-yamaha-tdm-900", "type": "CAR_ADDE", "trial_count": 1, "last_processed": 1553098465}, "title": "Yamaha TDM 900  '06", "ad_id": "10381819", "ad_data": {"Make/Model": "Yamaha TDM 900 '06", "Classified number": "10381819", "Price": "€3.300", "Category": "Bike - On/Off", "Registration": "1 / 2006", "Mileage": "70,400 km", "Fuel type": "Gasoline", "Cubic capacity": "900 cc", "Power": "84 bhp", "Color": "Black", "Modified": "11 days", "Times clicked": "10882", "Short link": "www.car.gr/10381819", "Telephone": "+30 2105690906"}, "ad_seller": {"Dealer": "ΜΕΤΑΧΕΙΡΙΣΜΕΝΑ ΑΝΤΑΛΑΚΤΙΚΑ MOTO", "Address": "ΜΕΓ.ΑΛΕΞΑΝΔΡΟΥ77", "City": "ΑΙΓΑΛΕΩ", "": "+30 6978101394", "Dealer page": "https//maratos-moto.car.gr/"}, "metadata": {"type": "Bikes", "brand": "Yamaha", "model": "TDM 900"}, "extras": ["Electric starter", "Exhaust Special", "Four-stroke engine", "Gelatin", "Led lights", "Lights Xenon"], "description": "Πρόγραμμα στο δικό του εγκεφάλο.φίλτρο DNA. Χωνια .ανάρτηση από r6 .δίσκοι καμπάνας με τους 2 από r1 με χειροποίητα ελατήρια. Μαργαρίτα πίσω. Ζάντα μπροστά από r1. Τιμόνι renthal me αντιβάρα. Ζελατίνα fabbri.μανιτάρια. λαιμός εξατμίσεων χρώμιο. Εξατμίσεις mivv.τάπα ντεπόζιτο και κάγκελο βαμμένα ηλεκτρο στατική. Βαμμένο ματ.φυλασημενο σε γκαράζ. Δεκτός κάθε έλεγχος. ΚατεΒενει και η τιμή αν αφαιρεθούν έχτρα κατοποιν συνενοησης .Η τιμή 3300€ ισχύει για μαμα εξατμίσεις. Μαμα ζάντα μπροστά. Μαμα ανάρτηση και χωρίς διπλό σταντ.Με όλα του τα πράγματα 3900€... - Less - "}