{"query": {"url": "https://www.car.gr/10445504-kawasaki-vn-400-classic", "type": "CAR_ADDE", "trial_count": 1, "last_processed": 1553095540}, "title": "Kawasaki VN 400 Classic  '99", "ad_id": "10445504", "ad_data": {"Make/Model": "Kawasaki VN 400 Classic '99", "Classified number": "10445504", "Price": "€2.500", "Category": "Bike - Chopper", "Registration": "1 / 1999", "Mileage": "40,000 km", "Fuel type": "Gasoline", "Cubic capacity": "400 cc", "Power": "35 bhp", "Color": "Beige (Metallic)", "Kteo to": "03 / 2019", "Previous owners": "1", "Modified": "3 days", "Times clicked": "444", "Short link": "www.car.gr/10445504", "Telephone": "None"}, "ad_seller": {}, "metadata": {"type": "Bikes", "brand": "Kawasaki", "model": "VN 400 Classic"}, "extras": [], "description": "Vn 400 classic. Καινούρια ελαστικά και μπαταρία.Χρωμα μπεζ ματ μεταλλικό. Η μηχανή δουλεύει άψογα. Περασμένη ΚΤΕΟ στις 8/2/19 - Less - "}