{"query": {"url": "https://www.car.gr/10317750-aprilia-leonardo-150", "type": "CAR_ADDE", "trial_count": 1, "last_processed": 1553095826}, "title": "Aprilia Leonardo 150  '99", "ad_id": "10317750", "ad_data": {"Make/Model": "Aprilia Leonardo 150 '99", "Classified number": "10317750", "Price": "€650", "Category": "Bike - Roller/Scooter", "Registration": "1 / 1999", "Mileage": "23,000 km", "Fuel type": "Gasoline", "Cubic capacity": "150 cc", "Power": "12 bhp", "Color": "Orange", "Modified": "3 days", "Times clicked": "1386", "Short link": "www.car.gr/10317750", "Telephone": "+30 2821099405"}, "ad_seller": {"Dealer": "CHANIA MOTORCYCLES", "Address": "ΝΙΚΟΛΑΟΥΠΛΑΣΤΗΡΑ4", "City": "ΧΑΝΙΑ", "": "+30 6980127373", "Fax": "+30 6996312247", "Dealer page": "https//stavroulakis-cars.car.gr/"}, "metadata": {"type": "Bikes", "brand": "Aprilia", "model": "Leonardo 150"}, "extras": ["Automatic", "Electric starter", "Exchange with Moto accepted", "Four-stroke engine"], "description": "πολυ καλη κατασταση - Less - "}