{"query": {"url": "https://www.car.gr/10388563-honda-c-c50-12v", "type": "CAR_ADDE", "trial_count": 1, "last_processed": 1553095546}, "title": "Honda C C50 12V '87", "ad_id": "10388563", "ad_data": {"Make/Model": "Honda C C50 12V '87", "Classified number": "10388563", "Price": "€980", "Category": "Bike - Underbone", "Registration": "1 / 1987", "Mileage": "32,844 km", "Fuel type": "Gasoline", "Cubic capacity": "50 cc", "Power": "4 bhp", "Color": "Blue", "Previous owners": "1", "Modified": "3 days", "Times clicked": "23453", "Short link": "www.car.gr/10388563", "Telephone": "+30 2105914381"}, "ad_seller": {"Dealer": "ΧΑΤΖΗΠΑΝΑΓΙΩΤΗΣ  Φ./Γ.  Ο.Ε", "Address": "ΙΕΡΑΟΔΟΣ175ΑΙΓΑΛΕΩ", "City": "ΑΙΓΑΛΕΩ", "": "+30 2105914381", "Fax": "+30 2105914381", "Dealer page": "https//xatzipanagiotis-moto.car.gr/", "Website": "http//MOTO-XATZIPANAGIOTIS.GR"}, "metadata": {"type": "Bikes", "brand": "Honda", "model": "C"}, "extras": [], "description": "Γνήσιο C50 - 12V made in Japan - Συλλεκτικό κομμάτι. - Σε άριστη κατάσταση - Δεκτός κάθε μηχανικός έλεγχος - Less - "}