{"query": {"url": "https://www.car.gr/10536553-tcb-buffalo-300-4-4", "type": "CAR_ADDE", "trial_count": 7, "last_processed": 1553092976}, "title": "TCB Buffalo 300 ΑΝΤΑΛΛΑΓΗ ΜΕ ΙΧ 4Χ4 '16", "ad_id": "10536553", "ad_data": {"Make/Model": "TCB Buffalo 300 ΑΝΤΑΛΛΑΓΗ ΜΕ ΙΧ 4Χ4 '16", "Classified number": "10536553", "Price": "€3.000", "Category": "Bike - Four Wheel-ATV", "Registration": "1 / 2016", "Mileage": "5,000 km", "Fuel type": "Gasoline", "Cubic capacity": "300 cc", "Power": "30 bhp", "Color": "Orange", "Previous owners": "1", "Modified": "4 hours", "Times clicked": "6350", "Short link": "www.car.gr/10536553", "Telephone": "+30 6945319249"}, "ad_seller": {"Dealer": "speed mad", "Address": "Κ.ΑΡΒΑΝΙΤΗ3", "City": "ΜΕΤΑΜΟΡΦΩΣΗ", "": "+30 2130369299", "Dealer page": "https//speedmad-moto.car.gr/"}, "metadata": {"type": "Bikes", "brand": "TCB", "model": "Buffalo 300"}, "extras": ["Automatic", "Car Exchange", "Exchange with Moto accepted", "Four-stroke engine"], "description": "ΔΕΝ ΕΧΕΙ ΠΑΤΗΣΕΙ ΧΩΜΑ ΕΧΕΙ ΑΣΦΑΛΤΙΝΑ ΛΑΣΤΙΧΑ ΚΑΙΝΟΥΡΓΙΑ ΤΑΚΑΚΙΑ ΚΑΙ ΕΧΕΙ ΚΑΝΕΙ ΚΑΙ ΤΟ ΜΕΓΑΛΟ ΣΕΡΒΙΣ ΑΝΤΑΛΛΑΓΗ ΜΕ JEEP 4X4 μεχρι 2800cc ησscooter apo 250cc και πανω ΕΧΕΙ ΠΡΟΒΛΗΜΑ ΤΟ ΜΠΡΟΣΤΑ ΔΙΑΦΟΡΙΚΟ - Less - "}