{"query": {"url": "https://www.car.gr/10108791-moto-guzzi-breva-750", "type": "CAR_ADDE", "trial_count": 1, "last_processed": 1553098801}, "title": "Moto Guzzi Breva 750  '04", "ad_id": "10108791", "ad_data": {"Make/Model": "Moto Guzzi Breva 750 '04", "Classified number": "10108791", "Price": "€3.500", "Category": "Bike - Other", "Registration": "1 / 2004", "Mileage": "6,600 km", "Fuel type": "Gasoline", "Cubic capacity": "750 cc", "Power": "49 bhp", "Color": "Red", "Modified": "12 days", "Times clicked": "161", "Short link": "www.car.gr/10108791", "Telephone": "None"}, "ad_seller": {}, "metadata": {"type": "Bikes", "brand": "Moto Guzzi", "model": "Breva 750"}, "extras": ["Cast wheels", "Catalyst", "Centerstand", "Electric starter", "Four-stroke engine", "Greek Dealership", "Injection", "Service Book", "Sidestand", "Top Box-Μπαγκαζιέρα"], "description": "ΑΨΟΓΟ ΣΑΝ ΚΑΙΝΟΥΡΙΟ.ΠΡΑΓΜΑΤΙΚΑ ΧΙΛΙΟΜΕΤΡΑ.ΟΧΙ ΑΣΚΟΠΑ ΤΗΛΕΦΩΝΑ. - Less - "}