{"query": {"url": "https://www.car.gr/10539907-siamoto-s-cross", "type": "CAR_ADDE", "trial_count": 1, "last_processed": 1553101121}, "title": "Siamoto  S-Cross '08", "ad_id": "10539907", "ad_data": {"Make/Model": "Siamoto S-Cross '08", "Classified number": "10539907", "Price": "€1.150", "Category": "Bike - Roller/Scooter", "Registration": "1 / 2008", "Fuel type": "Gasoline", "Cubic capacity": "50 cc", "Power": "5 bhp", "Color": "Silver", "Modified": "22 days", "Times clicked": "676", "Short link": "www.car.gr/10539907", "Telephone": "+30 2541023575"}, "ad_seller": {"Dealer": "ΜΟΤΟ ΤΑΜΙΑΣ", "Address": "ΒΟΥΛΓΑΡΟΚΤΟΝΟΥ20", "City": "ΞΑΝΘΗ", "": "+30 2541023575", "Dealer page": "https//moto-tamias.car.gr/", "Website": "http//www.mototamias.gr"}, "metadata": {"type": "Bikes", "brand": "Siamoto", "model": "Siamoto  S-Cross '08 - € 1.150 EUR"}, "extras": ["Automatic", "Centerstand", "Credit card-Visa accepted", "Electric starter", "Exchange with Moto accepted", "Kick-Starter", "Spoke wheels", "Two-stroke"], "description": "Scooter 50cc μάρκας Siamoto S-Cross stock - Less - "}