{"query": {"url": "https://www.car.gr/10371703-suzuki-address", "type": "CAR_ADDE", "trial_count": 1, "last_processed": 1553101672}, "title": "Suzuki Address  '00", "ad_id": "10371703", "ad_data": {"Make/Model": "Suzuki Address '00", "Classified number": "10371703", "Price": "€400", "Category": "Bike - Roller/Scooter", "Registration": "1 / 2000", "Mileage": "30,000 km", "Fuel type": "Gasoline", "Cubic capacity": "50 cc", "Power": "6 bhp", "Color": "Yellow", "Modified": "24 days", "Times clicked": "4118", "Short link": "www.car.gr/10371703", "Telephone": "+30 2821099405"}, "ad_seller": {"Dealer": "CHANIA MOTORCYCLES", "Address": "ΝΙΚΟΛΑΟΥΠΛΑΣΤΗΡΑ4", "City": "ΧΑΝΙΑ", "": "+30 6980127373", "Fax": "+30 6996312247", "Dealer page": "https//stavroulakis-cars.car.gr/"}, "metadata": {"type": "Bikes", "brand": "Suzuki", "model": "Address"}, "extras": ["Automatic", "Electric starter", "Exchange with Moto accepted", "Kick-Starter", "Two-stroke"], "description": "καλη κατασταση - Less - "}