{"query": {"url": "https://www.car.gr/10270741-ktm-690-duke-duke-3", "type": "CAR_ADDE", "trial_count": 1, "last_processed": 1553096816}, "title": "KTM 690 Duke Duke 3 '10", "ad_id": "10270741", "ad_data": {"Make/Model": "KTM 690 Duke Duke 3 '10", "Classified number": "10270741", "Price": "€5.000", "Category": "Bike - Super Motard", "Registration": "8 / 2010", "Mileage": "32,000 km", "Fuel type": "Gasoline", "Cubic capacity": "690 cc", "Power": "75 bhp", "Color": "White (Metallic)", "Kteo to": "12 / 2018", "Liters/100km": "6 (Εντός)/5 (Εκτός)/5.5 (Μικτό)", "Previous owners": "1", "Modified": "6 days", "Times clicked": "902", "Short link": "www.car.gr/10270741", "Telephone": "None"}, "ad_seller": {}, "metadata": {"type": "Bikes", "brand": "KTM", "model": "690 Duke"}, "extras": ["ABS", "Cast wheels", "Electric starter", "Exhaust Special", "Four-stroke engine", "Lights Xenon", "Service Book", "Sidestand", "Skid Plate"], "description": "Το μηχανάκι είναι σε υπέρ άριστη κατάσταση, πολύ προσεγμένο...τα service όλα στην ώρα τους και μόνο στην KTM. - Φοράει φίλτρο DNA, πρόγραμμα και εξάτμιση της KTM,αυθεντικό carbon φτερό μπροστά, αντίβαρα,grips,μανιτάρια της KTM, ηλεκτροστατικη βαφή στης ζάντες με καινούργια λάστιχα! - Μαζί θα δοθούν όλα τα μαμα πράγματα όπως (φλασακια,καθρέφτες,βάση πινακίδας με λασπωτηρα,εξάτμιση,χούφτες acerbis) - Less - "}