{"query": {"url": "https://www.car.gr/10356838-gas-gas-ec-250", "type": "CAR_ADDE", "trial_count": 1, "last_processed": 1553093284}, "title": "Gas-Gas EC 250 ΠΡΟΣΦΟΡΑ!!! '08", "ad_id": "10356838", "ad_data": {"Make/Model": "Gas-Gas EC 250 ΠΡΟΣΦΟΡΑ!!! '08", "Classified number": "10356838", "Price": "€2.250", "Category": "Bike - Εnduro", "Registration": "1 / 2008", "Mileage": "1,500 km", "Fuel type": "Gasoline", "Cubic capacity": "250 cc", "Power": "52 bhp", "Color": "Red", "Previous owners": "1", "Modified": "6 hours", "Times clicked": "10564", "Short link": "www.car.gr/10356838", "Telephone": "+30 2467023333"}, "ad_seller": {"Dealer": "HONDA ΟΥΣΛΙΟΣ - MX88.GR", "Address": "xlohs56", "City": "ΚΑΣΤΟΡΙΑ", "": "+30 6970871453", "Fax": "+30 2467023333", "Dealer page": "https//motoparts-bikes.car.gr/", "Website": "http//www.mx88.gr"}, "metadata": {"type": "Bikes", "brand": "Gas-Gas", "model": "EC 250"}, "extras": ["Exchange with Moto accepted", "Kick-Starter", "Sidestand", "Skid Plate", "Two-stroke"], "description": "Άριστο !! - Έτοιμο για χρήση - Δεκτές ανταλλαγές - Less - "}