{"query": {"url": "https://www.car.gr/10356825-suzuki-gsr-600", "type": "CAR_ADDE", "trial_count": 1, "last_processed": 1553099402}, "title": "Suzuki GSR 600 ΑΨΟΓΟ '06", "ad_id": "10356825", "ad_data": {"Make/Model": "Suzuki GSR 600 ΑΨΟΓΟ '06", "Classified number": "10356825", "Price": "€2.995", "Category": "Bike - Naked", "Registration": "10 / 2006", "Mileage": "66,000 km", "Fuel type": "Gasoline", "Cubic capacity": "600 cc", "Power": "98 bhp", "Color": "Blue (Metallic)", "Previous owners": "1", "Modified": "13 days", "Times clicked": "76", "Short link": "www.car.gr/10356825", "Telephone": "+30 2310886200"}, "ad_seller": {"Dealer": "RIDERSMARKET", "Address": "ΠΑΠΑΝΑΣΤΑΣΙΟΥ31", "City": "ΘΕΣΣΑΛΟΝΙΚΗ", "": "+30 2310900013", "Fax": "+30 2310858002", "Dealer page": "https//nikitakis.car.gr/", "Website": "http//WWW.RIDERSMARKET.GR", "Open hours": "ΔΕΥΤΕΡΑ - ΠΑΡΑΣΚΕΥΗ  900-1730"}, "metadata": {"type": "Bikes", "brand": "Suzuki", "model": "GSR 600"}, "extras": ["Alarm", "Cast wheels", "Credit card-Visa accepted", "Electric starter", "Engine Guards", "Exchange with Moto accepted", "Four-stroke engine", "Gelatin", "Lights Xenon", "Service Book", "Sidestand"], "description": "Σε αριστη κατασταση,δερμα στο ρεζερβουαρ,προστασια ψυγειου νικελ,συναγερμος,ζελατινα,μανιταρια προστασιας,μανετες ρυθμιζομενες,1 χρονο εγγυηση γραπτη,δεκτες και ανταλλαγες.ΑΝΤΙΠΡΟΣΩΠΕΙΑ SUZUKI ΝΙΚΗΤΑΚΗΣ ΒΟΡΕΙΑΣ ΕΛΛΑΔΑΣ - ΜΕ ΠΟΛΥΕΤΉ ΕΜΠΕΙΡΊΑ ΣΤΟ ΧΩΡΟ ΤΗΣ ΜΟΤΟΣΙΚΛΈΤΑΣ 35 ΧΡΌΝΩΝ - ΜΕ ΟΡΓΆΝΩΣΗ ΚΑΙ ΣΥΝΈΠΕΙΑ - ΣΑΣ ΠΡΟΣΦΕΡΟΥΜΕ ΆΡΙΣΤΗ ΠΟΙΌΤΗΤΑ ΥΠΗΡΕΣΙΏΝ - ΣΤΗ ΠΩΛΗΣΗ ΜΟΤΟ - ΑΞΕΣΟΥΑΡ - SERVICE - ΑΝΤΑΛΛΑΚΤΙΚΑ - ΕΛΑΣΤΙΚΑ - ΚΑΙ ΣΕ ΟΤΙ ΑΛΛΟ ΧΡΕΙΑΣΤΕΊΤΕ - Less - "}