{"query": {"url": "https://www.car.gr/10554988-yamaha-fz6-fazer-s2", "type": "CAR_ADDE", "trial_count": 1, "last_processed": 1553097304}, "title": "Yamaha FZ6 Fazer S2  '07", "ad_id": "10554988", "ad_data": {"Make/Model": "Yamaha FZ6 Fazer S2 '07", "Classified number": "10554988", "Price": "€2.800", "Category": "Bike - Sport Touring", "Registration": "6 / 2007", "Mileage": "87,000 km", "Fuel type": "Gasoline", "Cubic capacity": "600 cc", "Power": "90 bhp", "Color": "Black (Metallic)", "Liters/100km": "3.5 (Εντός)/3.5 (Εκτός)/3.5 (Μικτό)", "Modified": "8 days", "Times clicked": "195", "Short link": "www.car.gr/10554988", "Telephone": "None"}, "ad_seller": {}, "metadata": {"type": "Bikes", "brand": "Yamaha", "model": "FZ6 Fazer S2"}, "extras": ["ABS", "Alarm", "Bars", "Cargo Rack", "Centerstand", "Electric starter", "Exchange with Moto accepted", "Four-stroke engine", "Greek Dealership", "Injection", "Sidestand", "Trip computer"], "description": "Το μηχανάκι είναι άριστο και πάρα πολύ συντηρημένο .δεκτός οποιοσδήποτε ελενχος .ανταλλαγή και με VARADERO 1000 2004 και πάνω .έχει συναγερμό. - Less - "}