{"query": {"url": "https://www.car.gr/10028444-honda-vt-600c-shadow", "type": "CAR_ADDE", "trial_count": 1, "last_processed": 1553105169}, "title": "Honda VT 600C Shadow Αναλαμβανουμε αναπαλαιωσεις  '97", "ad_id": "10028444", "ad_data": {"Make/Model": "Honda VT 600C Shadow Αναλαμβανουμε αναπαλαιωσεις  '97", "Classified number": "10028444", "Price": "€1", "Category": "Bike - Chopper", "Registration": "1 / 1997", "Mileage": "1 km", "Fuel type": "Gasoline", "Cubic capacity": "600 cc", "Power": "39 bhp", "Color": "Other", "Modified": "6 days", "Times clicked": "7481", "Short link": "www.car.gr/10028444", "Telephone": "+30 2431026327"}, "ad_seller": {"Dealer": "OFF RUN MOTORSTORE", "Address": "ΠΕΡΙΦΕΡΕΙΑΚΗΟΔΟΣΛΑΡΙΣΗΣ-ΙΩΑΝΝΙΝΩΝ", "City": "ΤΡΙΚΑΛΑ", "": "+30 2431026327", "Fax": "+30 2431026327", "Dealer page": "https//off-run-motorstore.car.gr/"}, "metadata": {"type": "Bikes", "brand": "Honda", "model": "VT 600C Shadow"}, "extras": ["Electric starter", "Exhaust Special", "Four-stroke engine", "Sidestand", "Spoke wheels"], "description": ""}