{"query": {"url": "https://www.car.gr/10124394-honda-astra-dream", "type": "CAR_ADDE", "trial_count": 1, "last_processed": 1553095380}, "title": "Honda Astra Dream  '97", "ad_id": "10124394", "ad_data": {"Make/Model": "Honda Astra Dream '97", "Classified number": "10124394", "Price": "€1.200", "Category": "Bike - Underbone", "Registration": "6 / 1997", "Mileage": "28,000 km", "Fuel type": "Gasoline", "Cubic capacity": "100 cc", "Power": "11 bhp", "Color": "Dark Red", "Modified": "2 days", "Times clicked": "32", "Short link": "www.car.gr/10124394", "Telephone": "+30 2104911108"}, "ad_seller": {"Dealer": "DYNAMIC Pilikas", "Address": "ΠΡΕΜΕΤΗΣ18ΠΕΙΡΑΙΑΣ", "City": "ΠΕΙΡΑΙΑΣ", "": "+30 2104911108", "Fax": "+30 2104911108", "Dealer page": "https//dynamic-moto.car.gr/", "Website": "http//https//www.facebook.com/groups/1631554833726772/?fref=ts"}, "metadata": {"type": "Bikes", "brand": "Honda", "model": "Astra Dream"}, "extras": ["Centerstand", "Exchange with Moto accepted", "Four-stroke engine", "Sidestand"], "description": ""}