{"query": {"url": "https://www.car.gr/10189929-ktm-390-duke", "type": "CAR_ADDE", "trial_count": 9, "last_processed": 1553092833}, "title": "KTM 390 Duke  '19", "ad_id": "10189929", "ad_data": {"Make/Model": "KTM 390 Duke '19", "Classified number": "10189929", "Price": "€5.690", "Category": "Bike - Naked", "Registration": "7 / 2019", "Fuel type": "Gasoline", "Cubic capacity": "390 cc", "Power": "34 bhp", "Color": "Orange", "Modified": "5 hours", "Times clicked": "11437", "Short link": "www.car.gr/10189929", "Telephone": "+30 2431035045"}, "ad_seller": {"Dealer": "ΣΙΩΚΗΣ Α.Ε.", "Address": "3ΧΙΛ.ΤΡΙΚΑΛΩΝ-ΚΑΛΑΜΠΑΚΑΣΤΡΙΚΑΛΑ", "City": "ΤΡΙΚΑΛΑ", "": "+30 2431074200", "Fax": "+30 2431038164", "Dealer page": "https//siokis.car.gr/"}, "metadata": {"type": "Bikes", "brand": "KTM", "model": "390 Duke"}, "extras": ["Car Exchange", "Exchange with Moto accepted"], "description": ""}