{"query": {"url": "https://www.car.gr/10299347-gilera-fuoco-500-lt", "type": "CAR_ADDE", "trial_count": 1, "last_processed": 1553095614}, "title": "Gilera Fuoco 500 LT '14", "ad_id": "10299347", "ad_data": {"Make/Model": "Gilera Fuoco 500 LT '14", "Classified number": "10299347", "Price": "€6.000", "Category": "Bike - Three Wheel", "Registration": "4 / 2014", "Mileage": "9,000 km", "Fuel type": "Gasoline", "Cubic capacity": "500 cc", "Power": "40 bhp", "Color": "Black", "Modified": "3 days", "Times clicked": "289", "Short link": "www.car.gr/10299347", "Telephone": "None"}, "ad_seller": {"Name": "ΓΙΩΡΓΟΣ", "Address": "ΗΡΑΚΛΕΙΟP.ΗΡΑΚΛΕΙΟΥ"}, "metadata": {"type": "Bikes", "brand": "Gilera", "model": "Fuoco 500"}, "extras": [], "description": "το μηχανακι ειναι καινουργιο ,είναι δικό μου ,όχι ενοικιαζόμενο ,αγρατζουνιστο...λογο εργασιας ολη μερα δεν κανει χιλιομετρα καθολου..δεν εχει πατησει σε βροχη ποτε...παντα φυλασεται σε σκια και παρκινγκ και το χειμωνα το φυλαω σε υπογειο παρκινγκ δεν το ασφαλιζω καν.ειναι η εκδοση lt που το οδηγατε με διπλωμα αυτοκινητων.του αλλαξα λαστιχα πριν πριν μια βδομαδα 250 ευρο...το πισω ειναι δυο νουμερα μεγαλυτερο και ειναι κουκλα...160euro εκανε το πισω..σερβισ μονο στην piaggio..πληρωμένα τέλη 2018.δεν θέλει ΚΤΕΟ .του έχω βάλει εξάτμιση cobra αξίας 350euro ρυθμισμένη με σιγαστήρα για απίστευτο θόρυβο.μαζι θα δοθεί και η εργοστασιακή .δωρο ένα κράνος με την ζελατίνα του και μια κουκούλα για τρίτροχο.τα τέλη του 19 πληρωμένα . Και δώρο 6 μήνη ασφάλεια πληρωμένη . - Less - "}