{"query": {"url": "https://www.car.gr/10453975-daytona-dy-125rs-efi-cbs-euro-4", "type": "CAR_ADDE", "trial_count": 1, "last_processed": 1553094607}, "title": "Daytona  DY 125RS EFI CBS EURO-4 '17", "ad_id": "10453975", "ad_data": {"Make/Model": "Daytona DY 125RS EFI CBS EURO-4 '17", "Classified number": "10453975", "Price": "€1.400", "Category": "Bike - Underbone", "Registration": "6 / 2017", "Fuel type": "Gasoline", "Cubic capacity": "125 cc", "Power": "9 bhp", "Color": "Dark blue", "Modified": "1 day", "Times clicked": "2120", "Short link": "www.car.gr/10453975", "Telephone": "+30 2843026449"}, "ad_seller": {"Dealer": "Moto Hamilakis", "Address": "Βαρθολομαίου10", "City": "ΣΗΤΕΙΑ", "": "+30 2843026449", "Fax": "+30 2843026449", "Dealer page": "https//moto-hamilakis.car.gr/", "Website": "http//www.motohamilakis.gr"}, "metadata": {"type": "Bikes", "brand": "Daytona", "model": "Daytona  DY 125RS EFI CBS EURO-4 '17 - € 1.400 EUR"}, "extras": ["Cargo Rack", "Cast wheels", "Catalyst", "Centerstand", "Credit card-Visa accepted", "Electric starter", "Exchange with Moto accepted", "Exhibition", "Four-stroke engine", "Kick-Starter", "Sidestand"], "description": ""}