{"query": {"url": "https://www.car.gr/10103647-suzuki-gsx-r-600-k9", "type": "CAR_ADDE", "trial_count": 1, "last_processed": 1553099973}, "title": "Suzuki GSX-R 600 K9 '10", "ad_id": "10103647", "ad_data": {"Make/Model": "Suzuki GSX-R 600 K9 '10", "Classified number": "10103647", "Price": "€4.800", "Category": "Bike - Super Sport", "Registration": "9 / 2010", "Mileage": "53,627 km", "Fuel type": "Gasoline", "Cubic capacity": "599 cc", "Power": "125 bhp", "Color": "Blue", "Previous owners": "1", "Modified": "16 days", "Times clicked": "1531", "Short link": "www.car.gr/10103647", "Telephone": "None"}, "ad_seller": {}, "metadata": {"type": "Bikes", "brand": "Suzuki", "model": "GSX-R 600"}, "extras": ["Alarm", "Gelatin", "Service Book"], "description": "Το μηχανάκι είναι σε άριστη κατάσταση, σχεδόν εκθεσιακό. Προσεγμένο στη πένα, με όλους τους ελέγχους και τα προγραμματισμένα service. Διαθέτει συναγερμό spyball με τηλεειδοποίηση και φυλασσόταν σε κλειστό γκαράζ από την πρώτη ημέρα. Επίσης, καινούργια αντιολισθητικά καλύμματα καθισμάτων σε αγωνιστικά χρώματα, aftermarket ζελατίνα, σωληνάκια υψηλής μπροστά και ελαστικά Bridgestone S20 EVO (<1000km). Καμμία άλλη εμφανισιακή ή μηχανική αλλαγή. - Πωλείται λόγω μόνιμης μετακόμισης στο εξωτερικό. Δεκτός κάθε έλεγχος, τιμή συζητήσιμη. - Less - "}