{"query": {"url": "https://www.car.gr/10385956-aprilia-etv-1000-caponord", "type": "CAR_ADDE", "trial_count": 1, "last_processed": 1553100598}, "title": "Aprilia ETV 1000 Caponord  '04", "ad_id": "10385956", "ad_data": {"Make/Model": "Aprilia ETV 1000 Caponord '04", "Classified number": "10385956", "Price": "€3.500", "Category": "Bike - On/Off", "Registration": "7 / 2004", "Mileage": "54,000 km", "Fuel type": "Gasoline", "Cubic capacity": "1,000 cc", "Power": "100 bhp", "Color": "Other", "Modified": "19 days", "Times clicked": "1248", "Short link": "www.car.gr/10385956", "Telephone": "None"}, "ad_seller": {"Name": "Αντώνης", "Address": "ΚΑΛΛΙΘΕΑP.ΑΤΤΙΚΗΣ"}, "metadata": {"type": "Bikes", "brand": "Aprilia", "model": "ETV 1000 Caponord"}, "extras": ["Alarm", "Car Exchange", "Centerstand", "Engine Guards", "Gelatin", "Top Box-Μπαγκαζιέρα"], "description": "τηλ εως 14:00 - Less - "}