{"query": {"url": "https://www.car.gr/10401720-aprilia-mana-850-mana-850-gt-abs", "type": "CAR_ADDE", "trial_count": 1, "last_processed": 1553093918}, "title": "Aprilia MANA 850 MANA 850 GT ABS '09", "ad_id": "10401720", "ad_data": {"Make/Model": "Aprilia MANA 850 MANA 850 GT ABS '09", "Classified number": "10401720", "Price": "€4.700", "Category": "Bike - Street Bike", "Registration": "6 / 2009", "Mileage": "35,000 km", "Fuel type": "Gasoline", "Cubic capacity": "850 cc", "Power": "78 bhp", "Color": "White (Metallic)", "Modified": "14 hours", "Times clicked": "4643", "Short link": "www.car.gr/10401720", "Telephone": "+30 2221084981"}, "ad_seller": {"Dealer": "ΜΟΤΟ ΚΑΡΑΝΑΣΤΑΣΗΣ", "Address": "ΛΕΩΦΟΡΟΣΧΑΪΝΑ118120", "City": "ΧΑΛΚΙΔΑ", "": "+30 2221084961", "Fax": "+30 2221084856", "Dealer page": "https//moto-karanastasis.car.gr/", "Website": "http//www.karanastasis.gr"}, "metadata": {"type": "Bikes", "brand": "Aprilia", "model": "MANA 850"}, "extras": ["ABS", "Alarm", "Automatic", "Electric starter", "Four-stroke engine", "Semiautomatic", "Sidestand"], "description": "ΕΙΝΑΙ ΣΕ ΑΡΙΣΤΗ ΚΑΤΑΣΤΑΣΗ, ΜΕ ΣΥΝΑΓΕΡΜΟ ΚΑΙ ΟΛΑ ΤΑ SERVICE ΤΟΥ. ΕΙΝΑΙ ΗΜΙΑΥΤΟΜΑΤΟ, ΜΕ ΣΕΙΡΙΑΚΟ ΣΑΣΜΑΝ, ΜΕ 3 ΧΑΡΤΕΣ, SPORT, TOURING ΚΑΙ RAIN. - Less - "}