{"query": {"url": "https://www.car.gr/10210340-sym-symphony-125-sym-symphony-st-125-cbs", "type": "CAR_ADDE", "trial_count": 1, "last_processed": 1553094665}, "title": "Sym Symphony 125 SYM SYMPHONY ST 125 CBS '17", "ad_id": "10210340", "ad_data": {"Make/Model": "Sym Symphony 125 SYM SYMPHONY ST 125 CBS '17", "Classified number": "10210340", "Price": "€2.195", "Category": "Bike - Roller/Scooter", "Registration": "5 / 2017", "Fuel type": "Gasoline", "Cubic capacity": "125 cc", "Power": "11 bhp", "Color": "Other (Metallic)", "Modified": "1 day", "Times clicked": "1242", "Short link": "www.car.gr/10210340", "Telephone": "+30 2722025238"}, "ad_seller": {"Dealer": "ΜΗΤΡΟΠΟΥΛΟΣ G.C", "Address": "καρατζα2-4", "City": "ΜΕΣΣΗΝΗ", "": "+30 2722025238", "Fax": "+30 2722029067", "Dealer page": "https//dimitris.car.gr/", "Website": "http//www.mbracing.gr"}, "metadata": {"type": "Bikes", "brand": "Sym", "model": "Symphony 125"}, "extras": ["Automatic", "Catalyst", "Credit card-Visa accepted", "Electric starter", "Exchange with Moto accepted", "Exhaust Special", "Exhibition", "Four-stroke engine", "Gelatin", "Kick-Starter", "Service Book"], "description": "Ακολουθώντας τις γραμμές της μεγαλύτερης έκδοσης Symphony ST 200i που ήδη έγινε best seller, το νέο ST 125i CBS συνδυάζει τα sport χαρακτηριστικά με την κομψότητα. Άνετο και για τους δύο αναβάτες, ελαφρύ και με χαμηλή κατανάλωση καυσίμου, είναι ένα scooter απαιτήσεων χωρίς συμβιβασμούς, σε ιδιαίτερα συμφέρουσα και προσιτή τιμή. - Η έκδοση ST 125i, διαθέτει σύστημα τροφοδοσίας injection για χαμηλά επίπεδα κατανάλωσης και σύστημα συνδυασμένης πέδησης (CBS) για μεγαλύτερη ασφάλεια. - MB RACING ΜΟΤΟΣΥΚΛΕΤΕΣ ΑΝΤΑΛΛΑΚΤΙΚΑ ΑΞΕΣΟΥΑΡ - ΜΕΣΣΗΝΗ ΚΑΡΑΤΖΑ 4 - Less - "}