{"query": {"url": "https://www.car.gr/10358716-honda-cbr-600-f-cbr-600-f4i", "type": "CAR_ADDE", "trial_count": 1, "last_processed": 1553102376}, "title": "Honda CBR 600 F CBR 600 F4i '01", "ad_id": "10358716", "ad_data": {"Make/Model": "Honda CBR 600 F CBR 600 F4i '01", "Classified number": "10358716", "Price": "€3.000", "Category": "Bike - Sport Touring", "Registration": "1 / 2001", "Mileage": "67,000 km", "Fuel type": "Gasoline", "Cubic capacity": "600 cc", "Power": "110 bhp", "Color": "Silver (Metallic)", "Kteo to": "03 / 2019", "Liters/100km": "7 (Εντός)/6 (Εκτός)/6.5 (Μικτό)", "Modified": "30 days", "Times clicked": "157", "Short link": "www.car.gr/10358716", "Telephone": "None"}, "ad_seller": {"Name": "Αποστολης", "Address": "ΕΥΟΣΜΟΣ-ΣΤΑΥΡΟΥΠΟΛΗP.ΘΕΣΣΑΛΟΝΙΚΗΣ"}, "metadata": {"type": "Bikes", "brand": "Honda", "model": "CBR 600 F"}, "extras": ["Car Exchange", "Centerstand", "Electric starter", "Four-stroke engine", "Gelatin"], "description": "CBR 600 F4i, 2001 σε άριστη κατάσταση. - Δεκτός οποιοσδήποτε έλεγχος, πωλείται λόγω έλλειψης χρόνου. - Δώρο κανούργια μπαταρία. - Στις 64000 km - Αλλαγή λαδια/φίλτρο Castrol 10/50 - Αντιψυκτικο - Υγρά φρενων - Ρυθμιστής πίεσης βενζινης - Service μπροστινή ανάρτηση λαδια/τσιμούχες - Καινούργια Λάστιχα Metzler Racetec - Καινούργια Γραναζια JT / Αλυσίδα Renthal - Καινούργιος ανορθωτης - Αλλαγή τεντωτηρα/καδενας/γλυστρας - Τακακιά εμπρός Honda - Ρυθμιζόμενες αναρτήσεις εμπρός πίσω. - Ελατήρια Wirth μπροστά. - Φρέσκο αμορτισέρ πίσω από CBR 600F Sport με 11000 km (δίνεται μαζί και το original) - Mανιταρια - After market ζελατίνα (δίνεται μαζί και η γνήσια της Honda) - Λάμπες H7 Philips Crystal vision - Less - "}