{"query": {"url": "https://www.car.gr/10715098-suzuki-v-strom-1000-dl-1000-v-strom", "type": "CAR_ADDE", "trial_count": 1, "last_processed": 1553095271}, "title": "Suzuki V-Strom 1000 DL 1000 V-STROM '03", "ad_id": "10715098", "ad_data": {"Make/Model": "Suzuki V-Strom 1000 DL 1000 V-STROM '03", "Classified number": "10715098", "Price": "€2.600", "Category": "Bike - Sport Touring", "Registration": "1 / 2003", "Mileage": "106,000 km", "Fuel type": "Gasoline", "Cubic capacity": "1,000 cc", "Power": "97 bhp", "Color": "White", "Previous owners": "2", "Modified": "2 days", "Times clicked": "179", "Short link": "www.car.gr/10715098", "Telephone": "None"}, "ad_seller": {"Name": "Σίμος", "Address": "ΛΑΜΙΑP.ΦΘΙΩΤΙΔΑΣ"}, "metadata": {"type": "Bikes", "brand": "Suzuki", "model": "V-Strom 1000"}, "extras": ["Bars", "Catalyst", "Electric starter", "Engine Guards", "Four-stroke engine", "Gelatin", "Led lights", "Lights Xenon", "Sidestand", "Skid Plate", "Top Box-Μπαγκαζιέρα"], "description": "Περασμένη ΚΤΕΟ μέχρι 8/2019 - έχει Xenon, - LED φλασάκια και πίσω φανάρι LED, - δισκόπλακες μαργαρίτες μπρος-πίσω, - αδιάβροχη πρίζα αυτοκινήτου , - tank-bag με quick release (θέλει λίγο ράψιμο το φερμουάρ) , - πλαϊνές βαλίτσες GIVI , - πίσω Βαλίτσα GIVI με δερμάτινο μαξιλάρι για το συνοδηγό (αλλαγμένη κλειδαριά για να έχει το ίδιο κλειδί με την μίζα), αλλαγμένους καθρέπτες, χούφτες και ζελατίνα (έχω και τη γνήσια). - Φυλάσσεται σε υπόγειο γκαράζ. - Κανένα πρόβλημα. - Less - "}