{"query": {"url": "https://www.car.gr/10402339-suzuki-an-400-burgman", "type": "CAR_ADDE", "trial_count": 1, "last_processed": 1553094861}, "title": "Suzuki AN 400 Burgman  '06", "ad_id": "10402339", "ad_data": {"Make/Model": "Suzuki AN 400 Burgman '06", "Classified number": "10402339", "Price": "€1.990", "Category": "Bike - Roller/Scooter", "Registration": "3 / 2006", "Mileage": "14,000 km", "Fuel type": "Gasoline", "Cubic capacity": "400 cc", "Power": "35 bhp", "Color": "Black", "Modified": "2 days", "Times clicked": "1507", "Short link": "www.car.gr/10402339", "Telephone": "+30 2410615006"}, "ad_seller": {"Dealer": "ΜΟΤΟ ΛΑΖΑΡΙΔΗΣ", "Address": "ΗΡ.ΠΟΛΥΤΕΧΝΕΙΟΥ&ΦΑΡΣΑΛΩΝ", "City": "ΛΑΡΙΣΑ", "": "+30 2410615006", "Dealer page": "https//lazaridis.car.gr/"}, "metadata": {"type": "Bikes", "brand": "Suzuki", "model": "AN 400 Burgman"}, "extras": ["Automatic", "Cast wheels", "Catalyst", "Centerstand", "Electric starter", "Four-stroke engine", "Sidestand"], "description": ""}