{"query": {"url": "https://www.car.gr/10225880-lintex-jet-50-abs", "type": "CAR_ADDE", "trial_count": 1, "last_processed": 1553095060}, "title": "Lintex  JET 50 abs '17", "ad_id": "10225880", "ad_data": {"Make/Model": "Lintex JET 50 abs '17", "Classified number": "10225880", "Price": "€980", "Category": "Bike - Roller/Scooter", "Registration": "12 / 2017", "Fuel type": "Gasoline", "Cubic capacity": "50 cc", "Power": "8 bhp", "Color": "Red (Metallic)", "Modified": "2 days", "Times clicked": "940", "Short link": "www.car.gr/10225880", "Telephone": "+30 2262029530"}, "ad_seller": {"Dealer": "ΚΑΡΑΪΣΚΟΣ ΑΘΑΝΑΣΙΟΣ", "Address": "ΑΓΙΟΥΑΘΑΝΑΣΙΟΥ123", "City": "ΘΗΒΑ", "": "+30 2262029530", "Dealer page": "https//karaiskos-jpautoparts.car.gr/"}, "metadata": {"type": "Bikes", "brand": "Lintex", "model": "Lintex  JET 50 abs '17 - € 980 EUR"}, "extras": ["ABS", "Alarm", "Automatic", "Cast wheels", "Centerstand", "Electric starter", "Four-stroke engine", "Kick-Starter", "Remote Control", "Service Book", "Sidestand"], "description": ""}