{"query": {"url": "https://www.car.gr/10372835-piaggio-p200e-vespa", "type": "CAR_ADDE", "trial_count": 1, "last_processed": 1553104916}, "title": "Piaggio  P200E VESPA '82", "ad_id": "10372835", "ad_data": {"Make/Model": "Piaggio P200E VESPA '82", "Classified number": "10372835", "Price": "€1", "Category": "Bike - Custom", "Registration": "1 / 1982", "Mileage": "25,994 km", "Fuel type": "Gasoline", "Cubic capacity": "200 cc", "Power": "15 bhp", "Color": "Silver", "Modified": "9 hours", "Times clicked": "4093", "Short link": "www.car.gr/10372835", "Telephone": "+30 2310540394"}, "ad_seller": {"Dealer": "raptomixanes", "Address": "ΚΩΣΤΗΠΑΛΑΜΑ18", "City": "ΘΕΣΣΑΛΟΝΙΚΗ", "": "+30 2310540394", "Dealer page": "https//raptomixanes-panagiotis.car.gr/"}, "metadata": {"type": "Bikes", "brand": "Piaggio", "model": "Piaggio  P200E VESPA '82 - € 1 EUR (Negotiable)"}, "extras": [], "description": "ΠΩΛΕΙΤΑΙ PIAGGIO VESPA P200E ΜΟΝΤΕΛΟ 1982,200 ΚΥΒΙΚΑ ΣΕ ΑΡΙΣΤΗ ΚΑΤΑΣΤΑΣΗ.Η ΤΙΜΗ ΕΙΝΑΙ ΕΝΔΕΙΚΤΙΚΉ,ΓΙΑ ΠΕΡΙΣΣΟΤΕΡΕΣ ΠΛΗΡΟΦΟΡΙΕΣ ΣΤΟ ΤΗΛΕΦΩΝΟ 6979058550 - Less - "}