{"query": {"url": "https://www.car.gr/10201957-honda-mtx-125", "type": "CAR_ADDE", "trial_count": 1, "last_processed": 1553103129}, "title": "Honda MTX 125  '92", "ad_id": "10201957", "ad_data": {"Make/Model": "Honda MTX 125 '92", "Classified number": "10201957", "Price": "€1.500", "Category": "Bike - Motocross", "Registration": "9 / 1992", "Mileage": "26,452 km", "Fuel type": "Gasoline", "Cubic capacity": "125 cc", "Power": "5 bhp", "Color": "Red", "Previous owners": "2", "Modified": "1 hour", "Times clicked": "1913", "Short link": "www.car.gr/10201957", "Telephone": "None"}, "ad_seller": {"Name": "ΓΙΑΝΝΗΣ", "Address": "ΓΛΥΦΑΔΑP.ΑΤΤΙΚΗΣ"}, "metadata": {"type": "Bikes", "brand": "Honda", "model": "MTX 125"}, "extras": ["Sidestand", "Two-stroke"], "description": "ΣΕ ΑΡΙΣΤΗ ΚΑΤΑΣΤΑΣΗ - Less - "}