{"query": {"url": "https://www.car.gr/10108009-sym-joyride-200i-evo-evo", "type": "CAR_ADDE", "trial_count": 1, "last_processed": 1553101720}, "title": "Sym Joyride 200i EVO EVO '10", "ad_id": "10108009", "ad_data": {"Make/Model": "Sym Joyride 200i EVO EVO '10", "Classified number": "10108009", "Price": "€2.100", "Category": "Bike - Roller/Scooter", "Registration": "5 / 2010", "Mileage": "16,010 km", "Fuel type": "Gasoline", "Cubic capacity": "200 cc", "Power": "15 bhp", "Color": "White", "Kteo to": "05 / 2019", "Modified": "25 days", "Times clicked": "69", "Short link": "www.car.gr/10108009", "Telephone": "None"}, "ad_seller": {}, "metadata": {"type": "Bikes", "brand": "Sym", "model": "Joyride 200i EVO"}, "extras": ["Automatic", "Centerstand", "Electric starter", "Four-stroke engine", "Gelatin", "Sidestand"], "description": "– Ρεζερβουάρ 7,6 λίτρων - – Τροχός εμπρόσθιος 13” πίσω 12\" - – Αυτόματο άνοιγμα τάπας ρεζερβουάρ και σέλας - – Ηλεκτρονικός ψεκασμός EFI - – Ρυθμιζόμενα αμορτισέρ - – 4βάλβιδος, υγρόψυκτος κινητήρας - –ταινίες στους τροχούς - –κόκκινες δαγκάνες - –πραγματικά χιλιόμετρα - –το scooter είναι σε άριστη κατάσταση και πωλείται για την αγορά μεγαλύτερου κυβισμού scooter - –δεκτός κάθε έλεγχος ,, - Less - "}