{"query": {"url": "https://www.car.gr/10356539-yamaha-xt-500-xt-500", "type": "CAR_ADDE", "trial_count": 1, "last_processed": 1553105173}, "title": "Yamaha XT 500 XT.500 '02", "ad_id": "10356539", "ad_data": {"Make/Model": "Yamaha XT 500 XT.500 '02", "Classified number": "10356539", "Price": "€1", "Category": "Bike - Εnduro", "Registration": "1 / 2002", "Mileage": "23,666 km", "Fuel type": "Gasoline", "Cubic capacity": "500 cc", "Power": "40 bhp", "Color": "Blue", "Modified": "7 days", "Times clicked": "3104", "Short link": "www.car.gr/10356539", "Telephone": "None"}, "ad_seller": {}, "metadata": {"type": "Bikes", "brand": "Yamaha", "model": "XT 500"}, "extras": [], "description": "πωλειται xt500 σε καλη κατασταση - Less - "}