{"query": {"url": "https://www.car.gr/10360321-honda-cbr-125", "type": "CAR_ADDE", "trial_count": 1, "last_processed": 1553093725}, "title": "Honda CBR 125  '08", "ad_id": "10360321", "ad_data": {"Make/Model": "Honda CBR 125 '08", "Classified number": "10360321", "Price": "€1.350", "Category": "Bike - Naked", "Registration": "1 / 2008", "Mileage": "24,395 km", "Fuel type": "Gasoline", "Cubic capacity": "125 cc", "Power": "20 bhp", "Color": "Other (Metallic)", "Kteo to": "06 / 2019", "Modified": "8 hours", "Times clicked": "5245", "Short link": "www.car.gr/10360321", "Telephone": "+30 2231032935"}, "ad_seller": {"Dealer": "X-TREME MOTO PARTS", "Address": "ΦΘΙΩΤΙΔΑ", "City": "ΛΑΜΙΑ", "": "+30 6982132521", "Dealer page": "https//xtreme-moto.car.gr/"}, "metadata": {"type": "Bikes", "brand": "Honda", "model": "CBR 125"}, "extras": ["Cast wheels", "Electric starter", "Sidestand"], "description": "HONDA CBR 125 ΜΕ ΚΙΤ ΑΝΑΒΑΘΜΙΣΕΙΣ ΣΕ 180 MALOSSI ....ΑΡΙΣΤΗ ΚΑΤΑΣΤΑΣΗ ΛΑΣΤΙΧΑ ΑΛΥΣΙΔΟΓΡΑΝΑΖΑ ΤΑΚΑΚΙΑ ΦΡΕΝΟΥΝ ΚΑΙΝΟΥΡΙΑ ΠΡΑΓΜΑΤΙΚΑ ΧΙΛΙΟΜΕΤΡΑ.....24395χιλιομετρα...φυλαδομενο σε κλειστο χωρο - Less - "}