{"query": {"url": "https://www.car.gr/10462369-yamaha-tdm-900", "type": "CAR_ADDE", "trial_count": 1, "last_processed": 1553100581}, "title": "Yamaha TDM 900  '05", "ad_id": "10462369", "ad_data": {"Make/Model": "Yamaha TDM 900 '05", "Classified number": "10462369", "Price": "€3.200", "Category": "Bike - Sport Touring", "Registration": "8 / 2005", "Mileage": "67,000 km", "Fuel type": "Gasoline", "Cubic capacity": "900 cc", "Power": "90 bhp", "Color": "Silver", "Kteo to": "06 / 2020", "Modified": "19 days", "Times clicked": "15212", "Short link": "www.car.gr/10462369", "Telephone": "None"}, "ad_seller": {}, "metadata": {"type": "Bikes", "brand": "Yamaha", "model": "TDM 900"}, "extras": ["ABS", "Cast wheels", "Exhaust Special", "Gelatin", "Lights Xenon", "Top Box-Μπαγκαζιέρα"], "description": "-67000 χιλιόμετρα πραγματικά -ABS -Δουλεύει ΑΡΙΣΤΑ και είναι απο σέρβις -Τιμόνι RENTHAL (θα δωθεί και το μαμα) -Εξατμίσεις MIVV - ***ΟΧΙ ΑΝΤΑΛΛΑΓΕΣ*** - Less - "}