{"query": {"url": "https://www.car.gr/10423214-honda-cbx-750", "type": "CAR_ADDE", "trial_count": 1, "last_processed": 1553105213}, "title": "Honda CBX 750  '00", "ad_id": "10423214", "ad_data": {"Make/Model": "Honda CBX 750 '00", "Classified number": "10423214", "Price": "€1", "Category": "Bike - Street Bike", "Registration": "1 / 2000", "Mileage": "10,000 km", "Fuel type": "Gasoline", "Cubic capacity": "750 cc", "Power": "10 bhp", "Color": "Black", "Kteo to": "09 / 2018", "Liters/100km": "6 (Εντός)/5 (Εκτός)/5 (Μικτό)", "Modified": "24 days", "Times clicked": "1676", "Short link": "www.car.gr/10423214", "Telephone": "None"}, "ad_seller": {"Name": "ΝΙΚΟς", "Address": "ΜΕΣΟΛΟΓΓΙP.ΑΙΤΩΛΟΑΚΑΡΝΑΝΙΑΣ"}, "metadata": {"type": "Bikes", "brand": "Honda", "model": "CBX 750"}, "extras": ["Antique-Classic", "Bars", "Car Exchange", "Cast wheels", "Centerstand", "Electric starter", "Engine Guards", "Exchange with Moto accepted", "Four-stroke engine", "Gelatin", "Sidestand"], "description": "η μοτο ειναι για ανταλακτικα χοντα 750 fzr400 syzuki 750 gsx police cb 650x police - Less - "}