{"query": {"url": "https://www.car.gr/10243156-honda-integra-700-nc700-d-abs-dct", "type": "CAR_ADDE", "trial_count": 1, "last_processed": 1553096508}, "title": "Honda Integra 700  NC700 D ABS DCT '12", "ad_id": "10243156", "ad_data": {"Make/Model": "Honda Integra 700  NC700 D ABS DCT '12", "Classified number": "10243156", "Price": "€6.499", "Category": "Bike - Roller/Scooter", "Registration": "3 / 2012", "Mileage": "25,000 km", "Fuel type": "Gasoline", "Cubic capacity": "700 cc", "Power": "55 bhp", "Color": "Blue (Metallic)", "Kteo to": "06 / 2019", "Previous owners": "1", "Modified": "6 days", "Times clicked": "4123", "Short link": "www.car.gr/10243156", "Telephone": "+30 2651091531"}, "ad_seller": {"Dealer": "IOANNINA CARS", "Address": "6χλμ.Ιωαννινων-Αθηνων(διπλαστοβενζιναδικοΕΚΟ)", "City": "ΙΩΑΝΝΙΝΑ", "": "+30 6984968680", "Dealer page": "https//ioanninacars.car.gr/", "Open hours": "ΔΕΥΤΕΡΑ ΕΩΣ ΣΑΒΒΑΤΟ  0900 - 2000"}, "metadata": {"type": "Bikes", "brand": "Honda", "model": "Integra 700"}, "extras": ["ABS", "Car Exchange", "Catalyst", "Centerstand", "Credit card-Visa accepted", "Electric starter", "Four-stroke engine", "Gelatin", "Kick-Starter", "Led lights", "Service Book", "Sidestand", "Spoke wheels", "TCS-TractionControl", "Trip computer"], "description": "HONDA INTEGRA 700i 2012 - ΑΠΟ ΙΔΙΩΤΗ - ΣΕ ΑΡΙΣΤΗ ΚΑΤΑΣΤΑΣΗ , ΜΟΝΑΔΙΚΟ ΧΡΩΜΑ - ΠΡΑΓΜΑΤΙΚΑ ΧΛΜ. - ΣΑΝ ΚΑΙΝΟΥΡΙΟ - ΓΕΝΙΚΟ SERVICE - ΚΑΙΝΟΥΡΙΑ ΕΛΑΣΤΙΚΑ - ΠΙΣΤΩΤΙΚΕΣ ΚΑΡΤΕΣ ΔΕΚΤΕΣ - ΜΕΤΑΦΟΡΑ ΧΡΗΜΑΤΩΝ ΔΕΚΤΗ - ΤΕΧΝΙΚΑ ΧΑΡΑΚΤΗΡΙΣΤΙΚΑ - ΚΙΝΗΤΗΡΑΣ:\tTετράχρονος, δικύλινδρος σε σειρά, υγρόψυκτος, 1 ΕΕΚ , 8 βαλβίδες, 670 κ.εκ., με ψεκασμό - ΙΠΠΟΔΥΝΑΜΗ:\t51 ίπποι στις 6.250 σ.α.λ. - ΑΝΑΡΤΗΣΗ - ΜΠΡΟΣΤΑ / ΠΙΣΩ:\tΤηλεσκοπικό πιρούνι με καλάμια διαμ. 41 χιλ., διαδρ. 120 χιλ. / Ένα αμορτισέρ, διαδρ. τροχού 120 χιλ. - ΦΡΕΝΟ - ΜΠΡΟΣΤΑ / ΠΙΣΩ:\tΈνας δίσκος 320 χιλ. / Ένας δίσκος 240 χιλ. - ΤΡΟΧΟΣ - ΜΠΡΟΣΤΑ / ΠΙΣΩ:\t120/70 - 17 ιντσών/ 17 ιντσών (ελαστικά 120/70, 160/60) - ΜΕΤΑΞΟΝΙΟ:\t1.440 χιλ. - ΥΨΟΣ ΣΕΛΑΣ:\t790 χιλ. - ΡΕΖΕΡΒΟΥΑΡ:\t14,1 λίτρα - ΒΑΡΟΣ:\t238 κιλά (πλήρης υγρών) - Less - "}