{"query": {"url": "https://www.car.gr/10729824-suzuki-tr-50-moto-harris-magic-50", "type": "CAR_ADDE", "trial_count": 7, "last_processed": 1553093075}, "title": "Suzuki TR 50 ##MOTO HARRIS!!## MAGIC 50  '04", "ad_id": "10729824", "ad_data": {"Make/Model": "Suzuki TR 50 ##MOTO HARRIS!!## MAGIC 50  '04", "Classified number": "10729824", "Price": "€450", "Category": "Bike - Super Motard", "Registration": "6 / 2004", "Mileage": "6,844 km", "Fuel type": "Gasoline", "Cubic capacity": "50 cc", "Power": "4 bhp", "Color": "Black", "Modified": "4 hours", "Times clicked": "9955", "Short link": "www.car.gr/10729824", "Telephone": "+30 2351037248"}, "ad_seller": {"Dealer": "MOTO HARRIS  ΚΑΤΕΡΙΝΗ  ΕΠΙΣΗΜΕΣ ΑΝΤΙΠΡΟΣΩΠΕΙΣ *PIAGGIO*SYM*MODENAS*DAYTONA* - ΠΩΛΗΣΕΙΣ ΚΑΙΝΝΟΥΡΓΙΩΝ ΚΑΙ ΜΕΤΑΧΕΙΡΙΣΜΕΝΩΝ ΜΟΤΟΣΥΚΛΕΤΩΝ - ΠΩΛΗΣΕΙΣ ΚΑΙΝΟΥΡΓΙΩΝ ΚΑΙ ΜΕΤΑΧΕΙΡΙΣΜΕΝΩΝ ΑΝΤΑΛΑΚΤΙΚΩΝ - ΕΠΙΣΗΣ ΔΥΝΑΜΩΜΕΤΡΗΣΕΙΣ - ΒΕΛΤΙΩΣΕΙΣ-ΠΛΗΡΗ ΜΗΧΑΝΟΥΡΓΙΚΗ ΥΠΟΣΤΗΡΙΞΗ!!!", "Address": "Λ-ΙΑΣΩΝΙΔΗ127", "City": "ΚΑΤΕΡΙΝΗ", "": "+30 2351037248", "Fax": "+30 2351037048", "Dealer page": "https//motoharris.car.gr/", "Website": "http//www.motoharris.car.gr", "Open hours": "Δευτερα - Παρασκευη 9,00-19,00\nΣαββατο 9,00-15,00\nΚυριακη κλειστα"}, "metadata": {"type": "Bikes", "brand": "Suzuki", "model": "TR 50"}, "extras": ["Automatic", "Electric starter", "Sidestand", "Two-stroke"], "description": "-50 cc -ΑΥΤΟΜΑΤΟ -ΔΙΧΡΟΝΟ -ΜΕ ΜΙΖΑ - Less - "}