{"query": {"url": "https://www.car.gr/10102687-gilera-gp-800", "type": "CAR_ADDE", "trial_count": 1, "last_processed": 1553095474}, "title": "Gilera GP 800  '10", "ad_id": "10102687", "ad_data": {"Make/Model": "Gilera GP 800 '10", "Classified number": "10102687", "Price": "€5.800", "Category": "Bike - Roller/Scooter", "Registration": "1 / 2010", "Mileage": "19,500 km", "Fuel type": "Gasoline", "Cubic capacity": "800 cc", "Power": "75 bhp", "Color": "White", "Modified": "16 minutes", "Times clicked": "3980", "Short link": "www.car.gr/10102687", "Telephone": "+30 2106431760"}, "ad_seller": {"Dealer": "ΡΟΔΑΜΟΤΟ", "Address": "ΛΕΩΦΟΡΟΣΑΛΕΞΑΝΔΡΑΣ156", "City": "ΑΘΗΝΑ", "": "+30 2108818871", "Fax": "+30 2108818871", "Dealer page": "https//rodamoto.car.gr/", "Website": "http//www.rodamoto.gr"}, "metadata": {"type": "Bikes", "brand": "Gilera", "model": "GP 800"}, "extras": ["Automatic", "Cargo Rack", "Cast wheels", "Centerstand", "Credit card-Visa accepted", "Electric starter", "Exchange with Moto accepted", "Exhaust Special", "Four-stroke engine", "Gelatin", "Injection", "Kick-Starter", "Lights Xenon", "Service Book", "Sidestand", "Top Box-Μπαγκαζιέρα"], "description": "ΣΕ ΑΡΙΣΤΗ ΚΑΤΑΣΤΑΣΗ ΜΕ ΠΟΛΛΑ ΕΞΤΡΑ ΤΡΟΜΠΑ ΦΡΕΝΟΥ Δ.-ΤΡΟΜΠΑ ΦΡΕΝΟΥ ΑΡ.- ΔΟΧΕΙΑ ΥΓΡΩΝ ΦΡΕΝΩΝ RIZOMA.-ΣΩΛΗΝΑΚΙΑ ΥΨΗΛΗΣ.-ΠΟΝΤΕΣΙΟΜΕΤΡΟ ΨΕΚΑΣΜΟΥ MEMJET.-ΣΙΑΓΩΝΕΣ ΑΜΠΡΑΓΙΑΖ POLLINI.- ΒΑΡΙΑΤΟΡ J COSTA.-ΦΙΛΤΡΟ ΑΕΡΑ ΚΝ.-TΕΛΙΚΟ ΕΞΑΤΜΙΣΗΣ ACRAPOVIC.-ΒΑΛΙΤΣΑ GIVI.- ΣΧΑΡΑ GIVI.-ΑΝΑΡΤΗΣΗ ΠΙΣΩ.- ΦΩΤΑ XENON.-ΒΟΟΚ SERVICE.-ΕΓΙΝΕ ΓΕΝΙΚΟ SERVICE ΜΕ ΙΜΑΝΤΑ ΣΤΑ 16000 ΧΙΛ.- ΚΑΙ ΔΙΝΟΝΤΑΙ ΚΑΙ ΟΛΑ ΤΑ ΠΡΑΓΜΑΤΑ ΤΑ ΝΟΡΜΑΛ ΓΝΗΣΙΑ. - Less - "}