{"query": {"url": "https://www.car.gr/10418973-piaggio-fly-50-4t", "type": "CAR_ADDE", "trial_count": 1, "last_processed": 1553104299}, "title": "Piaggio FLY 50 4T  '08", "ad_id": "10418973", "ad_data": {"Make/Model": "Piaggio FLY 50 4T '08", "Classified number": "10418973", "Price": "€600", "Category": "Bike - Roller/Scooter", "Registration": "5 / 2008", "Mileage": "48,250 km", "Fuel type": "Gasoline", "Cubic capacity": "50 cc", "Power": "4 bhp", "Color": "Dark blue (Metallic)", "Liters/100km": "2.5 (Εντός)/2.2 (Εκτός)/2.3 (Μικτό)", "Previous owners": "1", "Modified": "47 days", "Times clicked": "538", "Short link": "www.car.gr/10418973", "Telephone": "None"}, "ad_seller": {}, "metadata": {"type": "Bikes", "brand": "Piaggio", "model": "FLY 50 4T"}, "extras": ["Alarm", "Automatic", "Cargo Rack", "Cast wheels", "Catalyst", "Centerstand", "Electric starter", "Four-stroke engine", "Remote Control", "Service Book", "Skid Plate", "Καρμπυρατέρ"], "description": "ΝΕΑ ΤΙΜΗ - Less - "}