{"query": {"url": "https://www.car.gr/10317896-peugeot-looxor", "type": "CAR_ADDE", "trial_count": 1, "last_processed": 1553101673}, "title": "Peugeot Looxor  '05", "ad_id": "10317896", "ad_data": {"Make/Model": "Peugeot Looxor '05", "Classified number": "10317896", "Price": "€1.100", "Category": "Bike - Roller/Scooter", "Registration": "10 / 2005", "Mileage": "28,000 km", "Fuel type": "Gasoline", "Cubic capacity": "150 cc", "Power": "13 bhp", "Color": "Grey", "Modified": "24 days", "Times clicked": "762", "Short link": "www.car.gr/10317896", "Telephone": "+30 2821099405"}, "ad_seller": {"Dealer": "CHANIA MOTORCYCLES", "Address": "ΝΙΚΟΛΑΟΥΠΛΑΣΤΗΡΑ4", "City": "ΧΑΝΙΑ", "": "+30 6980127373", "Fax": "+30 6996312247", "Dealer page": "https//stavroulakis-cars.car.gr/"}, "metadata": {"type": "Bikes", "brand": "Peugeot", "model": "Looxor"}, "extras": ["Automatic", "Electric starter", "Exchange with Moto accepted", "Four-stroke engine", "Top Box-Μπαγκαζιέρα"], "description": "πολυ καλη κατασταση δεκτη ανταλλαγη - Less - "}