{"query": {"url": "https://www.car.gr/10449542-suzuki-ay-50-katana-50-r", "type": "CAR_ADDE", "trial_count": 1, "last_processed": 1553103558}, "title": "Suzuki AY 50 KATANA 50 R '08", "ad_id": "10449542", "ad_data": {"Make/Model": "Suzuki AY 50 KATANA 50 R '08", "Classified number": "10449542", "Price": "€700", "Category": "Bike - Roller/Scooter", "Registration": "1 / 2008", "Mileage": "36,966 km", "Fuel type": "Gasoline", "Cubic capacity": "50 cc", "Power": "6 bhp", "Color": "Yellow (Metallic)", "Modified": "41 days", "Times clicked": "1818", "Short link": "www.car.gr/10449542", "Telephone": "+30 2541023575"}, "ad_seller": {"Dealer": "ΜΟΤΟ ΤΑΜΙΑΣ", "Address": "ΒΟΥΛΓΑΡΟΚΤΟΝΟΥ20", "City": "ΞΑΝΘΗ", "": "+30 2541023575", "Dealer page": "https//moto-tamias.car.gr/", "Website": "http//www.mototamias.gr"}, "metadata": {"type": "Bikes", "brand": "Suzuki", "model": "AY 50"}, "extras": ["Automatic", "Cast wheels", "Centerstand", "Credit card-Visa accepted", "Electric starter", "Exchange with Moto accepted", "Kick-Starter", "Two-stroke"], "description": ""}