{"query": {"url": "https://www.car.gr/10449525-shineray-x-150", "type": "CAR_ADDE", "trial_count": 1, "last_processed": 1553102179}, "title": "Shineray X 150  '08", "ad_id": "10449525", "ad_data": {"Make/Model": "Shineray X 150 '08", "Classified number": "10449525", "Price": "€1.250", "Category": "Bike - Roller/Scooter", "Registration": "1 / 2008", "Fuel type": "Gasoline", "Cubic capacity": "150 cc", "Power": "11 bhp", "Color": "Silver (Metallic)", "Modified": "29 days", "Times clicked": "1642", "Short link": "www.car.gr/10449525", "Telephone": "+30 2541023575"}, "ad_seller": {"Dealer": "ΜΟΤΟ ΤΑΜΙΑΣ", "Address": "ΒΟΥΛΓΑΡΟΚΤΟΝΟΥ20", "City": "ΞΑΝΘΗ", "": "+30 2541023575", "Dealer page": "https//moto-tamias.car.gr/", "Website": "http//www.mototamias.gr"}, "metadata": {"type": "Bikes", "brand": "Shineray", "model": "X 150"}, "extras": ["Automatic", "Cast wheels", "Catalyst", "Centerstand", "Credit card-Visa accepted", "Electric starter", "Exchange with Moto accepted", "Four-stroke engine", "Gelatin", "Kick-Starter", "Sidestand"], "description": ""}