{"query": {"url": "https://www.car.gr/10588806-yamaha-yzf-r1", "type": "CAR_ADDE", "trial_count": 1, "last_processed": 1553096110}, "title": "Yamaha YZF-R1  '07", "ad_id": "10588806", "ad_data": {"Make/Model": "Yamaha YZF-R1 '07", "Classified number": "10588806", "Price": "€5.000", "Category": "Bike - Super Sport", "Registration": "10 / 2007", "Fuel type": "Other", "Cubic capacity": "998 cc", "Power": "184 bhp", "Color": "Black", "Kteo to": "02 / 2019", "Modified": "4 days", "Times clicked": "228", "Short link": "www.car.gr/10588806", "Telephone": "None"}, "ad_seller": {}, "metadata": {"type": "Bikes", "brand": "Yamaha", "model": "YZF-R1"}, "extras": ["Antique-Classic", "Car Exchange", "Credit card-Visa accepted", "Electric starter", "Exchange with Boat", "Exchange with Moto accepted", "Four-stroke engine", "Kick-Starter", "Sidestand"], "description": "Πληροφοριες απο το τηλ...Ανταλλαγη με μικρου κυβισμου οχημα.. - Less - "}