{"query": {"url": "https://www.car.gr/10200766-suzuki-gsf-650-s-bandit-abs", "type": "CAR_ADDE", "trial_count": 1, "last_processed": 1553100687}, "title": "Suzuki GSF 650 S Bandit ABS '07", "ad_id": "10200766", "ad_data": {"Make/Model": "Suzuki GSF 650 S Bandit ABS '07", "Classified number": "10200766", "Price": "€3.999", "Category": "Bike - Sport Touring", "Registration": "11 / 2007", "Mileage": "10,727 km", "Fuel type": "Gasoline", "Cubic capacity": "650 cc", "Power": "85 bhp", "Color": "Grey (Metallic)", "Kteo to": "06 / 2020", "Modified": "19 days", "Times clicked": "1905", "Short link": "www.car.gr/10200766", "Telephone": "None"}, "ad_seller": {"Name": "ΣύροςΠρίντεζης", "Address": "ΣΥΡΟΣP.ΚΥΚΛΑΔΩΝ"}, "metadata": {"type": "Bikes", "brand": "Suzuki", "model": "GSF 650 S Bandit"}, "extras": ["ABS", "Cast wheels", "Catalyst", "Centerstand", "Electric starter", "Four-stroke engine", "Service Book", "Sidestand"], "description": "Φυλασετε σε κλειστό γκαράζ. Ελαχιστες μέρες το χρόνο βγαινει στο δρόμο. Τα χιλιόμετρα καλά βλέπετε...ειναι 10 χιλιαδες 727 - Less - "}