{"query": {"url": "https://www.car.gr/10721163-triumph-bonneville-t100", "type": "CAR_ADDE", "trial_count": 1, "last_processed": 1553100560}, "title": "Triumph Bonneville T100  '11", "ad_id": "10721163", "ad_data": {"Make/Model": "Triumph Bonneville T100 '11", "Classified number": "10721163", "Price": "€6.200", "Category": "Bike - Street Bike", "Registration": "9 / 2011", "Mileage": "39,000 km", "Fuel type": "Gasoline", "Cubic capacity": "865 cc", "Power": "11 bhp", "Color": "Black (Metallic)", "Kteo to": "09 / 2017", "Previous owners": "1", "Modified": "18 days", "Times clicked": "6289", "Short link": "www.car.gr/10721163", "Telephone": "None"}, "ad_seller": {}, "metadata": {"type": "Bikes", "brand": "Triumph", "model": "Bonneville T100"}, "extras": ["Alarm"], "description": ""}