{"query": {"url": "https://www.car.gr/10159281-bmw-f-650", "type": "CAR_ADDE", "trial_count": 1, "last_processed": 1553101395}, "title": "Bmw F 650  '99", "ad_id": "10159281", "ad_data": {"Make/Model": "Bmw F 650 '99", "Classified number": "10159281", "Price": "€1.750", "Category": "Bike - On/Off", "Registration": "7 / 1999", "Mileage": "56,500 km", "Fuel type": "Gasoline", "Cubic capacity": "652 cc", "Power": "48 bhp", "Color": "Blue (Metallic)", "Kteo to": "12 / 2017", "Liters/100km": "6 (Εντός)/4 (Εκτός)/5 (Μικτό)", "Previous owners": "1", "Modified": "23 days", "Times clicked": "76", "Short link": "www.car.gr/10159281", "Telephone": "None"}, "ad_seller": {"Name": "Στέφανος", "Address": "ΝΕΑΙΩΝΙΑP.ΑΤΤΙΚΗΣ"}, "metadata": {"type": "Bikes", "brand": "Bmw", "model": "F 650"}, "extras": ["Alarm", "Cargo Rack", "Centerstand", "Electric starter", "Four-stroke engine", "Gelatin", "Service Book", "Sidestand", "Skid Plate", "Spoke wheels", "Καρμπυρατέρ"], "description": "BMW F650 652 cc, μοντ. 7/'99, μπλε, 56.500 χλμ., service εξουσιοδοτημένων συνεργείων, 1 μπαγκαζιέρα. ΚΤΕΟ μέχρι 11/2019. Service Log-book. Πρόσφατο μεγάλο service. - Καινούρια: ελαστικά μπροστά-πίσω Metzeler Tourance, πίσω σαμπρέλα, αλυσίδα και γρανάζι, μπουζί, ανορθωτής, μπαταρία. Καθαρισμός καρμπυρατέρ. Ρύθμιση βαλβίδων. Aλλαγή λαδιών και φίλτρο λαδιού. Αλλαγή υγρά ψυγείου και φρένων. - Ηπια χρήση. Αριστη κατάσταση. Δεκτός έλεγχος. Επικοινωνία: καθημερινά 16:00-22:00 - Less - "}