{"query": {"url": "https://www.car.gr/10273846-triumph-daytona-955i", "type": "CAR_ADDE", "trial_count": 1, "last_processed": 1553101342}, "title": "Triumph Daytona 955i  '05", "ad_id": "10273846", "ad_data": {"Make/Model": "Triumph Daytona 955i '05", "Classified number": "10273846", "Price": "€2.000", "Category": "Bike - Super Sport", "Registration": "1 / 2005", "Mileage": "56,000 km", "Fuel type": "Gasoline", "Cubic capacity": "955 cc", "Power": "149 bhp", "Color": "Black (Metallic)", "Modified": "23 days", "Times clicked": "3577", "Short link": "www.car.gr/10273846", "Telephone": "None"}, "ad_seller": {"Name": "Χρήστος", "Address": "ΚΑΛΑΜΑΤΑP.ΜΕΣΣΗΝΙΑΣ"}, "metadata": {"type": "Bikes", "brand": "Triumph", "model": "Daytona 955i"}, "extras": [], "description": "Άριστη κατάσταση. - Φυλάσσεται σε κλειστό γκαράζ. - Θέλει πηνίο και ανορθωτή. - Less - "}