{"query": {"url": "https://www.car.gr/10397800-triumph-tiger-1050-abs", "type": "CAR_ADDE", "trial_count": 1, "last_processed": 1553100929}, "title": "Triumph Tiger 1050 ABS '07", "ad_id": "10397800", "ad_data": {"Make/Model": "Triumph Tiger 1050 ABS '07", "Classified number": "10397800", "Price": "€5.500", "Category": "Bike - Sport Touring", "Registration": "5 / 2007", "Mileage": "57,000 km", "Fuel type": "Gasoline", "Cubic capacity": "1,050 cc", "Power": "115 bhp", "Color": "Black (Metallic)", "Kteo to": "04 / 2019", "Liters/100km": "6.5 (Μικτό)", "Modified": "20 days", "Times clicked": "1542", "Short link": "www.car.gr/10397800", "Telephone": "None"}, "ad_seller": {}, "metadata": {"type": "Bikes", "brand": "Triumph", "model": "Tiger 1050"}, "extras": ["ABS", "Cargo Rack", "Centerstand", "Electric starter", "Engine Guards", "Four-stroke engine", "Gelatin", "Remote Control", "Service Book", "Sidestand", "Top Box-Μπαγκαζιέρα", "Trip computer"], "description": "Άριστη κατάσταση χρηση μονο σε ταξιδια,φυλάσσεται παντα σε κλειστό γκαράζ. Εκδοση με ABS. - Δίνεται μαζι με μπαγκαζιερα και πλαινες βαλίτσες,tank bags,κάγκελα και διπλό σταντ.Με καινούργια ελαστικά Michelin road 5 - Less - "}