{"query": {"url": "https://www.car.gr/10431338-kawasaki-kle-500-22957-km", "type": "CAR_ADDE", "trial_count": 1, "last_processed": 1553098842}, "title": "Kawasaki KLE 500 22957 km - ΑΡΙΣΤΗ '07", "ad_id": "10431338", "ad_data": {"Make/Model": "Kawasaki KLE 500 22957 km - ΑΡΙΣΤΗ '07", "Classified number": "10431338", "Price": "€2.250", "Category": "Bike - On/Off", "Registration": "11 / 2007", "Mileage": "22,957 km", "Fuel type": "Gasoline", "Cubic capacity": "499 cc", "Power": "45 bhp", "Color": "Black (Metallic)", "Kteo to": "06 / 2019", "Previous owners": "1", "Modified": "12 days", "Times clicked": "11374", "Short link": "www.car.gr/10431338", "Telephone": "+30 2253022700"}, "ad_seller": {"Dealer": "WWW.ALEXELLIS.GR", "Address": "ΚΑΛΛΟΝΗ", "City": "ΚΑΛΛΟΝΗ", "": "+30 2253022700", "Fax": "+30 2253022700", "Dealer page": "https//alexellis-qualitymotors.car.gr/", "Website": "http//www.alexellis.gr"}, "metadata": {"type": "Bikes", "brand": "Kawasaki", "model": "KLE 500"}, "extras": ["Car Exchange", "Electric starter", "Engine Guards", "Exchange with Moto accepted", "Gelatin", "Lights Xenon", "Sidestand", "Top Box-Μπαγκαζιέρα"], "description": "ΠΑΡΑΛΑΒΗ ΚΑΙ ΦΩΤΟ ΠΑΡΑΣΚΕΥΗ 07/07/2017 - Less - "}