{"query": {"url": "https://www.car.gr/10356728-kreidler-rs-50", "type": "CAR_ADDE", "trial_count": 1, "last_processed": 1553093269}, "title": "Kreidler  RS 50 '67", "ad_id": "10356728", "ad_data": {"Make/Model": "Kreidler RS 50 '67", "Classified number": "10356728", "Price": "€3.300", "Category": "Bike - On/Off", "Registration": "1 / 1967", "Mileage": "5,000 km", "Fuel type": "Gasoline", "Cubic capacity": "50 cc", "Power": "7 bhp", "Color": "Orange", "Kteo to": "01 / 2018", "Liters/100km": "6 (Εντός)/5 (Εκτός)/6 (Μικτό)", "Previous owners": "1", "Modified": "6 hours", "Times clicked": "2344", "Short link": "www.car.gr/10356728", "Telephone": "+30 2104954210"}, "ad_seller": {"Dealer": "MOTO MERKOURIS", "Address": "KARDHMHTRIOU", "City": "ΚΟΡΥΔΑΛΛΟΣ", "": "+30 6977457015", "Fax": "+30 2104954210", "Dealer page": "https//merkouris.car.gr/"}, "metadata": {"type": "Bikes", "brand": "Kreidler", "model": "Kreidler  RS 50 '67 - € 3.300 EUR"}, "extras": [], "description": ""}