{"query": {"url": "https://www.car.gr/10356785-bmw-r-25-3-r25-3", "type": "CAR_ADDE", "trial_count": 1, "last_processed": 1553093267}, "title": "Bmw R 25/3 R25/3  '54", "ad_id": "10356785", "ad_data": {"Make/Model": "Bmw R 25/3 R25/3  '54", "Classified number": "10356785", "Price": "€5.500", "Category": "Bike - On/Off", "Registration": "1 / 1954", "Mileage": "1,500 km", "Fuel type": "Gasoline", "Cubic capacity": "250 cc", "Power": "12 bhp", "Color": "Red", "Kteo to": "01 / 2019", "Liters/100km": "6 (Εντός)/6 (Εκτός)/6 (Μικτό)", "Previous owners": "1", "Modified": "6 hours", "Times clicked": "4051", "Short link": "www.car.gr/10356785", "Telephone": "+30 2104954210"}, "ad_seller": {"Dealer": "MOTO MERKOURIS", "Address": "KARDHMHTRIOU", "City": "ΚΟΡΥΔΑΛΛΟΣ", "": "+30 6977457015", "Fax": "+30 2104954210", "Dealer page": "https//merkouris.car.gr/"}, "metadata": {"type": "Bikes", "brand": "Bmw", "model": "R 25/3"}, "extras": [], "description": ""}