{"query": {"url": "https://www.car.gr/10672630-modenas", "type": "CAR_ADDE", "trial_count": 1, "last_processed": 1553104777}, "title": "Modenas   '03", "ad_id": "10672630", "ad_data": {"Make/Model": "Modenas '03", "Classified number": "10672630", "Price": "€800", "Category": "Bike - Underbone", "Registration": "8 / 2003", "Mileage": "40,000 km", "Fuel type": "Gasoline", "Cubic capacity": "115 cc", "Power": "9 bhp", "Color": "Black", "Modified": "over 2 months", "Times clicked": "1548", "Short link": "www.car.gr/10672630", "Telephone": "+30 2821099405"}, "ad_seller": {"Dealer": "CHANIA MOTORCYCLES", "Address": "ΝΙΚΟΛΑΟΥΠΛΑΣΤΗΡΑ4", "City": "ΧΑΝΙΑ", "": "+30 6980127373", "Fax": "+30 6996312247", "Dealer page": "https//stavroulakis-cars.car.gr/"}, "metadata": {"type": "Bikes", "brand": "Modenas", "model": "Modenas   '03 - € 800 EUR"}, "extras": ["Electric starter", "Exchange with Moto accepted", "Exhaust Special", "Four-stroke engine", "Kick-Starter"], "description": "καλη κατασταση εργοστασιακο οι ποδιεσ υπαρχουν - Less - "}