{"query": {"url": "https://www.car.gr/10029602-puch-125", "type": "CAR_ADDE", "trial_count": 1, "last_processed": 1553105066}, "title": "Puch  125 '49", "ad_id": "10029602", "ad_data": {"Make/Model": "Puch 125 '49", "Classified number": "10029602", "Price": "Askforprice", "Category": "Bike - Other", "Registration": "5 / 1949", "Fuel type": "Gasoline", "Cubic capacity": "125 cc", "Power": "15 bhp", "Color": "Grey (Metallic)", "Modified": "1 day", "Times clicked": "4", "Short link": "www.car.gr/10029602", "Telephone": "+30 6983965500"}, "ad_seller": {"Dealer": "ΓΡΗΓΟΡΗΣ", "Address": "γρ.λαμπρακη288νικαια", "City": "ΝΙΚΑΙΑ", "": "+30 2104958965", "Dealer page": "https//soymas.car.gr/", "Website": "http//0000"}, "metadata": {"type": "Bikes", "brand": "Puch", "model": "Puch  125 '49 - Ask for price"}, "extras": ["Antique-Classic", "Car Exchange", "Cargo Rack", "Centerstand", "Credit card-Visa accepted", "Exchange with Moto accepted", "Exhibition", "Possibility of rental", "Service Book", "Two-stroke"], "description": "Είναι μοναδικό κομμάτι στην Ελλάδα Και λειτουργεί κανονικά με κανένα πρόβλημα. κατασκευή με ανταλλακτικά γνήσια // - Less - "}