{"query": {"url": "https://www.car.gr/10066676-ducati-monster-696-plus", "type": "CAR_ADDE", "trial_count": 1, "last_processed": 1553102482}, "title": "Ducati Monster 696 PLUS '09", "ad_id": "10066676", "ad_data": {"Make/Model": "Ducati Monster 696 PLUS '09", "Classified number": "10066676", "Price": "€5.900", "Category": "Bike - Other", "Registration": "1 / 2009", "Mileage": "1,600 km", "Fuel type": "Gasoline", "Cubic capacity": "696 cc", "Power": "80 bhp", "Color": "Red (Metallic)", "Previous owners": "1", "Modified": "30 days", "Times clicked": "8139", "Short link": "www.car.gr/10066676", "Telephone": "+30 2531033683"}, "ad_seller": {"Dealer": "AUTO-MOTO ELLI ΜΑΛΑΜΙΔΗΣ ΑΘΑΝΑΣΙΟΣ", "Address": "1oχιλκομοτηνήςκοσμίου", "City": "ΚΟΜΟΤΗΝΗ", "": "+30 2531033683", "Fax": "+30 2531022269", "Dealer page": "https//motoelli-malamidis.car.gr/", "Website": "http//www.malamidis.gr", "Open hours": "ΔΕΥΤΕΡΑ - ΣΑΒΒΑΤΟ 9 ΜΕ 3 \nΤΡΙΤΗ - ΠΕΜΠΤΗ 5-8"}, "metadata": {"type": "Bikes", "brand": "Ducati", "model": "Monster 696"}, "extras": ["Car Exchange", "Credit card-Visa accepted", "Electric starter", "Exchange with Boat", "Exchange with Moto accepted", "Exhibition", "Four-stroke engine", "Notes, checks accepted", "Service Book", "Sidestand"], "description": "ΕΓΓΥΗΜΕΝΗ ΜΟΤ/ΤΑ ΣΕ ΑΡΙΣΤΗ ΚΑΤΑΣΤΑΣΗ... - ΔΕΚΤΟΣ ΚΑΘΕ ΕΛΕΓΧΟΣ ΚΑΙ ΔΥΝΑΤΟΤΗΤΑ TEST DRIVE!!! - ΔΕΚΤΕΣ ΑΝΤΑΛΛΑΓΕΣ, ΕΥΝΟΙΚΗ ΧΡΗΜΑΤΟΔΟΤΗΣΗ ΚΑΙ ΔΥΝΑΤΟΤΗΤΑ ΠΛΗΡΩΜΗΣ ΜΕ ΠΙΣΤΩΤΙΚΗ ΚΑΡΤΑ. - Εγγύηση αναγραφόμενων χιλιομέτρων - • Πλήρες αρχείο service - • Από 0% προκαταβολή και με το χαμηλότερο επιτόκιο της αγοράς - • Δυνατότητα προεξόφλησης χωρίς επιβάρυνση - • Δωρεάν Service για 3 χρόνια - • Γραπτή εγγύηση ατρακάριστου - • Δωρεάν Οδική Βοήθεια με την ασφάλεια - • Δυνατότητα ανταλλαγής - • Service πριν την παράδοση - • Ολικό γυάλισμα χρώματος - • Ολικό κέρωμα - • Δυνατότητα δόσεων μέσω πιστωτικής κάρτας - • Πιστοποιημένο έγγραφο Κ.Τ.Ε.Ο του οχήματος σε ισχύ - • Ασυναγώνιστες τιμές σε ανταλλακτικά, service και ασφάλιση - Αν και οι περιγραφές και οι ιδιαιτερότητες των αυτοκινήτων μας έχουν γίνει με πολύ προσοχή, για τυχόν λάθη που υπάρχουν δεν έχουμε κάποια ευθύνη. - Less - "}