{"query": {"url": "https://www.car.gr/10223241-bmw-r-1150-gs", "type": "CAR_ADDE", "trial_count": 1, "last_processed": 1553095536}, "title": "Bmw R 1150 GS  '02", "ad_id": "10223241", "ad_data": {"Make/Model": "Bmw R 1150 GS '02", "Classified number": "10223241", "Price": "€4.300", "Category": "Bike - On/Off", "Registration": "7 / 2002", "Mileage": "85,723 km", "Fuel type": "Gasoline", "Cubic capacity": "1,150 cc", "Power": "85 bhp", "Color": "Blue (Metallic)", "Kteo to": "05 / 2019", "Modified": "3 days", "Times clicked": "25", "Short link": "www.car.gr/10223241", "Telephone": "None"}, "ad_seller": {}, "metadata": {"type": "Bikes", "brand": "Bmw", "model": "R 1150 GS"}, "extras": [], "description": "Τό μηχανάκι είναι σαν καινούργιο προσεγμένο με πραγματικά κμ.βαλίτσες γνήσιες, κάλυμμα ρεζερβουάρ (bagster)μπαταρία odyssey, προβολείς ομίχλης συναγερμό επετειακό χρώμα αγρατσούνιστο κλπ.Η μοτοσυκλέτα κυκλοφορεί μόνο καλοκαίρι. - Χρίζει αλλαγής ελαστικών είναι πολυκαιρισμένα χωρίς φθορές χμ (4-2010). - Less - "}