{"query": {"url": "https://www.car.gr/10354865-suzuki-gsx-1400", "type": "CAR_ADDE", "trial_count": 1, "last_processed": 1553094864}, "title": "Suzuki GSX 1400  '08", "ad_id": "10354865", "ad_data": {"Make/Model": "Suzuki GSX 1400 '08", "Classified number": "10354865", "Price": "€7.500", "Category": "Bike - Naked", "Registration": "1 / 2008", "Mileage": "7,000 km", "Fuel type": "Gasoline", "Cubic capacity": "1,400 cc", "Power": "120 bhp", "Color": "White (Metallic)", "Modified": "2 days", "Times clicked": "171", "Short link": "www.car.gr/10354865", "Telephone": "+30 2273033379"}, "ad_seller": {"Dealer": "ΕΙΡ.ΜΑΡΓΑΡΩΝΗ-ΠΑΝ.ΑΝΤΩΝΙΟΥ Ο.Ε.", "Address": "ΛΟΓΟΘΕΤΗΛΥΚΟΥΡΓΟΥ106", "City": "ΚΑΡΛΟΒΑΣΙ", "": "+30 6981333490", "Fax": "+30 2273089506", "Dealer page": "https//autook.car.gr/", "Website": "http//www.autook.gr", "Open hours": "ΑΠΟ ΔΕΥΤΕΡΑ ΕΩΣ  ΠΑΡΑΣΚΕΥΗ  7.00 ΕΩΣ  21.00 ΚΑΙ ΤΟ ΣΑΒΒΑΤΟ  9.00 ΕΩΣ 18.00 ΚΑΙ ΚΑΤΟΠΙΝ ΡΑΝΤΕΒΟΥ ΤΗΣ ΚΥΡΙΑΚΕΣ!!!!!!!"}, "metadata": {"type": "Bikes", "brand": "Suzuki", "model": "GSX 1400"}, "extras": ["Catalyst", "Centerstand", "Electric starter", "Four-stroke engine", "Service Book", "Sidestand"], "description": ""}