{"query": {"url": "https://www.car.gr/10216153-aprilia-shiver-750", "type": "CAR_ADDE", "trial_count": 1, "last_processed": 1553098189}, "title": "Aprilia Shiver 750  '11", "ad_id": "10216153", "ad_data": {"Make/Model": "Aprilia Shiver 750 '11", "Classified number": "10216153", "Price": "€4.200", "Category": "Bike - Naked", "Registration": "9 / 2011", "Mileage": "28,000 km", "Fuel type": "Gasoline", "Cubic capacity": "750 cc", "Power": "95 bhp", "Color": "Black (Metallic)", "Kteo to": "05 / 2019", "Modified": "10 days", "Times clicked": "5289", "Short link": "www.car.gr/10216153", "Telephone": "None"}, "ad_seller": {}, "metadata": {"type": "Bikes", "brand": "Aprilia", "model": "Shiver 750"}, "extras": ["ABS", "Car Exchange", "Cast wheels", "Catalyst", "Electric starter", "Four-stroke engine", "Service Book", "Sidestand", "Skid Plate", "Trip computer"], "description": "Κτέο περασμένο 13/5/2017. Service πάντα σε αντιπροσωπεία. Αλλαγή λαδιών κάθε 2500χμ. φυλάσσεται πάντα σε γκαράζ. Καινούρια μπαταρία(26/6/2018). Τελευταίο service των 25000km στις 10/05/2018. Υπολογιστης ταξιδίου, εργοστασιακή επιλογή τριών προγραμμάτων χαρτογράφησης εγκεφάλου. Δεκτός κάθε έλεγχος - Less - "}