{"query": {"url": "https://www.car.gr/10328411-garelli-50", "type": "CAR_ADDE", "trial_count": 1, "last_processed": 1553101017}, "title": "Garelli  50 '75", "ad_id": "10328411", "ad_data": {"Make/Model": "Garelli 50 '75", "Classified number": "10328411", "Price": "€500", "Category": "Bike - Mini..Moto", "Registration": "1 / 1975", "Mileage": "1,000 km", "Fuel type": "Gasoline", "Cubic capacity": "50 cc", "Power": "10 bhp", "Color": "Brown", "Modified": "21 days", "Times clicked": "1682", "Short link": "www.car.gr/10328411", "Telephone": "None"}, "ad_seller": {}, "metadata": {"type": "Bikes", "brand": "Garelli", "model": "Garelli  50 '75 - € 500 EUR"}, "extras": [], "description": "Δουλευει κανονικα αστερι ειναι της μανας του το χρωμα εχει... - Less - "}