{"query": {"url": "https://www.car.gr/10328436-suzuki-gsx-r-1300-hayabusa", "type": "CAR_ADDE", "trial_count": 1, "last_processed": 1553094979}, "title": "Suzuki GSX-R 1300 Hayabusa  '09", "ad_id": "10328436", "ad_data": {"Make/Model": "Suzuki GSX-R 1300 Hayabusa '09", "Classified number": "10328436", "Price": "€8.500", "Category": "Bike - Sport Touring", "Registration": "7 / 2009", "Mileage": "24,000 km", "Fuel type": "Gasoline", "Cubic capacity": "1,300 cc", "Power": "190 bhp", "Color": "Blue (Metallic)", "Modified": "2 days", "Times clicked": "9823", "Short link": "www.car.gr/10328436", "Telephone": "None"}, "ad_seller": {}, "metadata": {"type": "Bikes", "brand": "Suzuki", "model": "GSX-R 1300 Hayabusa"}, "extras": ["Exchange with Moto accepted"], "description": "ΜΕ ΠΟΛΛΑ ΕΞΤΡΑ Κ ΣΕ ΑΡΙΣΤΗ ΚΑΤΑΣΤΑΣΗ. - ΔΕΚΤΟΣ ΚΑΘΕ ΕΛΕΝΧΟΣ.ΑΝΤΑΛΛΑΓΗ ΜΕ v strom 650 - Less - "}