{"query": {"url": "https://www.car.gr/10328417-bmw-k-1100-lt", "type": "CAR_ADDE", "trial_count": 1, "last_processed": 1553100732}, "title": "Bmw K 1100 LT  '93", "ad_id": "10328417", "ad_data": {"Make/Model": "Bmw K 1100 LT '93", "Classified number": "10328417", "Price": "€2.300", "Category": "Bike - Sport Touring", "Registration": "1 / 1993", "Mileage": "132,000 km", "Fuel type": "Gasoline", "Cubic capacity": "1,099 cc", "Power": "101 bhp", "Color": "Silver (Metallic)", "Previous owners": "2", "Modified": "19 days", "Times clicked": "2091", "Short link": "www.car.gr/10328417", "Telephone": "None"}, "ad_seller": {"Name": "Δημήτρης", "Address": "ΕΠΑΝΟΜΗP.ΘΕΣΣΑΛΟΝΙΚΗΣ"}, "metadata": {"type": "Bikes", "brand": "Bmw", "model": "K 1100 LT"}, "extras": ["ABS", "Antique-Classic", "Bars", "Cargo Rack", "Cast wheels", "Centerstand", "Electric starter", "Engine Guards", "Four-stroke engine", "Gelatin", "Heated Handguards", "Service Book", "Sidestand", "Skid Plate", "Top Box-Μπαγκαζιέρα"], "description": "ABS, Θερμαινόμενες χούφτες, ραδιοκασεττόφωνο Blaupunkt με 2 ηχεία, τρεις μπαγκαζιέρες, 4η μαγνητική στο τεπόζιτο. Service manual, Owner's Handbook. Πραγματικά χιλιόμετρα. Θέλει λάστιχα, μπατταρία. Μικρή ζημιά στο μπροστινό φτερό από κλειδαριά πέταλο. Φοράει White Power μπρος-πίσω. 2η σέλλα και παρμπρίζ. Πινακίδες παραδομένες. - Less - "}