{"query": {"url": "https://www.car.gr/10120235-honda-camino", "type": "CAR_ADDE", "trial_count": 1, "last_processed": 1553098421}, "title": "Honda Camino  '76", "ad_id": "10120235", "ad_data": {"Make/Model": "Honda Camino '76", "Classified number": "10120235", "Price": "€300", "Category": "Bike - Moped", "Registration": "5 / 1976", "Mileage": "1,000,000 km", "Fuel type": "Gasoline", "Cubic capacity": "50 cc", "Power": "25 bhp", "Color": "Red", "Modified": "11 days", "Times clicked": "1439", "Short link": "www.car.gr/10120235", "Telephone": "+30 6951758599"}, "ad_seller": {"Dealer": "Αυτοκίνητα  Σουλης", "Address": "17χμ.Θεσσαλονίκης-Περαίας", "City": "ΘΕΣΣΑΛΟΝΙΚΗ", "": "+30 2311247909", "Fax": "+30 6931583241", "Dealer page": "https//soulis.car.gr/", "Website": "http//WWW.AUTOMOTOSOULIS.GR"}, "metadata": {"type": "Bikes", "brand": "Honda", "model": "Camino"}, "extras": [], "description": "6951002930 thl - Less - "}