{"query": {"url": "https://www.car.gr/10164854-aprilia-rsv4-1000-rf-factory", "type": "CAR_ADDE", "trial_count": 1, "last_processed": 1553094406}, "title": "Aprilia RSV4 1000 RF Factory '16", "ad_id": "10164854", "ad_data": {"Make/Model": "Aprilia RSV4 1000 RF Factory '16", "Classified number": "10164854", "Price": "€19.000", "Category": "Bike - Super Sport", "Registration": "11 / 2016", "Mileage": "2,646 km", "Fuel type": "Gasoline", "Cubic capacity": "1,000 cc", "Power": "200 bhp", "Color": "Black", "Modified": "22 hours", "Times clicked": "16882", "Short link": "www.car.gr/10164854", "Telephone": "+30 2109707198"}, "ad_seller": {"Dealer": "ΑΡΜΑΚΟΛΑΣ", "Address": "Λ.ΑΜΦΙΘΕΑΣ151Π.ΦΑΛΗΡΟ", "City": "ΠΑΛΑΙΟΦΑΛΗΡΟ", "": "+30 2109401260", "Dealer page": "https//armakolasmoto.car.gr/", "Website": "http//www.armakolasmoto.gr", "Open hours": "Δευτέρα - Παρασκευή από 0900 έως 2000, Σάββατο 0900 έως 1400, Κυριακή κλειστά."}, "metadata": {"type": "Bikes", "brand": "Aprilia", "model": "RSV4"}, "extras": ["Service Book"], "description": "Η ΚΑΛΥΤΕΡΗ SUPER BIKE ΜΟΤΟΣΥΚΛΕΤΑ ΠΑΡΑΓΩΓΗΣ, ΕΛΑΦΡΩΣ ΜΕΤΑΧΕΙΡΙΣΜΕΝΟ, ΣΠΑΝΙΟ, 4ΕΤΗ ΕΓΓΥΗΣΗ ΕΡΓΟΣΤΑΣΙΟΥ ΕΩΣ 30/11/2020, ΑΓΟΡΑΣΜΕΝΟ ΚΑΙ ΤΟ SERVICE ΤΩΝ 1.000 ΚΜ ΑΠΟ ΤΟ ΚΑΤΑΣΤΗΜΑ ΜΑΣ - Less - "}