{"query": {"url": "https://www.car.gr/10455560-bmw-r-1200-gs", "type": "CAR_ADDE", "trial_count": 1, "last_processed": 1553104787}, "title": "Bmw R 1200 GS  '09", "ad_id": "10455560", "ad_data": {"Make/Model": "Bmw R 1200 GS '09", "Classified number": "10455560", "Price": "€8.700", "Category": "Bike - On/Off", "Registration": "6 / 2009", "Mileage": "57,800 km", "Fuel type": "Gasoline", "Cubic capacity": "1,200 cc", "Power": "110 bhp", "Color": "Silver", "Modified": "over 2 months", "Times clicked": "3030", "Short link": "www.car.gr/10455560", "Telephone": "+30 2107601269"}, "ad_seller": {"Dealer": "MOTO BOOST", "Address": "Κύπρου55-57", "City": "ΒΥΡΩΝΑΣ", "": "+30 2107601269", "Dealer page": "https//motoboost.car.gr/"}, "metadata": {"type": "Bikes", "brand": "Bmw", "model": "R 1200 GS"}, "extras": [], "description": "ΑΡΙΣΤΗ ΚΑΤΑΣΤΑΣΗ ΔΕΚΤΟΣ ΕΛΕΓΧΟΣ - Less - "}