{"query": {"url": "https://www.car.gr/10250544-bmw-r-1150-rs", "type": "CAR_ADDE", "trial_count": 1, "last_processed": 1553097195}, "title": "Bmw R 1150 RS  '08", "ad_id": "10250544", "ad_data": {"Make/Model": "Bmw R 1150 RS '08", "Classified number": "10250544", "Price": "€4.700", "Category": "Bike - Sport Touring", "Registration": "4 / 2008", "Mileage": "57,481 km", "Fuel type": "Gasoline", "Cubic capacity": "1,150 cc", "Power": "97 bhp", "Color": "Dark blue (Metallic)", "Kteo to": "05 / 2020", "Liters/100km": "7.5 (Εντός)/4.9 (Εκτός)/5.6 (Μικτό)", "Modified": "8 days", "Times clicked": "117", "Short link": "www.car.gr/10250544", "Telephone": "None"}, "ad_seller": {}, "metadata": {"type": "Bikes", "brand": "Bmw", "model": "R 1150 RS"}, "extras": ["ABS", "Cargo Rack", "Cast wheels", "Catalyst", "Centerstand", "Gelatin", "Heated Handguards", "Service Book", "Sidestand"], "description": "Ατρακάριστη, πραγματικά χιλιόμετρα, χρησιμοποιείται λίγο τα καλοκαίρια, σε άψογη κατάσταση, συντηρείται σύμφωνα με το βιβλίο του κατασκευαστή, λάστιχα καινούργια, φρένα καινούργια, μπαταρία καινούργια, service λαδιών στα 55.000km, EVO INTERGRAL ABS, ρυθμιζόμενη σε τρεις θέσεις καθ' ύψος σέλλα, ρυθμιζόμενη σε ύψος ζελατίνα φέρινγκ, θερμαινόμενες χούφτες δύο θέσεων, alarm, φορτιστής μπαταρίας, λουκέτο δισκόφρενου. Η μηχανή είναι πάντα σταθμευμένη σε εστεγασμένο κλιματιζόμενο χώρο. - Less - "}