{"query": {"url": "https://www.car.gr/10377614-honda", "type": "CAR_ADDE", "trial_count": 1, "last_processed": 1553096713}, "title": "Honda   '96", "ad_id": "10377614", "ad_data": {"Make/Model": "Honda '96", "Classified number": "10377614", "Price": "€2.150", "Category": "Bike - Chopper", "Registration": "9 / 1996", "Mileage": "48,826 km", "Fuel type": "Gasoline", "Cubic capacity": "750 cc", "Power": "150 bhp", "Color": "Dark Red", "Modified": "6 days", "Times clicked": "2973", "Short link": "www.car.gr/10377614", "Telephone": "+30 6982387565"}, "ad_seller": {"Dealer": "AYTO-KALARITIS", "Address": "AMALIADA", "City": "ΑΜΑΛΙΑΔΑ", "": "+30 2623033070", "Fax": "+30 2623033070", "Dealer page": "https//kalaritis.car.gr/"}, "metadata": {"type": "Bikes", "brand": "Honda", "model": "Honda   '96 - € 2.150 EUR (Negotiable)"}, "extras": [], "description": ""}