{"query": {"url": "https://www.car.gr/10548823-sym-mio-50-mio-50", "type": "CAR_ADDE", "trial_count": 1, "last_processed": 1553104748}, "title": "Sym MIO 50 MIO 50  '17", "ad_id": "10548823", "ad_data": {"Make/Model": "Sym MIO 50 MIO 50  '17", "Classified number": "10548823", "Price": "€1.795", "Category": "Bike - Roller/Scooter", "Registration": "7 / 2017", "Fuel type": "Gasoline", "Cubic capacity": "50 cc", "Power": "5 bhp", "Color": "Red", "Modified": "over 2 months", "Times clicked": "325", "Short link": "www.car.gr/10548823", "Telephone": "+30 2461039664"}, "ad_seller": {"Dealer": "MOTOKINISI", "Address": "ΦΙΛΙΠΠΟΥΒ17", "City": "ΚΟΖΑΝΗ", "": "+30 2461039664", "Fax": "+30 2461039664", "Dealer page": "https//tzellos-motokinisi.car.gr/"}, "metadata": {"type": "Bikes", "brand": "Sym", "model": "MIO 50"}, "extras": ["Automatic", "Centerstand", "Credit card-Visa accepted", "Electric starter", "Exchange with Moto accepted", "Four-stroke engine", "Kick-Starter", "Service Book", "Sidestand"], "description": "Ο εξελιγμένης τεχνολογίας τετράχρονος κινητήρας προφυλάσσει το περιβάλλον και παράλληλα κινεί - το scooter με δύναμη και αξιοπιστία - Η άνετη σέλα δύο ατόμων, ο μεγάλος αποθηκευτικός χώρος και το επίπεδο πάτωμα συνθέτουν ένα εύχρηστο scooter - Η ποιότητα κατασκευής είναι εμφανής με την πρώτη ματιά σε κάθε λεπτομέρεια - Επιλέξτε ένα από τα πανέμορφα χρώματα και κινηθείτε με στυλ - Ρεζερβουάρ 4,8 λίτρων - Τροχοί 10” - Κεντρικό – πλαϊνό σταντ - Less - "}