{"query": {"url": "https://www.car.gr/10548875-honda-cbr-600-f", "type": "CAR_ADDE", "trial_count": 1, "last_processed": 1553099749}, "title": "Honda CBR 600 F  '01", "ad_id": "10548875", "ad_data": {"Make/Model": "Honda CBR 600 F '01", "Classified number": "10548875", "Price": "€2.200", "Category": "Bike - Sport Touring", "Registration": "2 / 2001", "Mileage": "80,001 km", "Fuel type": "Gasoline", "Cubic capacity": "600 cc", "Power": "110 bhp", "Color": "Silver", "Kteo to": "03 / 2019", "Modified": "15 days", "Times clicked": "163", "Short link": "www.car.gr/10548875", "Telephone": "None"}, "ad_seller": {}, "metadata": {"type": "Bikes", "brand": "Honda", "model": "CBR 600 F"}, "extras": ["Car Exchange", "Centerstand", "Electric starter", "Exchange with Moto accepted"], "description": "Σε πολύ καλή κατάσταση πολλα έξτρα και προσφατο μεγάλο γενικο σερβις. - Less - "}