{"query": {"url": "https://www.car.gr/classifieds/bikes/view/10034599/", "type": "CAR_ADDE", "trial_count": 1, "last_processed": 1553095448}, "title": "Αλλο   '16", "ad_id": "10034599", "ad_data": {"Make/Model": "Αλλο '16", "Classified number": "10034599", "Price": "€1.500", "Category": "Bike - Moped", "Registration": "1 / 2016", "Mileage": "5 km", "Fuel type": "Electric", "Cubic capacity": "5 cc", "Power": "5 bhp", "Color": "Yellow", "Modified": "2 days", "Times clicked": "12", "Short link": "www.car.gr/10034599", "Telephone": "+30 2310775060"}, "ad_seller": {"Dealer": "Moto Bike", "Address": "Πλωτίνου(Άνωθενπεριφερειακού)", "City": "ΕΥΟΣΜΟΣ-ΣΤΑΥΡΟΥΠΟΛΗ", "": "+30 6944450573", "Fax": "+30 2310775060", "Dealer page": "https//dimitris-moto.car.gr/"}, "metadata": {"type": "Bikes", "brand": "Αλλο", "model": "Αλλο   '16 - € 1.500 EUR"}, "extras": ["Alarm", "Automatic", "Centerstand", "Kick-Starter", "Remote Control", "Sidestand"], "description": ""}