{"query": {"url": "https://www.car.gr/10383563-honda-cbf-600-cbf600-abs", "type": "CAR_ADDE", "trial_count": 1, "last_processed": 1553104782}, "title": "Honda CBF 600 Cbf600 abs '07", "ad_id": "10383563", "ad_data": {"Make/Model": "Honda CBF 600 Cbf600 abs '07", "Classified number": "10383563", "Price": "€2.500", "Category": "Bike - Sport Touring", "Registration": "1 / 2007", "Mileage": "65,000 km", "Fuel type": "Gasoline", "Cubic capacity": "599 cc", "Power": "78 bhp", "Color": "Grey (Metallic)", "Modified": "over 2 months", "Times clicked": "5052", "Short link": "www.car.gr/10383563", "Telephone": "+30 2102827770"}, "ad_seller": {"Dealer": "power2cycle", "Address": "πλαπουτα107ν.ηρακλειοαττικης", "City": "ΝΕΟΗΡΑΚΛΕΙΟ", "": "+30 2102827770", "Fax": "+30 2102827770", "Dealer page": "https//power2cycle.car.gr/", "Website": "[email protected]"}, "metadata": {"type": "Bikes", "brand": "Honda", "model": "CBF 600"}, "extras": ["ABS"], "description": ""}