{"query": {"url": "https://www.car.gr/10454240-suzuki-gsx-r-750-k6", "type": "CAR_ADDE", "trial_count": 10, "last_processed": 1553092871}, "title": "Suzuki GSX-R 750 K6 '06", "ad_id": "10454240", "ad_data": {"Make/Model": "Suzuki GSX-R 750 K6 '06", "Classified number": "10454240", "Price": "€4.200", "Category": "Bike - Super Sport", "Registration": "9 / 2006", "Mileage": "51,100 km", "Fuel type": "Gasoline", "Cubic capacity": "750 cc", "Power": "136 bhp", "Color": "Red", "Kteo to": "12 / 2019", "Liters/100km": "5 (Εντός)/7 (Εκτός)/6 (Μικτό)", "Previous owners": "1", "Modified": "5 hours", "Times clicked": "3870", "Short link": "www.car.gr/10454240", "Telephone": "None"}, "ad_seller": {"Name": "Νικος", "Address": "ΑΘΗΝΑP.ΑΤΤΙΚΗΣ"}, "metadata": {"type": "Bikes", "brand": "Suzuki", "model": "GSX-R 750"}, "extras": ["Alarm", "Cast wheels", "Electric starter", "Exhaust Special", "Exhibition", "Four-stroke engine", "Gelatin", "Lights Xenon", "Sidestand", "Skid Plate"], "description": "Είναι σε κατάσταση βιτρίνας... - Από γενικό σέρβις με πολλά extra.. - Yusumoura εξάτμιση - Επισκευή στα μπροστινά... - Σολινακια υψηλής - Συναγερμός metta - Φώτα xenon - Καινούρια τακάκια - Καινούρια αλυσίδα-γρανάζια - Καινουρια λάστιχα dunlop - Λάδια πάντα motul 300v - έχει γίνει δυναμομετριση στα 136 hp τρωχό με αποδείξεις.. - Λάδια-φίλτρα-ρύθμιση βαλβίδων-μπουζί ιριδίου κλπ... Πολλά carbon (πραγματικά. Όχι βαφή) πληροφορίες στο τηλέφωνο...δεκτός κάθε έλεγχος.. - Μόνο σοβαρές προτάσεις... - Τιμή μη διαπραγματευσημη... - Πωλειται λόγω αλλαγή κατηγορίας... - Less - "}