{"query": {"url": "https://www.car.gr/10457651-harley-davidson-softail-fully-customized", "type": "CAR_ADDE", "trial_count": 1, "last_processed": 1553098978}, "title": "Harley Davidson Softail Fully customized '03", "ad_id": "10457651", "ad_data": {"Make/Model": "Harley Davidson Softail Fully customized '03", "Classified number": "10457651", "Price": "€12.500", "Category": "Bike - Custom", "Registration": "1 / 2003", "Mileage": "18,000 km", "Fuel type": "Gasoline", "Cubic capacity": "1,449 cc", "Power": "3 bhp", "Color": "Other (Metallic)", "Kteo to": "08 / 2019", "Modified": "2 hours", "Times clicked": "7374", "Short link": "www.car.gr/10457651", "Telephone": "+30 2103410850"}, "ad_seller": {"Dealer": "Harley Davidson Athena", "Address": "Πειραιώς187", "City": "ΑΘΗΝΑ", "": "+30 2103410850", "Dealer page": "https//harleydavidson.car.gr/", "Website": "http//www.harleydavidsonathena.gr/", "Open hours": "Δευτέρα - Tέταρτη             09.00 - 1700 \nΤρίτη-Πέμπτη-Παρασκευή 09.00-  20.00\nΣάββατο                                 10.00 - 15.00"}, "metadata": {"type": "Bikes", "brand": "Harley Davidson", "model": "Softail"}, "extras": ["Credit card-Visa accepted", "Exhaust Special", "Sidestand", "Spoke wheels"], "description": "Έρωτας με την πρώτη ματιά! Ένα μοναδικό custom softail. - Μόνο για όποιον που θέλει να κυκλοφορεί με ένα μοναδικό κομμάτι και να κερδίζει όλα τα βλέμματα. - Hard candy βαφή με σχέδια εμπνευσμένα από τον θρύλο των τατουάζ Sailor Jerry. - Δυνατότητα χρηματοδότησης και αποπληρωμή με δόσεις μέσω τραπέζης. - Less - "}