{"query": {"url": "https://www.car.gr/10432704-honda-beat-110-new", "type": "CAR_ADDE", "trial_count": 1, "last_processed": 1553097172}, "title": "Honda  BEAT 110 NEW '18", "ad_id": "10432704", "ad_data": {"Make/Model": "Honda BEAT 110 NEW '18", "Classified number": "10432704", "Price": "€1.990", "Category": "Bike - Roller/Scooter", "Registration": "1 / 2018", "Fuel type": "Gasoline", "Cubic capacity": "110 cc", "Power": "9 bhp", "Color": "Blue (Metallic)", "Modified": "8 days", "Times clicked": "923", "Short link": "www.car.gr/10432704", "Telephone": "+30 2721083680"}, "ad_seller": {"Dealer": "ΖΕΜΠΙΛΑΣ ΕΥΑΓΓΕΛΟΣ & ΣΙΑ ΟΕ", "Address": "ΚΕΝΤΡΙΚΟΝΕΑΕΙΣΟΔΟΣ-ΥΠΟΚ.ΚΛΑΔΑ16", "City": "ΚΑΛΑΜΑΤΑ", "": "+30 6972997974", "Fax": "+30 2721096188", "Dealer page": "https//zebilas-dieselcars.car.gr/", "Website": "http//www.zempilas.gr"}, "metadata": {"type": "Bikes", "brand": "Honda", "model": "Honda  BEAT 110 NEW '18 - € 1.990 EUR"}, "extras": [], "description": ""}