{"query": {"url": "https://www.car.gr/10076864-yamaha-t-max-530-barcelona", "type": "CAR_ADDE", "trial_count": 1, "last_processed": 1553096433}, "title": "Yamaha T-Max 530 Barcelona '15", "ad_id": "10076864", "ad_data": {"Make/Model": "Yamaha T-Max 530 Barcelona '15", "Classified number": "10076864", "Price": "€8.300", "Category": "Bike - Roller/Scooter", "Registration": "9 / 2015", "Mileage": "25,000 km", "Fuel type": "Gasoline", "Cubic capacity": "530 cc", "Power": "48 bhp", "Color": "Grey", "Kteo to": "05 / 2020", "Liters/100km": "5 (Εντός)/5.5 (Εκτός)/5.5 (Μικτό)", "Previous owners": "1", "Modified": "5 days", "Times clicked": "1418", "Short link": "www.car.gr/10076864", "Telephone": "None"}, "ad_seller": {"Name": "Makis", "Address": "ΚΑΛΑΜΑΡΙΑP.ΘΕΣΣΑΛΟΝΙΚΗΣ"}, "metadata": {"type": "Bikes", "brand": "Yamaha", "model": "T-Max 530"}, "extras": ["ABS", "Alarm", "Automatic", "Centerstand", "Electric starter", "Exhaust Special", "Four-stroke engine", "Gelatin", "Led lights", "Service Book", "Trip computer"], "description": "~PLIROMENA TELI 2018 - ~Katastasi vitrinas - ~ABS ekdosi (evgala to sticker) - ~LED vasi pinakidas TMAX-530 - ~Zelatines 2 fime (konti-makria) - ~Kathreftes IRON MAX - ~LED fwta 8000LM OSRAM GERMANY - ~Full extra. - ~AKRAPOVIC+Rizoma parts. - ~Sinagermos+gps. - ~K&N air filter. - ~Vivlio SERVICE Yamaha MATAKOS - ~Agora apo YAMAHA MATAKOS Thes/niki - ~Elastika Metzeler feel free wintec - ~manisio xwris veltioseis. - ~FULL megalo service 20.000km - ~20-1-2018 allagi ladia(BEL-RAY)+filtro ladiou yamaha original. - ~5-5-2018 allagi takakia frena ygra. - ~Kausima SHELL V-POWER 97 - ~Αntalages OXI. - ~Dn xreiazete € - ~EPIKOINONIA META TIS 12:00μμ... - ~Sovares protaseis parakalw... - Less - "}