{"query": {"url": "https://www.car.gr/10199610-ducati-350-gtl", "type": "CAR_ADDE", "trial_count": 1, "last_processed": 1553100274}, "title": "Ducati 350 GTL  '81", "ad_id": "10199610", "ad_data": {"Make/Model": "Ducati 350 GTL '81", "Classified number": "10199610", "Price": "€5.100", "Category": "Bike - Street Bike", "Registration": "3 / 1981", "Mileage": "51,000 km", "Fuel type": "Gasoline", "Cubic capacity": "350 cc", "Power": "33 bhp", "Color": "Red", "Liters/100km": "5 (Εντός)/5 (Εκτός)/5 (Μικτό)", "Modified": "17 days", "Times clicked": "7211", "Short link": "www.car.gr/10199610", "Telephone": "None"}, "ad_seller": {}, "metadata": {"type": "Bikes", "brand": "Ducati", "model": "350 GTL"}, "extras": ["Antique-Classic", "Centerstand"], "description": "Ενας ιδιοκτήτης. Εχει πινακίδα υπουργείου, αλλά την έχω καταθέσει. Φυλάσσεται μέσα σε σπίτι. Θέλει διάφορα μαζέματα. Υπάρχει και γνήσιο Workshop manual. - Less - "}