{"query": {"url": "https://www.car.gr/10199645-ktm-640-lc4", "type": "CAR_ADDE", "trial_count": 1, "last_processed": 1553093996}, "title": "KTM 640 LC4  '01", "ad_id": "10199645", "ad_data": {"Make/Model": "KTM 640 LC4 '01", "Classified number": "10199645", "Price": "€1.600", "Category": "Bike - Super Motard", "Registration": "11 / 2001", "Mileage": "24,000 km", "Fuel type": "Gasoline", "Cubic capacity": "640 cc", "Power": "54 bhp", "Color": "Grey", "Liters/100km": "5 (Εντός)/4 (Εκτός)/4.5 (Μικτό)", "Previous owners": "1", "Modified": "17 hours", "Times clicked": "395", "Short link": "www.car.gr/10199645", "Telephone": "None"}, "ad_seller": {"Name": "ΧρηστοςΓ.", "Address": "ΤΡΙΚΑΛΑP.ΤΡΙΚΑΛΩΝ"}, "metadata": {"type": "Bikes", "brand": "KTM", "model": "640 LC4"}, "extras": ["Electric starter", "Exchange with Moto accepted", "Exhaust Special", "Four-stroke engine", "Sidestand", "Spoke wheels"], "description": "Πολειται λογο γεννησης παιδιου.Ανταλαγη με παπι 4χρονο.Εχει εξτρα εξατμηση.Δεκτος καθε ελενγχος. - Less - "}