{"query": {"url": "https://www.car.gr/10715466-honda-cbr-600-f", "type": "CAR_ADDE", "trial_count": 1, "last_processed": 1553096454}, "title": "Honda CBR 600 F  '06", "ad_id": "10715466", "ad_data": {"Make/Model": "Honda CBR 600 F '06", "Classified number": "10715466", "Price": "€3.000", "Category": "Bike - Sport Touring", "Registration": "1 / 2006", "Mileage": "28,000 km", "Fuel type": "Gasoline", "Cubic capacity": "600 cc", "Power": "110 bhp", "Color": "Red (Metallic)", "Kteo to": "05 / 2019", "Modified": "5 days", "Times clicked": "714", "Short link": "www.car.gr/10715466", "Telephone": "None"}, "ad_seller": {"Name": "fanis", "Address": "ΕΥΡΩΠΟΣP.ΚΙΛΚΙΣ"}, "metadata": {"type": "Bikes", "brand": "Honda", "model": "CBR 600 F"}, "extras": ["Cargo Rack", "Centerstand", "Exchange with Moto accepted", "Four-stroke engine", "Injection", "Sidestand"], "description": "ΤΟ MΗΧΑΝΑΚΗ ΕΙΝΑΙ ΣΕ ΑΡΙΣΤΗ ΚΑΤΑΣΤΑΣΗ ΜΕ ΠΡΑΓΜΑΤΙΚΑ ΧΙΛΙΟΜΕΤΡΑ ΤΕΛΗ ΚΥΚΛΟΦΟΡΙΑΣ ΚΑΙ ΚΤΕΟ ΩΣ 5 2019..Ο ΛΟΓΟΣ ΠΟΥ ΔΙΝΕΤΑΙ ΘΕΛΩ ΝΑ ΑΛΛΑΞΩ ΚΑΤΗΓΟΡΙΑ .ΑΛΛΑΓΗ MΕ ATV Η XTX ΑΝΑΛΟΓΗΣ ΚΑΤΑΣΤΑΣΗΣ ΑΠΟ 250- 600 ΚΥΒΙΚΑ.ΥΠΑΡΧΗ ΚΑΙ ΒΙΝΤΕΟ. - Less - "}