{"query": {"url": "https://www.car.gr/10573059-ktm-690-duke", "type": "CAR_ADDE", "trial_count": 1, "last_processed": 1553095392}, "title": "KTM 690 Duke  '12", "ad_id": "10573059", "ad_data": {"Make/Model": "KTM 690 Duke '12", "Classified number": "10573059", "Price": "€5.000", "Category": "Bike - Super Motard", "Registration": "11 / 2012", "Mileage": "38,000 km", "Fuel type": "Gasoline", "Cubic capacity": "690 cc", "Power": "65 bhp", "Color": "Black", "Kteo to": "12 / 2018", "Previous owners": "1", "Modified": "2 days", "Times clicked": "58", "Short link": "www.car.gr/10573059", "Telephone": "+30 2104911108"}, "ad_seller": {"Dealer": "DYNAMIC Pilikas", "Address": "ΠΡΕΜΕΤΗΣ18ΠΕΙΡΑΙΑΣ", "City": "ΠΕΙΡΑΙΑΣ", "": "+30 2104911108", "Fax": "+30 2104911108", "Dealer page": "https//dynamic-moto.car.gr/", "Website": "http//https//www.facebook.com/groups/1631554833726772/?fref=ts"}, "metadata": {"type": "Bikes", "brand": "KTM", "model": "690 Duke"}, "extras": ["Car Exchange", "Credit card-Visa accepted", "Engine Guards", "Exchange with Boat", "Exchange with Moto accepted", "Exhaust Special", "Four-stroke engine", "Skid Plate"], "description": "akrapovic apo mprosta sela powerfix karina mpara prostasias kenourgia lastixa - Less - "}