{"query": {"url": "https://www.car.gr/10186364-royal-enfield", "type": "CAR_ADDE", "trial_count": 1, "last_processed": 1553104823}, "title": "Royal Enfield   '87", "ad_id": "10186364", "ad_data": {"Make/Model": "Royal Enfield '87", "Classified number": "10186364", "Price": "€4.500", "Category": "Bike - Custom", "Registration": "1 / 1987", "Mileage": "10 km", "Fuel type": "Gasoline", "Cubic capacity": "350 cc", "Power": "22 bhp", "Color": "Green (Metallic)", "Modified": "over 2 months", "Times clicked": "3918", "Short link": "www.car.gr/10186364", "Telephone": "+30 2241303167"}, "ad_seller": {"Dealer": "ALPHA MOTO ΑΤΣΙΔΗΣ", "Address": "Μουσών1", "City": "ΡΟΔΟΣ", "": "+30 6948206490", "Dealer page": "https//alpha-moto.car.gr/"}, "metadata": {"type": "Bikes", "brand": "Royal Enfield", "model": "Royal Enfield   '87 - € 4.500 EUR (Negotiable)"}, "extras": ["Centerstand", "Exhibition", "Four-stroke engine"], "description": "Royal Enfield...με προσοχη στην καθε λεπτομέρεια..αψογο μηχανικα και εμφανισιακά.. - Less - "}