{"query": {"url": "https://www.car.gr/10316071-nsu", "type": "CAR_ADDE", "trial_count": 1, "last_processed": 1553105046}, "title": "Nsu   '50", "ad_id": "10316071", "ad_data": {"Make/Model": "Nsu '50", "Classified number": "10316071", "Price": "€1", "Category": "Bike - Street Bike", "Registration": "1 / 1950", "Mileage": "39,700 km", "Fuel type": "Gasoline", "Cubic capacity": "250 cc", "Power": "10 bhp", "Color": "Blue", "Modified": "1 day", "Times clicked": "2613", "Short link": "www.car.gr/10316071", "Telephone": "+30 2254022746"}, "ad_seller": {"Dealer": "ΚΛΗΡΟΝΟΜΟΣ ΚΩΝ/ΝΟΣ", "Address": "ΜΥΡΙΝΑΛΗΜΝΟΥ", "City": "ΜΥΡΙΝΑ", "": "+30 2254024085", "Fax": "+30 2254025007", "Dealer page": "https//klironomos.car.gr/"}, "metadata": {"type": "Bikes", "brand": "Nsu", "model": "Nsu   '50 - € 1 EUR"}, "extras": ["Antique-Classic"], "description": ""}