{"query": {"url": "https://www.car.gr/10316083-piaggio-x9-500-evolution-m27", "type": "CAR_ADDE", "trial_count": 1, "last_processed": 1553096296}, "title": "Piaggio X9 500 Evolution m27 '04", "ad_id": "10316083", "ad_data": {"Make/Model": "Piaggio X9 500 Evolution m27 '04", "Classified number": "10316083", "Price": "€1.499", "Category": "Bike - Roller/Scooter", "Registration": "6 / 2004", "Mileage": "30,000 km", "Fuel type": "Gasoline", "Cubic capacity": "459 cc", "Power": "75 bhp", "Color": "Silver (Metallic)", "Kteo to": "06 / 2019", "Previous owners": "1", "Modified": "5 days", "Times clicked": "2764", "Short link": "www.car.gr/10316083", "Telephone": "+30 2391053779"}, "ad_seller": {"Dealer": "ΜΕΛΙΣΣΑΝΙΔΗΣ CARS", "Address": "1xlKOYFALIA-XALKHDONAS.(ENANTΙLIDL)", "City": "ΚΟΥΦΑΛΙΑ", "": "+30 2391053779", "Fax": "+30 2391053778", "Dealer page": "https//melissanidis-cars.car.gr/"}, "metadata": {"type": "Bikes", "brand": "Piaggio", "model": "X9 500 Evolution"}, "extras": ["ABS", "Automatic", "Centerstand", "Electric starter", "Exhaust Special", "Service Book", "Sidestand", "Spoke wheels"], "description": "exei lastixa kenourgia geniko servis 2 xronia kteo kai teli tou 2019 takakia - Less - "}