{"query": {"url": "https://www.car.gr/10728415-kawasaki-zx-10-r-ninja", "type": "CAR_ADDE", "trial_count": 7, "last_processed": 1553093196}, "title": "Kawasaki ZX 10 R Ninja  '08", "ad_id": "10728415", "ad_data": {"Make/Model": "Kawasaki ZX 10 R Ninja '08", "Classified number": "10728415", "Price": "€7.800", "Category": "Bike - Super Sport", "Registration": "2 / 2008", "Mileage": "30,500 km", "Fuel type": "Gasoline", "Cubic capacity": "1,000 cc", "Power": "200 bhp", "Color": "Black (Metallic)", "Kteo to": "08 / 2019", "Previous owners": "1", "Modified": "4 hours", "Times clicked": "1012", "Short link": "www.car.gr/10728415", "Telephone": "None"}, "ad_seller": {}, "metadata": {"type": "Bikes", "brand": "Kawasaki", "model": "ZX 10 R Ninja"}, "extras": [], "description": "Zx10r 2008 με πρώτη άδεια το 2011,πραγματικά χιλιόμετρα,προσεγμένο και βελτιωμένο σε όλους τους τομείς.Φυλασσόμενο σε κλειστό γκαράζ,είναι αψεγάδιαστο,σε κατάσταση βιτρινας...Ολα τα μαμα πραγματα ειναι διαθέσιμα και τίποτε από τα έξτρα δεν πωλείται ξεχωριστά!Περισσοτερες πληροφοριες απο το τηλ,μονο για γνωστες,οχι ασκοπα τηλεφωνήματα,οχι παζάρια,δεν δέχομαι ανταλλαγή ούτε αποκρυψη...Δεν θέλει ούτε ενα ευρώ,δεκτος καθε ελεγχος!!! - Αναλυτικα: - *1ο Στάδιο - *Ολοσωμη εξατμιση τιτανιου Arrow SBK - *Κοντά χωνια kawasaki - *Φιλτρο αερος Κ&Ν - *Quickshifter HM SUPERLIGHT - *Αναρτησεις -Ελατηρια εμπρος - πισω Ohlins -Revalving σταμπιλιζατερ με γνησιο κιτ απο Ohlins στις 30000km - *Ελαστικα Dunlop D212 200/55/17 Μ (1517) & 120/70/17 S (1017) αλλαγμενα στις 20/07/2017..στη παρενθεση η εβδομαδα των ελαστικων - *Αλυσιδογραναζα αλλαγμενα στις 28000km DID 520 conversion kit με αλυσιδα χρυση DID ZVM X,πισω γραναζι Renthal χρυσο,εμπρος γραναζι ελαφρομενο Afam - *Φρενα αλλαγμενα στις 29000km -Σωληνακια υψηλής εμπρός - πισω HELL -Tρομπα φρενου Brembo RCS 19 -Δοχειο υγρου φρενων Brembo φιμε -Δαγκανες Βrembo M4 Monoblock 108mm -Δισκοι Brembo T-drive 320mm -Τακακια εμπρος Ferodo Sinter Road -Τακακια πισω Brembo Sinter - *Μανετα συμπλεκτη Lightech - *Ταπες καθρεφτων Lightech - *Zελατινα φιμε - *Πισω φαναρι LED φιμε με ενσωματωμενα φλας - *Μονοσελο - *Carbon φτερο πισω - *Μανιταρια - *Προσφατο service στα 30200km(Μπουζί - Πολλαπλασιαστες ολοκαίνουρια)!! - Less - "}