{"query": {"url": "https://www.car.gr/10728484-honda-nc-750-nc-750-x-abs-extra", "type": "CAR_ADDE", "trial_count": 1, "last_processed": 1553094627}, "title": "Honda NC 750 NC 750 X ABS ΜΕ ΠΟΛΛΑ EXTRA '15", "ad_id": "10728484", "ad_data": {"Make/Model": "Honda NC 750 NC 750 X ABS ΜΕ ΠΟΛΛΑ EXTRA '15", "Classified number": "10728484", "Price": "€6.500", "Category": "Bike - On/Off", "Registration": "1 / 2015", "Mileage": "14,000 km", "Fuel type": "Gasoline", "Cubic capacity": "750 cc", "Power": "55 bhp", "Color": "Black (Metallic)", "Liters/100km": "3.8 (Εκτός)/4.2 (Μικτό)", "Modified": "1 day", "Times clicked": "195", "Short link": "www.car.gr/10728484", "Telephone": "None"}, "ad_seller": {"Name": "ΧΡΗΣΤΟΣ", "Address": "ΧΑΛΚΙΔΑP.ΕΥΒΟΙΑΣ"}, "metadata": {"type": "Bikes", "brand": "Honda", "model": "NC 750"}, "extras": ["ABS", "Alarm", "Bars", "Car Exchange", "Cargo Rack", "Cast wheels", "Catalyst", "Centerstand", "Electric starter", "Engine Guards", "Exchange with Moto accepted", "Exhaust Special", "Four-stroke engine", "Gelatin", "Injection", "Lights Xenon", "Remote Control", "Service Book", "Sidestand", "Skid Plate", "Top Box-Μπαγκαζιέρα", "Trip computer"], "description": "Η ΜΗΧΑΝΗ ΕΙΝΑΙ ΣΕ ΑΡΙΣΡΗ ΚΑΤΑΣΤΑΣΗ (δεν εχει πεσει ποτε δοξα το θεο!!!) - ΤΑ ΕΞΤΡΑ ΤΗΣ ΕΙΝΑΙ ΑΞΙΑΣ 3.000+ ευρω. ΔΕΚΤΟΣ ΚΑΘΕ ΕΛΕΓΧΟΣ. ΠΡΩΤΟ ΧΕΡΙ. - ΑΝΤΑΛΛΑΓΗ - ΜΟΝΟ ΜΕ YAMAHA TRACER 900 Ή ΑΥΤΟΚΗΝΙΤΟ 110HP ΚΑΙ ΠΑΝΟ, ΑΠΟ 2015 ΚΑΙ ΜΕΤΑ, + ότι διάφορες υπάρξουν. - EXTRA - 1) ΚΑΓΚΕΛΑ: GIVI - 2) ΜΠΑΓΚΑΖΙΕΡΑ 42λιτ. ΑΛΟΥΜΙΝΙΟΥ: GIVI - 3) ZELATINA: GIVI - 4) ΠΛΑΙΝΟ ΣΤΑΝ: GIVI - 5) ΔΙΠΛΟ ΣΤΑΝ : GIVI - 6)ΧΟΥΦΤΕΣ : SW-MOTECH - 7) ΑΝΤΙΒΑΡΑ : SW-MOTECH - 8) ΡYΘΜΙΖΟΜΕΝΗ ΜΑΝΕΤΑ ΣΥΜΠΛΕΚΤΗ : PUIG - 9) ΡYΘΜΙΖΟΜΕΝΗ ΜΑΝΕΤΑ ΦΡΕΝΟΥ : PUIG - 10) ΑΠΟΣΤΑΤΕΣ ΤΙΜΟΝΙΟΥ : SW-MOTECH - 11) ΕΠΕΚΤΑΣΗ ΜΠΡΟΣΤΙΝΟΥ ΦΤΕΡΟΥ (stick fit) - 12) ΒΑΣΗ TOPCASE : SW-Motech Steel Rack - 13) ΦΤΕΡΟ ΠΙΣΩ ΤΡΟΧΟΥ : PUIG - 14) ΦΩΤΑ XENON - 15) ΠΡΟΒΟΛΑΚΙΑ - 16) ΕΞΑΤΜΙΣΗ : MIVV - 17) ΦΙΛΤΡΟ ΑΕΡΑ :Κ&Ν - 18) ΣΥΝΑΓΕΡΜΟ - 19) ΣΕΛΑ ΤΖΕΛ - Less - "}