{"query": {"url": "https://www.car.gr/10371970-bmw-f-650-gs", "type": "CAR_ADDE", "trial_count": 1, "last_processed": 1553094896}, "title": "Bmw F 650 GS  '98", "ad_id": "10371970", "ad_data": {"Make/Model": "Bmw F 650 GS '98", "Classified number": "10371970", "Price": "€1.000", "Category": "Bike - On/Off", "Registration": "1 / 1998", "Mileage": "90,000 km", "Fuel type": "Gasoline", "Cubic capacity": "650 cc", "Power": "60 bhp", "Color": "Black (Metallic)", "Kteo to": "06 / 2019", "Modified": "2 days", "Times clicked": "10215", "Short link": "www.car.gr/10371970", "Telephone": "+30 6946661912"}, "ad_seller": {"Dealer": "Auto Gallery-GK", "Address": "Κανάρη4", "City": "ΑΡΓΟΣ", "": "+30 6946661912", "Dealer page": "https//autogallerygk.car.gr/"}, "metadata": {"type": "Bikes", "brand": "Bmw", "model": "F 650 GS"}, "extras": [], "description": ""}