{"query": {"url": "https://www.car.gr/10089268-kawasaki-versys-650", "type": "CAR_ADDE", "trial_count": 1, "last_processed": 1553094631}, "title": "Kawasaki Versys 650  '08", "ad_id": "10089268", "ad_data": {"Make/Model": "Kawasaki Versys 650 '08", "Classified number": "10089268", "Price": "€4.000", "Category": "Bike - On/Off", "Registration": "4 / 2008", "Mileage": "16,472 km", "Fuel type": "Gasoline", "Cubic capacity": "650 cc", "Power": "64 bhp", "Color": "Blue (Metallic)", "Kteo to": "05 / 2019", "Modified": "1 day", "Times clicked": "414", "Short link": "www.car.gr/10089268", "Telephone": "None"}, "ad_seller": {}, "metadata": {"type": "Bikes", "brand": "Kawasaki", "model": "Versys 650"}, "extras": ["Alarm", "Cargo Rack", "Cast wheels", "Catalyst", "Electric starter", "Gelatin", "Greek Dealership", "Service Book", "Sidestand", "Top Box-Μπαγκαζιέρα"], "description": "ΠΡΑΓΜΑΤΙΚΑ ΧΙΛΙΟΜΕΤΡΑ, Α' χέρι, φυλασόμενη σε γκαράζ, κατάσταση καινούργιου, ατρακάριστη, λάστιχα με μόνο 4000 km συναγερμό, ανεμοθώρακα kawasaki (διπλό), φτεράκι πίσω τροχού, κουκούλα, πληρωμένα τέλη, δεκτός κάθε έλεγχος, υπάρχουν και τα 2 κλειδιά. Τιμή τελική. Ανταλάσσεται με Jet-Ski Yamaha η Kawasaki μοντέλο απο '08 και μετά, διαφορά μετρητοίς. Ωρες επικοινωνίας 10:00-17:00. - Less - "}