{"query": {"url": "https://www.car.gr/10349195-honda-cb-250-cb250rs", "type": "CAR_ADDE", "trial_count": 1, "last_processed": 1553105338}, "title": "Honda CB 250 CB250RS '81", "ad_id": "10349195", "ad_data": {"Make/Model": "Honda CB 250 CB250RS '81", "Classified number": "10349195", "Price": "€1", "Category": "Bike - Street Bike", "Registration": "1 / 1981", "Mileage": "100,000 km", "Fuel type": "Gasoline", "Cubic capacity": "250 cc", "Power": "26 bhp", "Color": "Blue (Metallic)", "Kteo to": "01 / 2018", "Previous owners": "2", "Modified": "20 days", "Times clicked": "2859", "Short link": "www.car.gr/10349195", "Telephone": "None"}, "ad_seller": {}, "metadata": {"type": "Bikes", "brand": "Honda", "model": "CB 250"}, "extras": [], "description": "ΠΩΛΕΙΤΑΙ HONDA CB250RS ΣΕ ΚΑΛΗ ΚΑΤΑΣΤΑΣΗ ΓΙΑ ΚΥΚΛΟΦΟΡΙΑ ή ΑΝΤΑΛΛΑΚΤΙΚΑ - Less - "}