{"query": {"url": "https://www.car.gr/10349138-moto-guzzi-v7-700", "type": "CAR_ADDE", "trial_count": 1, "last_processed": 1553105295}, "title": "Moto Guzzi  V7 700 '70", "ad_id": "10349138", "ad_data": {"Make/Model": "Moto Guzzi V7 700 '70", "Classified number": "10349138", "Price": "€1", "Category": "Bike - Other", "Registration": "1 / 1970", "Mileage": "10 km", "Fuel type": "Gasoline", "Cubic capacity": "704 cc", "Power": "40 bhp", "Color": "Black", "Liters/100km": "5 (Εντός)/4.5 (Εκτός)/5 (Μικτό)", "Modified": "40 days", "Times clicked": "7393", "Short link": "www.car.gr/10349138", "Telephone": "None"}, "ad_seller": {}, "metadata": {"type": "Bikes", "brand": "Moto Guzzi", "model": "Moto Guzzi  V7 700 '70 - € 1 EUR"}, "extras": ["Antique-Classic"], "description": "Moto Guzzi V7 700. Η πρώτη σειρά V7. Η μοτοσυκλέτα χρειάζεται ανακατασκευή. Υπάρχει λίστα με το τι χρειάζεται να αντικατασταθεί. - Less - "}