{"query": {"url": "https://www.car.gr/10055030-yamaha-yzf-r1-big-bang", "type": "CAR_ADDE", "trial_count": 1, "last_processed": 1553095012}, "title": "Yamaha YZF-R1 Big Bang  '09", "ad_id": "10055030", "ad_data": {"Make/Model": "Yamaha YZF-R1 Big Bang  '09", "Classified number": "10055030", "Price": "€7.800", "Category": "Bike - Super Sport", "Registration": "3 / 2009", "Mileage": "40,000 km", "Fuel type": "Gasoline", "Cubic capacity": "1,000 cc", "Power": "182 bhp", "Color": "Black (Metallic)", "Kteo to": "05 / 2019", "Modified": "2 days", "Times clicked": "4540", "Short link": "www.car.gr/10055030", "Telephone": "None"}, "ad_seller": {}, "metadata": {"type": "Bikes", "brand": "Yamaha", "model": "YZF-R1"}, "extras": [], "description": " Όλα τα service σέ εξουσιοδοτημένο συνεργείο YAMAHA. 1o Χέρι!( Και το βιβλιαράκι συντήρησης πλήρες ενημερωμένο )Εξάτμιση Akrapovic carbon R1,φίλτρο αέρα DNA,Bagster,μονόσελο,ζελατίνα double φιμέ,συναγερμός meta  εφόρου ζωής εγγύηση,xenon 8000k,βάση πινακίδας με ανάκληση. Καινούργια ελαστικά Dunlop GP D212. - Πρόσφατο full service 40.000kmh - Ευχαριστώ! - Less - "}