{"query": {"url": "https://www.car.gr/10371860-piaggio-beverly-250", "type": "CAR_ADDE", "trial_count": 1, "last_processed": 1553104706}, "title": "Piaggio Beverly 250  '06", "ad_id": "10371860", "ad_data": {"Make/Model": "Piaggio Beverly 250 '06", "Classified number": "10371860", "Price": "€1.500", "Category": "Bike - Roller/Scooter", "Registration": "3 / 2006", "Mileage": "50,000 km", "Fuel type": "Gasoline", "Cubic capacity": "250 cc", "Power": "22 bhp", "Color": "Silver", "Modified": "over 2 months", "Times clicked": "2198", "Short link": "www.car.gr/10371860", "Telephone": "+30 2821099405"}, "ad_seller": {"Dealer": "CHANIA MOTORCYCLES", "Address": "ΝΙΚΟΛΑΟΥΠΛΑΣΤΗΡΑ4", "City": "ΧΑΝΙΑ", "": "+30 6980127373", "Fax": "+30 6996312247", "Dealer page": "https//stavroulakis-cars.car.gr/"}, "metadata": {"type": "Bikes", "brand": "Piaggio", "model": "Beverly 250"}, "extras": ["Automatic", "Electric starter", "Exchange with Moto accepted", "Four-stroke engine", "Gelatin", "Top Box-Μπαγκαζιέρα"], "description": "πολυ καλη κατασταση δεκτη και ανταλλαγη - Less - "}