{"query": {"url": "https://www.car.gr/10688241-aprilia-scarabeo-300-300s", "type": "CAR_ADDE", "trial_count": 1, "last_processed": 1553096089}, "title": "Aprilia Scarabeo 300 300s '11", "ad_id": "10688241", "ad_data": {"Make/Model": "Aprilia Scarabeo 300 300s '11", "Classified number": "10688241", "Price": "€2.200", "Category": "Bike - Roller/Scooter", "Registration": "1 / 2011", "Mileage": "33,056 km", "Fuel type": "Gasoline", "Cubic capacity": "287 cc", "Power": "30 bhp", "Color": "Grey (Metallic)", "Kteo to": "11 / 2017", "Modified": "4 days", "Times clicked": "395", "Short link": "www.car.gr/10688241", "Telephone": "None"}, "ad_seller": {}, "metadata": {"type": "Bikes", "brand": "Aprilia", "model": "Scarabeo 300"}, "extras": ["Automatic", "Cast wheels", "Centerstand", "Electric starter", "Exchange with Moto accepted", "Four-stroke engine", "Gelatin", "Led lights", "Lights Xenon", "Service Book", "Sidestand"], "description": "Το μηχανάκι είναι σε πολύ καλή κατάσταση...με αντιολισθητικη σέλα λάμπα τύπου ξενον και χερούλια αλουμινιου καινούργια μπαταρια,αγορασμενη 22/2/19.. δεκτός κάθε έλεγχος ... ανταλλαγή με μεγαλύτερη μοτo..όχι άσκοπα τηλ..δεν σηκώνω απόκρυψεις! - Less - "}