{"query": {"url": "https://www.car.gr/10123354-piaggio-vespa-gts-300", "type": "CAR_ADDE", "trial_count": 1, "last_processed": 1553100255}, "title": "Piaggio Vespa GTS 300  '09", "ad_id": "10123354", "ad_data": {"Make/Model": "Piaggio Vespa GTS 300 '09", "Classified number": "10123354", "Price": "€3.000", "Category": "Bike - Roller/Scooter", "Registration": "1 / 2009", "Mileage": "10,208 km", "Fuel type": "Gasoline", "Cubic capacity": "300 cc", "Power": "25 bhp", "Color": "White", "Kteo to": "03 / 2018", "Modified": "16 days", "Times clicked": "77", "Short link": "www.car.gr/10123354", "Telephone": "None"}, "ad_seller": {}, "metadata": {"type": "Bikes", "brand": "Piaggio", "model": "Vespa GTS 300"}, "extras": [], "description": "Το μηχανάκι είναι όπως το βλέπεται στις φωτογραφίες σαν καινουριο, σε άριστη κατασταση. Και με τα εχτρα που έχει στις φωτογραφίες, όπως το βλεπεται. (Φιλασετε σε γκαράζ) - Less - "}