{"query": {"url": "https://www.car.gr/10027292-honda-varadero", "type": "CAR_ADDE", "trial_count": 1, "last_processed": 1553097697}, "title": "Honda Varadero  '08", "ad_id": "10027292", "ad_data": {"Make/Model": "Honda Varadero '08", "Classified number": "10027292", "Price": "€5.500", "Category": "Bike - On/Off", "Registration": "4 / 2008", "Mileage": "23,450 km", "Fuel type": "Gasoline", "Cubic capacity": "1,000 cc", "Power": "100 bhp", "Color": "Black", "Modified": "9 days", "Times clicked": "725", "Short link": "www.car.gr/10027292", "Telephone": "+30 2310797745"}, "ad_seller": {"Dealer": "JCB", "Address": "9ΧΛΜΘΕΣ/ΚΗΣ-ΑΘΗΝΩΝ", "City": "ΣΙΝΔΟΣ", "": "+30 6944365343", "Fax": "+30 2310797745", "Dealer page": "https//kourtidis-anestis.car.gr/", "Website": "http//www.kourtidisjcbservice.wordpress.com"}, "metadata": {"type": "Bikes", "brand": "Honda", "model": "Varadero"}, "extras": ["Alarm", "Bars", "Catalyst", "Centerstand", "Electric starter", "Engine Guards", "Exchange with Moto accepted", "Exhaust Special", "Four-stroke engine", "Gelatin", "Heated Handguards", "Lights Xenon", "Service Book", "Sidestand", "Skid Plate", "Top Box-Μπαγκαζιέρα"], "description": "Το μηχανακι εχει καινουργια λαστιχα μπρος πισω,πλαγιοστατη και ορθοστατη,βαλιτσα μεγαλη πισω,εχει tank bag(καλλυμα τεποζιτου δερματινο),εξατμισεις,συναγερμο,καγκελα προστατευτικα,και απο προσφατο service..... - Less - "}