{"query": {"url": "https://www.car.gr/10259085-yamaha-t-max-530", "type": "CAR_ADDE", "trial_count": 1, "last_processed": 1553100972}, "title": "Yamaha T-Max 530  '17", "ad_id": "10259085", "ad_data": {"Make/Model": "Yamaha T-Max 530 '17", "Classified number": "10259085", "Price": "€10.000", "Category": "Bike - Roller/Scooter", "Registration": "4 / 2017", "Mileage": "4,300 km", "Fuel type": "Gasoline", "Cubic capacity": "530 cc", "Power": "53 bhp", "Color": "Black", "Modified": "21 days", "Times clicked": "5972", "Short link": "www.car.gr/10259085", "Telephone": "+30 2463027800"}, "ad_seller": {"Dealer": "RACINGMOTORS   ACCESSORIES", "Address": "EΛΕΥΘΕΡΙΑΣ5", "City": "ΠΤΟΛΕΜΑΙΔΑ", "": "+30 2463027800", "Fax": "+30 2463027800", "Dealer page": "https//racingmotors.car.gr/"}, "metadata": {"type": "Bikes", "brand": "Yamaha", "model": "T-Max 530"}, "extras": ["ABS", "Automatic", "Car Exchange", "Four-stroke engine", "Led lights"], "description": ""}