{"query": {"url": "https://www.car.gr/10545920-harley-davidson-road-king-classic", "type": "CAR_ADDE", "trial_count": 1, "last_processed": 1553096189}, "title": "Harley Davidson ROAD KING Classic  '07", "ad_id": "10545920", "ad_data": {"Make/Model": "Harley Davidson ROAD KING Classic '07", "Classified number": "10545920", "Price": "€17.500", "Category": "Bike - Custom", "Registration": "9 / 2007", "Mileage": "16,800 km", "Fuel type": "Gasoline", "Cubic capacity": "1,584 cc", "Power": "3 bhp", "Color": "Black (Metallic)", "Modified": "4 days", "Times clicked": "2926", "Short link": "www.car.gr/10545920", "Telephone": "None"}, "ad_seller": {}, "metadata": {"type": "Bikes", "brand": "Harley Davidson", "model": "ROAD KING Classic"}, "extras": ["Alarm", "Bars", "Cast wheels", "Catalyst", "Electric starter", "Engine Guards", "Four-stroke engine", "Service Book", "Sidestand", "Top Box-Μπαγκαζιέρα"], "description": "SIX SPEED.INJECTION.ΔΕΡΜΑΤΙΝΕΣ ΒΑΛΙΤΣΕΣ. - Less - "}