{"query": {"url": "https://www.car.gr/10087577-husqvarna-te-450-e", "type": "CAR_ADDE", "trial_count": 1, "last_processed": 1553101276}, "title": "Husqvarna TE 450 E  '04", "ad_id": "10087577", "ad_data": {"Make/Model": "Husqvarna TE 450 E '04", "Classified number": "10087577", "Price": "€2.500", "Category": "Bike - Εnduro", "Registration": "2 / 2004", "Mileage": "8,000 km", "Fuel type": "Gasoline", "Cubic capacity": "450 cc", "Power": "52 bhp", "Color": "Blue", "Modified": "22 days", "Times clicked": "3997", "Short link": "www.car.gr/10087577", "Telephone": "None"}, "ad_seller": {}, "metadata": {"type": "Bikes", "brand": "Husqvarna", "model": "TE 450 E"}, "extras": [], "description": "ΣΕ ΑΡΙΣΤΗ ΚΑΤΑΣΤΑΣΗ-MIZATO.ΔΕΝ ΕΧΕΙ ΑΝΟΙΧΤΕΙ ΠΟΤΕ.ΟΛΟ ΓΝΗΣΙΟ.ΒΟΛΤΕΣ ΜΟΝΟ.ΠΡΩΤΟ ΧΕΡΙ.ΑΓΟΡΑΣΜΕΝΟ ΑΠΟ ΕΛΛΙΝΜΟΤΟ ME ΤΙΜΟΛΟΓΙΟ.ΔΕΚΤΟΣ ΟΠΟΙΟΣΔΗΠΟΤΕ ΕΛΕΝΧΟΣ.ΑΛΛΑΓΗ ΛΑΔΙΩΝ ΚΑΘΕ 500ΧΛΜ.ΔΕΝ ΘΕΛΕΙ ΕΥΡΩ.ΛΑΣΤΙΧΑ ΑΛΛΑΓΜΕΝΑ.ΕΤΟΙΜΟ ΓΙΑ ΒΟΥΝΟ.ΠΟΤΕ ΣΕ ΑΓΩΝΕΣ.ΔΕΝ ΕΧΕΙ ΖΟΡΙΣΤΕΙ ΚΑΘΟΛΟΥ. - Less - "}