{"query": {"url": "https://www.car.gr/10254176-kymco-agility-125", "type": "CAR_ADDE", "trial_count": 1, "last_processed": 1553102492}, "title": "Kymco Agility 125  '07", "ad_id": "10254176", "ad_data": {"Make/Model": "Kymco Agility 125 '07", "Classified number": "10254176", "Price": "€700", "Category": "Bike - Roller/Scooter", "Registration": "7 / 2007", "Mileage": "53,000 km", "Fuel type": "Gasoline", "Cubic capacity": "125 cc", "Power": "10 bhp", "Color": "Black", "Kteo to": "07 / 2020", "Modified": "31 days", "Times clicked": "154", "Short link": "www.car.gr/10254176", "Telephone": "None"}, "ad_seller": {}, "metadata": {"type": "Bikes", "brand": "Kymco", "model": "Agility 125"}, "extras": ["Automatic", "Cargo Rack", "Centerstand", "Four-stroke engine", "Gelatin", "Sidestand"], "description": "Προσεγμένο...φρενα μπαταρια λάστιχα ιμάντας. Καινουρια αλλαγη λαδιών κάθε 1000χιλ συνθετικά.βαλβολινες κάθε 2500. - Less - "}