{"query": {"url": "https://www.car.gr/10248796-kymco-dink-200", "type": "CAR_ADDE", "trial_count": 1, "last_processed": 1553097894}, "title": "Kymco Dink 200  '03", "ad_id": "10248796", "ad_data": {"Make/Model": "Kymco Dink 200 '03", "Classified number": "10248796", "Price": "€800", "Category": "Bike - Roller/Scooter", "Registration": "9 / 2003", "Mileage": "40,000 km", "Fuel type": "Gasoline", "Cubic capacity": "200 cc", "Power": "19 bhp", "Color": "Silver", "Modified": "9 days", "Times clicked": "2157", "Short link": "www.car.gr/10248796", "Telephone": "+30 2821099405"}, "ad_seller": {"Dealer": "CHANIA MOTORCYCLES", "Address": "ΝΙΚΟΛΑΟΥΠΛΑΣΤΗΡΑ4", "City": "ΧΑΝΙΑ", "": "+30 6980127373", "Fax": "+30 6996312247", "Dealer page": "https//stavroulakis-cars.car.gr/"}, "metadata": {"type": "Bikes", "brand": "Kymco", "model": "Dink 200"}, "extras": ["Automatic", "Electric starter", "Exchange with Moto accepted", "Four-stroke engine"], "description": "πολυ καλη κατασταση πρωτο χερι - Less - "}