{"query": {"url": "https://www.car.gr/10412888-suzuki-dl-650-v-strom-abs", "type": "CAR_ADDE", "trial_count": 8, "last_processed": 1553092809}, "title": "Suzuki DL 650 V-STROM ABS '07", "ad_id": "10412888", "ad_data": {"Make/Model": "Suzuki DL 650 V-STROM ABS '07", "Classified number": "10412888", "Price": "€3.950", "Category": "Bike - On/Off", "Registration": "6 / 2007", "Mileage": "79,000 km", "Fuel type": "Gasoline", "Cubic capacity": "650 cc", "Power": "75 bhp", "Color": "Black", "Kteo to": "03 / 2019", "Modified": "4 hours", "Times clicked": "310", "Short link": "www.car.gr/10412888", "Telephone": "None"}, "ad_seller": {"Name": "Οικονομου", "Address": "ΙΩΑΝΝΙΝΑP.ΙΩΑΝΝΙΝΩΝ"}, "metadata": {"type": "Bikes", "brand": "Suzuki", "model": "DL 650 V-STROM"}, "extras": ["ABS", "Electric starter", "Engine Guards", "Four-stroke engine", "Led lights", "Sidestand", "Top Box-Μπαγκαζιέρα"], "description": "Η μηχανή είναι ατρακαριστη και βρίσκεται σε άριστη κατάσταση χωρίς κανένα πρόβλημα, μολις έγινε γενικό service στα 78000χλμ.Service κάθε 6000χλμ δεκτός κάθε έλεγχος, extra κάγκελα, χούφτες,bagster,μπαγκαζιερα.Πληρωμενα τέλη κυκλοφορίας του 2019. - Less - "}