{"query": {"url": "https://www.car.gr/10183880-sym-maxsym-400i", "type": "CAR_ADDE", "trial_count": 2, "last_processed": 1553093256}, "title": "Sym Maxsym 400i  '12", "ad_id": "10183880", "ad_data": {"Make/Model": "Sym Maxsym 400i '12", "Classified number": "10183880", "Price": "€3.750", "Category": "Bike - Roller/Scooter", "Registration": "8 / 2012", "Mileage": "32,000 km", "Fuel type": "Gasoline", "Cubic capacity": "400 cc", "Power": "33 bhp", "Color": "Black (Metallic)", "Modified": "3 hours", "Times clicked": "992", "Short link": "www.car.gr/10183880", "Telephone": "+30 2241026360"}, "ad_seller": {"Dealer": "MOTOMIKE - Κέντρο Δικύκλου", "Address": "2οχλμ.Ρόδου-Λίνδου", "City": "ΡΟΔΟΣ", "": "+30 2241038745", "Fax": "+30 2241029331", "Dealer page": "https//motomike.car.gr/", "Website": "http//www.motomike.gr", "Open hours": "Δευτέρα έως Παρασκευή 800 έως 2100 \nΣαββάτο 900 έως 1600"}, "metadata": {"type": "Bikes", "brand": "Sym", "model": "Maxsym 400i"}, "extras": ["Automatic", "Centerstand", "Credit card-Visa accepted", "Electric starter", "Exchange with Moto accepted", "Four-stroke engine", "Gelatin", "Service Book", "Sidestand"], "description": ""}