{"query": {"url": "https://www.car.gr/10233463-gas-gas-txt-280-pro-trial", "type": "CAR_ADDE", "trial_count": 1, "last_processed": 1553102005}, "title": "Gas-Gas  TXT 280 PRO TRIAL '04", "ad_id": "10233463", "ad_data": {"Make/Model": "Gas-Gas TXT 280 PRO TRIAL '04", "Classified number": "10233463", "Price": "€1.500", "Category": "Bike - Other", "Registration": "6 / 2004", "Mileage": "2,000 km", "Fuel type": "Gasoline", "Cubic capacity": "280 cc", "Power": "30 bhp", "Color": "Other", "Modified": "27 days", "Times clicked": "279", "Short link": "www.car.gr/10233463", "Telephone": "None"}, "ad_seller": {}, "metadata": {"type": "Bikes", "brand": "Gas-Gas", "model": "Gas-Gas  TXT 280 PRO TRIAL '04 - € 1.500 EUR (Negotiable)"}, "extras": ["Exchange with Moto accepted", "Two-stroke"], "description": "ΠΑΝΤΑ ΣΕ ΓΚΑΡΑΖ . ΕΡΑΣΙΤΕΧΝΙΚΉ ΧΡΗΣΗ . ΣΕ ΑΡΙΣΤΗ ΚΑΤΑΣΤΑΣΗ . ΛΕΠΤΟΜΕΡΙΕΣ ΣΤΟ ΤΗΛ. - Less - "}