{"query": {"url": "https://www.car.gr/10111075-honda-sh-300i", "type": "CAR_ADDE", "trial_count": 1, "last_processed": 1553103314}, "title": "Honda SH 300i  '10", "ad_id": "10111075", "ad_data": {"Make/Model": "Honda SH 300i '10", "Classified number": "10111075", "Price": "€2.100", "Category": "Bike - Roller/Scooter", "Registration": "1 / 2010", "Mileage": "79,000 km", "Fuel type": "Gasoline", "Cubic capacity": "300 cc", "Power": "6 bhp", "Color": "Dark Green (Metallic)", "Kteo to": "04 / 2020", "Liters/100km": "3.7 (Εντός)/3.5 (Εκτός)/3.6 (Μικτό)", "Modified": "38 days", "Times clicked": "413", "Short link": "www.car.gr/10111075", "Telephone": "None"}, "ad_seller": {"Name": "IliasK.", "Address": "ΠΕΡΙΣΤΕΡΙP.ΑΤΤΙΚΗΣ"}, "metadata": {"type": "Bikes", "brand": "Honda", "model": "SH 300i"}, "extras": ["ABS", "Alarm", "Automatic", "Centerstand", "Electric starter", "Exchange with Moto accepted", "Four-stroke engine", "Injection", "Led lights", "Remote Control", "Service Book", "Sidestand", "Top Box-Μπαγκαζιέρα"], "description": "Χοντα sh300i,2010,ελαφρως χρησιμοποιημενο,2000€, εχει αλλάξει τακάκια μπίλιες ιμάντα και σιαγονες πριν 500 χιλιόμετρα - Less - "}