{"query": {"url": "https://www.car.gr/10313880-suzuki", "type": "CAR_ADDE", "trial_count": 1, "last_processed": 1553094659}, "title": "Suzuki   '00", "ad_id": "10313880", "ad_data": {"Make/Model": "Suzuki '00", "Classified number": "10313880", "Price": "€1.800", "Category": "Bike - Street Bike", "Registration": "2 / 2000", "Mileage": "65,000 km", "Fuel type": "Gasoline", "Cubic capacity": "600 cc", "Power": "97 bhp", "Color": "Blue (Metallic)", "Kteo to": "03 / 2019", "Modified": "1 day", "Times clicked": "24", "Short link": "www.car.gr/10313880", "Telephone": "None"}, "ad_seller": {}, "metadata": {"type": "Bikes", "brand": "Suzuki", "model": "Suzuki   '00 - € 1.800 EUR (Negotiable)"}, "extras": ["Cast wheels", "Centerstand", "Electric starter", "Four-stroke engine", "Gelatin", "Sidestand", "Skid Plate"], "description": "Η μηχανή είναι σε πάρα πυ καλή κατάσταση δεν θελει ουτε ενα ευρω ειναι οπως τν βλεπετε στις φωτογραφιες.Ετοιμη για αποδρασεις και για μεγαλα ταξιδια. Φυλάσεται σε στεγασμενο χωρο.Το χρωμα ειναι της μανας του.η εξάτμιση ειναι της μάνας του αθόρυβη.ελαστικα καινουρια και απο σερβις ολα στην ωρα τους και κανονικα. πολυ οικονομικο και πολυ καλη συμπεριφορα στον δρομο. Τα τελη κυκλοφορειας του 2019 πληρωμενα .τα πολλα λογια ειναι φτωχεια ειναι οπως την βλεπετε στις φωτογραφίες. Δεκτός κάθε έλεγχος Περασμένο από ΚΤΕΟ έως το 2021 - Less - "}