{"query": {"url": "https://www.car.gr/10110187-honda-cbr-1100-xx-super-blackbird", "type": "CAR_ADDE", "trial_count": 1, "last_processed": 1553097568}, "title": "Honda CBR 1100 XX Super Blackbird  '00", "ad_id": "10110187", "ad_data": {"Make/Model": "Honda CBR 1100 XX Super Blackbird '00", "Classified number": "10110187", "Price": "€2.800", "Category": "Bike - Sport Touring", "Registration": "6 / 2000", "Mileage": "90,000 km", "Fuel type": "Gasoline", "Cubic capacity": "1,100 cc", "Power": "150 bhp", "Color": "Black (Metallic)", "Kteo to": "04 / 2019", "Previous owners": "1", "Modified": "8 days", "Times clicked": "616", "Short link": "www.car.gr/10110187", "Telephone": "None"}, "ad_seller": {}, "metadata": {"type": "Bikes", "brand": "Honda", "model": "CBR 1100 XX Super Blackbird"}, "extras": ["ABS", "Alarm", "Catalyst", "Centerstand", "Electric starter", "Exchange with Moto accepted", "Four-stroke engine", "Gelatin", "Injection", "Sidestand", "Top Box-Μπαγκαζιέρα"], "description": "Αψογη κατάσταση, ατρακάριστη . - ΑΝΤΑΛΑΓΗ ΜΕ YAMAHA FAZER600 ,XT660XTR ,XT660XTX . - Less - "}