{"query": {"url": "https://www.car.gr/10352016-bmw-r-1200-gs-adventure", "type": "CAR_ADDE", "trial_count": 1, "last_processed": 1553093347}, "title": "Bmw R 1200 GS Adventure  '15", "ad_id": "10352016", "ad_data": {"Make/Model": "Bmw R 1200 GS Adventure '15", "Classified number": "10352016", "Price": "€18.300", "Category": "Bike - On/Off", "Registration": "5 / 2015", "Mileage": "32,000 km", "Fuel type": "Gasoline", "Cubic capacity": "1,200 cc", "Power": "125 bhp", "Color": "White", "Previous owners": "1", "Modified": "6 hours", "Times clicked": "6225", "Short link": "www.car.gr/10352016", "Telephone": "+30 2102130777"}, "ad_seller": {"Dealer": "miles cars", "Address": "Πρωτοπαπαδάκη15(ηπροέκτασητηςΛ.ΓαλατσίουπροςΨυχικό", "City": "ΓΑΛΑΤΣΙ", "": "+30 2102130830", "Fax": "+30 2118008052", "Dealer page": "https//milescars.car.gr/", "Website": "http//www.milescars.gr", "Open hours": "Δευτέρα εως Παρασκευή 1015 - 2000 κ\nΣαββάτο 1015 - 1430"}, "metadata": {"type": "Bikes", "brand": "Bmw", "model": "R 1200 GS Adventure"}, "extras": ["ABS", "Car Exchange", "Centerstand", "Credit card-Visa accepted", "Engine Guards", "Gelatin", "Heated Handguards", "Led lights", "Service Book", "Sidestand", "Spoke wheels", "TCS-TractionControl", "Top Box-Μπαγκαζιέρα", "Trip computer"], "description": "και τα 3 πακέτα εξοπλισμού - shift assistant - Keylles Ride - γνήσιο navigation BMW - πλαινές βαλίτσες BMW - topcase BMW - εργαλειοθήκη Touratech - έξτρα σέλα οδηγού χαμηλού ύψους - καινούρια λάστιχα - Less - "}