{"query": {"url": "https://www.car.gr/10540551-razor-125", "type": "CAR_ADDE", "trial_count": 1, "last_processed": 1553101554}, "title": "Αλλο  Razor 125 '08", "ad_id": "10540551", "ad_data": {"Make/Model": "Αλλο Razor 125 '08", "Classified number": "10540551", "Price": "€950", "Category": "Bike - Roller/Scooter", "Registration": "12 / 2008", "Fuel type": "Gasoline", "Cubic capacity": "125 cc", "Power": "10 bhp", "Color": "Blue (Metallic)", "Modified": "24 days", "Times clicked": "666", "Short link": "www.car.gr/10540551", "Telephone": "+30 2541023575"}, "ad_seller": {"Dealer": "ΜΟΤΟ ΤΑΜΙΑΣ", "Address": "ΒΟΥΛΓΑΡΟΚΤΟΝΟΥ20", "City": "ΞΑΝΘΗ", "": "+30 2541023575", "Dealer page": "https//moto-tamias.car.gr/", "Website": "http//www.mototamias.gr"}, "metadata": {"type": "Bikes", "brand": "Αλλο", "model": "Αλλο  Razor 125 '08 - € 950 EUR"}, "extras": ["Automatic", "Cast wheels", "Centerstand", "Credit card-Visa accepted", "Electric starter", "Exchange with Moto accepted", "Four-stroke engine", "Kick-Starter", "Sidestand"], "description": "Καινούριο Roller-Scooter μάρκας Kenos Razor 125 stock - Less - "}