{"query": {"url": "https://www.car.gr/10242824-sym-maxsym-400i-maxsym-400i-abs", "type": "CAR_ADDE", "trial_count": 1, "last_processed": 1553096300}, "title": "Sym Maxsym 400i MAXSYM 400I ABS '15", "ad_id": "10242824", "ad_data": {"Make/Model": "Sym Maxsym 400i MAXSYM 400I ABS '15", "Classified number": "10242824", "Price": "€3.899", "Category": "Bike - Roller/Scooter", "Registration": "4 / 2015", "Mileage": "28,000 km", "Fuel type": "Gasoline", "Cubic capacity": "400 cc", "Power": "35 bhp", "Color": "Black (Metallic)", "Kteo to": "06 / 2019", "Previous owners": "1", "Modified": "5 days", "Times clicked": "3010", "Short link": "www.car.gr/10242824", "Telephone": "+30 2651091531"}, "ad_seller": {"Dealer": "IOANNINA CARS", "Address": "6χλμ.Ιωαννινων-Αθηνων(διπλαστοβενζιναδικοΕΚΟ)", "City": "ΙΩΑΝΝΙΝΑ", "": "+30 6984968680", "Dealer page": "https//ioanninacars.car.gr/", "Open hours": "ΔΕΥΤΕΡΑ ΕΩΣ ΣΑΒΒΑΤΟ  0900 - 2000"}, "metadata": {"type": "Bikes", "brand": "Sym", "model": "Maxsym 400i"}, "extras": ["ABS", "Automatic", "Car Exchange", "Catalyst", "Centerstand", "Credit card-Visa accepted", "Four-stroke engine", "Gelatin", "Led lights", "Service Book", "Sidestand", "Spoke wheels", "TCS-TractionControl", "Trip computer"], "description": "SYM MAXSYM 400I ABS 2015 - ΑΤΡΑΚΑΡΙΣΤΟ ΑΠΟ ΙΔΙΩΤΗ - ΣΕ ΑΡΙΣΤΗ ΚΑΤΑΣΤΑΣΗ - ΚΑΙΝΟΥΡΙΑ ΕΛΑΣΤΙΚΑ - ΟΙΚΟΝΟΜΙΚΟΤΑΤΟ - ΠΙΣΤΩΤΙΚΕΣ ΔΕΚΤΕΣ - ΜΕΤΑΦΟΡΑ ΣΕ ΤΡΑΠΕΖΑ ΔΕΚΤΗ - Εξοπλισμός – Τεχνικά χαρακτηριστικά - Ρυθμιζόμενος ανεμοθώρακας 2 θέσεων - Ρυθμιζόμενη πλάτη οδηγού - Αυτόματο άνοιγμα σέλας - Πλάτη συνοδηγού - Γρίλιες στην εσωτερική ποδιά που κατευθύνουν το θερμό αέρα στα πόδια του αναβάτη - Διπλοί εμπρόσθιοι προβολείς - Αισθητήρας φώτων με αυτόματη ενεργοποίηση - Εμπρόσθιος και οπίσθιος φανός τεχνολογίας LED - Διακόπτης ALARM - Στροφόμετρο - Μαγνητικός διακόπτης ασφαλείας κλειδαριάς - Αντικλεπτικός διακόπτης ασφαλείας κάτω από τη σέλα - Άνοιγμα σέλας με υδραυλικό μηχανισμό - Μεγάλοι και έξυπνοι αποθηκευτικοί χώροι - Εσωτερικός φωτισμός χώρου αποσκευών - 12V παροχή ρεύματος και θύρα USB για φόρτιση συσκευών - Ρεζερβουάρ 15 λίτρων - Κεντρικό/πλαϊνό σταντ με διακόπτη λειτουργίας - Χειρόφρενο - Τεχνολογική υπεροχή - Τετραβάλβιδο - Υγρόψυκτο - Iσχύς 34.5hp - Ηλεκτρονικός ψεκασμός EFI μάρκας KEIHIN - 2 χρόνια εγγύηση (απεριόριστα χλμ.) - Μέγιστη ασφάλεια - Τροχοί 15\" ο εμπρόσθιος και 14\" ο οπίσθιος - Εμπρός διπλό δισκόφρενο με ακτινωτές 4πίστονες δαγκάνες / Πίσω δισκόφρενο - Εξελιγμένο σύστημα πέδησης ABS 4ης γενιάς - Διπλά ρυθμιζόμενα αμορτισέρ - Σταθερό άκαμπτο πλαίσιο - Less - "}