{"query": {"url": "https://www.car.gr/10242873-aprilia-scarabeo-100-4t", "type": "CAR_ADDE", "trial_count": 1, "last_processed": 1553097185}, "title": "Aprilia Scarabeo 100 4T  '08", "ad_id": "10242873", "ad_data": {"Make/Model": "Aprilia Scarabeo 100 4T '08", "Classified number": "10242873", "Price": "€1.099", "Category": "Bike - Roller/Scooter", "Registration": "2 / 2008", "Mileage": "2,450 km", "Fuel type": "Gasoline", "Cubic capacity": "100 cc", "Power": "10 bhp", "Color": "Black (Metallic)", "Kteo to": "06 / 2019", "Previous owners": "1", "Modified": "8 days", "Times clicked": "2627", "Short link": "www.car.gr/10242873", "Telephone": "+30 2651091531"}, "ad_seller": {"Dealer": "IOANNINA CARS", "Address": "6χλμ.Ιωαννινων-Αθηνων(διπλαστοβενζιναδικοΕΚΟ)", "City": "ΙΩΑΝΝΙΝΑ", "": "+30 6984968680", "Dealer page": "https//ioanninacars.car.gr/", "Open hours": "ΔΕΥΤΕΡΑ ΕΩΣ ΣΑΒΒΑΤΟ  0900 - 2000"}, "metadata": {"type": "Bikes", "brand": "Aprilia", "model": "Scarabeo 100 4T"}, "extras": ["Automatic", "Centerstand", "Credit card-Visa accepted", "Electric starter", "Four-stroke engine", "Kick-Starter", "Sidestand", "Spoke wheels", "Top Box-Μπαγκαζιέρα", "Trip computer"], "description": "APRILLIA SCARABEO 100 4T - ΑΤΡΑΚΑΡΙΣΤΟ ΑΠΟ ΙΔΙΩΤΗ - ΣΕ ΑΡΙΣΤΗ ΚΑΤΑΣΤΑΣΗ ΣΑΝ ΚΑΙΝΟΥΡΙΟ - ΠΡΑΓΜΑΤΙΚΑ ΧΛΜ. - ΚΑΙΝΟΥΡΙΑ ΕΛΑΣΤΙΚΑ - ΠΙΣΤΩΤΙΚΕΣ ΚΑΡΤΕΣ ΔΕΚΤΕΣ - ΜΕΤΑΦΟΡΑ ΣΕ ΤΡΑΠΕΖΑ ΔΕΚΤΗ - • Ετοιμοπαράδοτο… - • Κινητήρας PIAGGIO αυτόματος τετράχρονος. - • Ζάντες αλουμινίου μεγάλοι τροχοί 16’’εμπρός και πίσω. - • Βαλίτσα αποσπώμενη Falcon 28 L. - • Ντουλαπάκι εμπρός ποδιάς κλειστός χώρος με κλειδαριά ασφαλείας. - • Δισκόφρενα εμπρός. - • Ημερ. 1ης διεθνής αδείας 2007 - • Χιλιόμετρα 2.450 - • Βιβλίο Service. - • Δεκτό Test Drive. - • Δεκτός κάθε τεχνικός έλεγχος. - • Προσεγμένο και διατηρημένο σωστά. - Less - "}