{"query": {"url": "https://www.car.gr/10024934-kymco-downtown-300-abs", "type": "CAR_ADDE", "trial_count": 1, "last_processed": 1553097276}, "title": "Kymco  Downtown 300 ABS '10", "ad_id": "10024934", "ad_data": {"Make/Model": "Kymco Downtown 300 ABS '10", "Classified number": "10024934", "Price": "€2.200", "Category": "Bike - Roller/Scooter", "Registration": "11 / 2010", "Mileage": "38,000 km", "Fuel type": "Gasoline", "Cubic capacity": "300 cc", "Power": "32 bhp", "Color": "Black (Metallic)", "Kteo to": "12 / 2019", "Liters/100km": "4 (Εντός)/3 (Εκτός)", "Modified": "8 days", "Times clicked": "240", "Short link": "www.car.gr/10024934", "Telephone": "None"}, "ad_seller": {"Name": "ΓιώργοςΔ.", "Address": "ΓΕΝΝΑΔΙP.ΔΩΔΕΚΑΝΗΣΟΥ"}, "metadata": {"type": "Bikes", "brand": "Kymco", "model": "Kymco  Downtown 300 ABS '10 - € 2.200 EUR"}, "extras": ["ABS", "Alarm", "Automatic", "Four-stroke engine", "Gelatin", "Led lights", "Lights Xenon", "Remote Control", "Service Book", "Sidestand"], "description": "Πωλειται downtown 300 σε αριστη κατασταση, αριστα συντηρημένο με service στην ωρα του. - Ο ιμαντας του αλλάχτηκε πριν λίγους μήνες με τον αυθεντικο μεγάλης διάρκειας ακίας 170€ και εχει 20000 χλμ ακομα. - Φοραει φωτα xenon - χειροποιητο ανορθωτη σε ηλεκτρολογο αξιας 120€ - Συναγερμό Patrol. - Πέρσυ αλλάχτηκε η μπαταρία με bosch (70€). - 25/Ιουλίου /18 Έγινε το προβλεπόμενο σέρβις. - Μαζι θα δοθεί και το δεύτερο κλειδι αχρησιμοποιητο. - Είναι το μοντέλο με abs και λειτουργεί άψογα. - 25/7/17 Αλλαχτηκαν λάστιχα μπηκαν Dunlop Scootsmart αξιας 135€ - 26/7/17 Αλλαχτηκαν τακάκια μπρος-πίσω με Newfren μεταλλικά (απτα καλυτερα που μπαινουν στο downtown) - Πολύ οικονομικό, με ενα ντεπόζιτο κάνει 350χλμ σε πορείες. - Εχει σωληνάκια υψηλής, μεγάλο αποθηκευτικό χωρο για 2 κράνη. - Πρόσφατα αλλάχτηκαν και τα grips με τα μανίσια, δίνω μαζί και αυτά που φορούσε πάνω σε άριστη κατάσταση. - Πέρασε και κτεο στην ωρα του. - Less - "}