{"query": {"url": "https://www.car.gr/10250494-piaggio-x-10-elegance", "type": "CAR_ADDE", "trial_count": 1, "last_processed": 1553095038}, "title": "Piaggio X 10  Elegance  '13", "ad_id": "10250494", "ad_data": {"Make/Model": "Piaggio X 10  Elegance  '13", "Classified number": "10250494", "Price": "€4.500", "Category": "Bike - Roller/Scooter", "Registration": "4 / 2013", "Mileage": "22,000 km", "Fuel type": "Gasoline", "Cubic capacity": "350 cc", "Power": "35 bhp", "Color": "Silver (Metallic)", "Kteo to": "04 / 2019", "Modified": "2 days", "Times clicked": "234", "Short link": "www.car.gr/10250494", "Telephone": "None"}, "ad_seller": {}, "metadata": {"type": "Bikes", "brand": "Piaggio", "model": "X 10"}, "extras": ["Alarm", "Automatic", "Car Exchange", "Centerstand", "Electric starter", "Four-stroke engine", "Gelatin", "Led lights", "Lights Xenon", "Service Book", "Sidestand", "Trip computer"], "description": "Η μηχανή είναι σε κατάσταση βιτρίνας. Χωρίς χτυπήματα,γρατσουνιές ή φθορές από ήλιο και βροχή. - Φυλάσσεται πάντα σε κλειστό πάρκινγκ. - Συναγερμό Piaggio. - Xenon φώτα Piaggio. - Ελαστικά Michelen city grip άριστα. - Μπαταρία ενός έτους. - Book service πλήρως ενημερωμένο στη Piaggio.Όλα κάθε 5000χλμ και όχι κάθε 10000 που ορίζει ο κατασκευαστής. - Δεκτός έλεγχος σε δικό σας συνεργείο. - Δεκτή και ανταλλαγή με vw up,fiat 500,smart 451. - Για περισσότερες πληροφορίες στο τηλ. - Less - "}