{"query": {"url": "https://www.car.gr/10447814-honda-cbf-1000", "type": "CAR_ADDE", "trial_count": 1, "last_processed": 1553104790}, "title": "Honda CBF 1000  '07", "ad_id": "10447814", "ad_data": {"Make/Model": "Honda CBF 1000 '07", "Classified number": "10447814", "Price": "€2.800", "Category": "Bike - Sport Touring", "Registration": "7 / 2007", "Mileage": "109,263 km", "Fuel type": "Gasoline", "Cubic capacity": "1,000 cc", "Power": "100 bhp", "Color": "Black (Metallic)", "Modified": "over 2 months", "Times clicked": "6688", "Short link": "www.car.gr/10447814", "Telephone": "+30 2102020208"}, "ad_seller": {"Dealer": "ΔΙΤΡΟΧΟ", "Address": "Λ.ΙΩΝΙΑΣ216", "City": "ΑΘΗΝΑ", "": "+30 2102020208", "Fax": "+30 2102012242", "Dealer page": "https//ditroxo.car.gr/"}, "metadata": {"type": "Bikes", "brand": "Honda", "model": "CBF 1000"}, "extras": [], "description": ""}