{"query": {"url": "https://www.car.gr/10286454-yamaha-wr-450f-wr450f", "type": "CAR_ADDE", "trial_count": 1, "last_processed": 1553100558}, "title": "Yamaha WR 450F WR450F '05", "ad_id": "10286454", "ad_data": {"Make/Model": "Yamaha WR 450F WR450F '05", "Classified number": "10286454", "Price": "€2.700", "Category": "Bike - Εnduro", "Registration": "3 / 2005", "Mileage": "5,000 km", "Fuel type": "Gasoline", "Cubic capacity": "450 cc", "Power": "55 bhp", "Color": "Blue", "Kteo to": "08 / 2017", "Liters/100km": "5 (Εντός)/5 (Εκτός)/5 (Μικτό)", "Modified": "18 days", "Times clicked": "225", "Short link": "www.car.gr/10286454", "Telephone": "None"}, "ad_seller": {}, "metadata": {"type": "Bikes", "brand": "Yamaha", "model": "WR 450F"}, "extras": ["Electric starter", "Exhaust Special", "Four-stroke engine", "Kick-Starter"], "description": "πωλείται YAMAHA WR450F σε πολύ καλή κατάσταση. έχω την Γερμανική άδεια αλλά δεν έκανα τον εκτελωνισμό. υπάρχει και ένα σετ πλαστικά καινούργια και η μαμά εξάτμιση. δεκτός κάθε έλεγχος. - Less - "}