{"query": {"url": "https://www.car.gr/10725589-polaris", "type": "CAR_ADDE", "trial_count": 1, "last_processed": 1553100086}, "title": "Polaris   '97", "ad_id": "10725589", "ad_data": {"Make/Model": "Polaris '97", "Classified number": "10725589", "Price": "€3.000", "Category": "Bike - Four Wheel-ATV", "Registration": "1 / 1997", "Mileage": "1 km", "Fuel type": "Gasoline", "Cubic capacity": "400 cc", "Power": "38 bhp", "Color": "Red", "Modified": "16 days", "Times clicked": "1653", "Short link": "www.car.gr/10725589", "Telephone": "None"}, "ad_seller": {}, "metadata": {"type": "Bikes", "brand": "Polaris", "model": "Polaris   '97 - € 3.000 EUR (Negotiable)"}, "extras": ["4Χ4", "Automatic", "Electric starter", "Rear", "Two-stroke"], "description": "Atv polaris 4x4 ηλεκτρονικό ,400cc δίχρονη , κοτσαδορος,βαλιτσάκι shad . - Less - "}