{"query": {"url": "https://www.car.gr/10148565-honda-cbr-954rr-fireblade", "type": "CAR_ADDE", "trial_count": 1, "last_processed": 1553100356}, "title": "Honda CBR 954RR Fireblade  '05", "ad_id": "10148565", "ad_data": {"Make/Model": "Honda CBR 954RR Fireblade '05", "Classified number": "10148565", "Price": "€4.000", "Category": "Bike - Cafe Racer", "Registration": "1 / 2005", "Mileage": "37,000 km", "Fuel type": "Gasoline", "Cubic capacity": "954 cc", "Power": "160 bhp", "Color": "Yellow", "Modified": "17 days", "Times clicked": "3912", "Short link": "www.car.gr/10148565", "Telephone": "None"}, "ad_seller": {}, "metadata": {"type": "Bikes", "brand": "Honda", "model": "CBR 954RR Fireblade"}, "extras": [], "description": "Εξάτμιση Akrapovich carbon τιμόνι custom όρθιο. - 38000 χιλιόμετρα αληθινά. Δεκτός οποιαδήποτε ελενχος. - Less - "}