{"query": {"url": "https://www.car.gr/10148587-honda-xrv-750-africa-twin", "type": "CAR_ADDE", "trial_count": 10, "last_processed": 1553093120}, "title": "Honda XRV 750 Africa TWIN  '98", "ad_id": "10148587", "ad_data": {"Make/Model": "Honda XRV 750 Africa TWIN '98", "Classified number": "10148587", "Price": "€2.500", "Category": "Bike - On/Off", "Registration": "11 / 1998", "Mileage": "65,000 km", "Fuel type": "Gasoline", "Cubic capacity": "750 cc", "Power": "53 bhp", "Color": "Black", "Kteo to": "12 / 2017", "Liters/100km": "5.5 (Εντός)", "Modified": "5 hours", "Times clicked": "359", "Short link": "www.car.gr/10148587", "Telephone": "None"}, "ad_seller": {"Name": "ΠΑΝΑΓΙΩΤΗΣ", "Address": "ΝΙΚΑΙΑP.ΑΤΤΙΚΗΣ"}, "metadata": {"type": "Bikes", "brand": "Honda", "model": "XRV 750 Africa TWIN"}, "extras": ["Alarm", "Bars", "Engine Guards", "Exhaust Special", "Greek Dealership"], "description": "ΕΙΝΑΙ ΕΛΛΗΝΙΚΗΣ ΑΝΤΙΠΡΟΣΩΠΕΙΑΣ ΜΕΣΩ ΣΑΡΑΚΑΚΗ,ΕΧΕΙ ΤΣΕΚΑΡΙΣΤΕΙ!!!!!(ΓΙΑ ΑΥΤΟΥΣ ΠΟΥ ΞΕΡΟΥΝ ΠΑΙΖΕΙ ΡΟΛΟ!!!)ΤΟ ΧΡΩΜΑ ΤΗΣ ΜΑΝΑΣ ΤΟΥ,ΠΡΑΓΜΑΤΙΚΑ ΧΙΛΙΟΜΕΤΡΑ(Η ΜΗΧΑΝΗ ΕΙΝΑΙ ΑΡΑΓΜΕΝΗ ΣΕ ΠΥΛΩΤΗ ΠΕΡΙΠΟΥ 1,5 ΧΡΟΝΟ)ΑΤΡΑΚΑΡΙΣΤΗ.ΚΑΝΟΝΙΚΑ ΤΑ ΣΕΡΒΙΣ ΤΗΣ ΣΤΗΝ ΩΡΑ ΤΟΥΣ,ΠΡΟΣΕΓΜΕΝΗ,ΑΠΡΟΒΛΗΜΑΤΙΣΤΗ.ΧΕΙΡΟΠΟΙΗΤΗ ΕΞΑΤΜΙΣΗ,ΚΑΙΝΟΥΡΙΑ ΦΛΑΣΑΚΙΑ LED ΜΠΡΟΣ ΠΙΣΩ,ΚΑΘΡΕΦΤΕΣ ΠΙΟ ΑΓΩΝΙΣΤΙΚΟΙ,ΜΠΑΡΕΣ ΠΡΟΣΤΑΣΙΑΣ ΚΑΙ ΓΙΑ ΒΑΛΙΤΣΕΣ,ΠΙΣΩ ΑΝΑΡΤΗΣΗ WHITE POWER,ΣΥΝΑΓΕΡΜΟΣ SPYBALL,ΑΛΛΑΓΜΕΝΟΣ ΑΝΩΡΘΩΤΗΣ,ΛΑΣΤΙΧΑ ΚΑΙΝΟΥΡΙΑ!ΚΑΙ ΠΕΡΑΣΜΕΝΗ ΑΠΟ ΚΤΕΟ ΜΕΧΡΙ ΤΟΝ ΙΟΥΛΙΟ ΤΟΥ 2019!ΕΧΟΥΝ ΚΑΤΑΤΕΘΕΙ ΟΙ ΠΙΝΑΚΙΔΕΣ ΚΑΙ ΕΙΝΑΙ ΑΝΑΣΦΑΛΙΣΤΗ Η ΜΗΧΑΝΗ,ΓΙΑ ΟΠΟΙΟΔΗΠΟΤΕ ΕΛΕΓΧΟ ΜΟΝΟ ΣΤΟΝ ΧΩΡΟ ΜΟΥ.Η ΤΙΜΗ ΕΙΝΑΙ ΤΕΛΙΚΗ,ΜΗΝ ΚΑΝΕΤΕ ΚΟΠΟ ΓΙΑ ΠΑΖΑΡΙΑ!!!!!!!! - Less - "}