{"query": {"url": "https://www.car.gr/10410061-honda-xl-1000v-varadero-varadero-xlv-1000", "type": "CAR_ADDE", "trial_count": 1, "last_processed": 1553097229}, "title": "Honda XL 1000V Varadero VARADERO XLV 1000 '00", "ad_id": "10410061", "ad_data": {"Make/Model": "Honda XL 1000V Varadero VARADERO XLV 1000 '00", "Classified number": "10410061", "Price": "€2.750", "Category": "Bike - On/Off", "Registration": "4 / 2000", "Mileage": "75,000 km", "Fuel type": "Gasoline", "Cubic capacity": "1,000 cc", "Power": "115 bhp", "Color": "Black (Metallic)", "Kteo to": "03 / 2019", "Liters/100km": "6 (Εντός)/7 (Εκτός)/7 (Μικτό)", "Previous owners": "1", "Modified": "8 days", "Times clicked": "199", "Short link": "www.car.gr/10410061", "Telephone": "None"}, "ad_seller": {}, "metadata": {"type": "Bikes", "brand": "Honda", "model": "XL 1000V Varadero"}, "extras": ["Alarm", "Bars", "Cargo Rack", "Electric starter", "Engine Guards", "Exhaust Special", "Four-stroke engine", "Gelatin", "Lights Xenon", "Sidestand", "Top Box-Μπαγκαζιέρα"], "description": "Βαλιτσα Givi,λαστιχα καινουργια Bridgeston BW501 και πισω 502,τακακια καινουργια μπρος πισω,αλυσιδογραναζα καινουργια,φωτα xenon μικρη -μεγαλη,λαδι φιλτρο ,μπαρες μπροστινες, ζελατινα Givi,εξατμισεις ακραμποβιτσ.Δεκτος καθε ελενχος. - Less - "}