{"query": {"url": "https://www.car.gr/10470947-triumph-tiger-800-abs", "type": "CAR_ADDE", "trial_count": 1, "last_processed": 1553098118}, "title": "Triumph Tiger 800 ABS '12", "ad_id": "10470947", "ad_data": {"Make/Model": "Triumph Tiger 800 ABS '12", "Classified number": "10470947", "Price": "€7.200", "Category": "Bike - On/Off", "Registration": "1 / 2012", "Mileage": "42,000 km", "Fuel type": "Gasoline", "Cubic capacity": "800 cc", "Power": "98 bhp", "Color": "White (Metallic)", "Kteo to": "07 / 2019", "Modified": "10 days", "Times clicked": "433", "Short link": "www.car.gr/10470947", "Telephone": "None"}, "ad_seller": {}, "metadata": {"type": "Bikes", "brand": "Triumph", "model": "Tiger 800"}, "extras": ["ABS", "Alarm", "Centerstand", "Electric starter", "Engine Guards", "Exchange with Moto accepted", "Exhaust Special", "Gelatin", "Heated Handguards", "Service Book", "Sidestand", "Skid Plate", "Top Box-Μπαγκαζιέρα"], "description": "-Έκδοση με μαύρο σκελετό και ABS, -Σε Άριστη κατάσταση, σαν καινούριο, -Δεκτός κάθε έλεγχος, -Πραγματικά χιλιόμετρα με βιβλίο service, -Πρόσφατο service, -Φυλαγμένη πάντα σε γκαράζ, -Αξεσουάρ άνω των 2.500 ευρώ, - Αναλυτικά... -Εξάτμιση ARROW με πρόγραμμα της Triumph, -Συναγερμός ELSER με περιμετρικό έλεγχο, -TPMS (Ένδειξη πίεσης ελαστικών στην οθόνη) -Θερμαινόμενα grip της Triumph, -Αυθεντικά φλας LED της Triumph, -Kάγκελα προστασίας κινητήρα Triumph, -Μπροστινό φτερό από XC, -Ψηλός ανεμοθώρακας Triumph, -Κοντός ανεμοθώρακας powerbronze, -Κεντρικό σταντ Triumph, -Bαλίτσα GIVI E470NT με τη βάση της, -Ρυθμιζόμενες μανέτες φρένου & συμπλέκτη της Triumph, -Πρίζα 12V, -Αποστάτες τιμονιού από XC -Και αλλά πολλά .. - Πληροφορίες τηλεφωνικά. - Less - "}