{"query": {"url": "https://www.car.gr/10206590-aprilia-sl-falco-1000", "type": "CAR_ADDE", "trial_count": 1, "last_processed": 1553096639}, "title": "Aprilia SL Falco 1000  '07", "ad_id": "10206590", "ad_data": {"Make/Model": "Aprilia SL Falco 1000 '07", "Classified number": "10206590", "Price": "€1.700", "Category": "Bike - Sport Touring", "Registration": "12 / 2007", "Mileage": "70,000 km", "Fuel type": "Gasoline", "Cubic capacity": "998 cc", "Power": "118 bhp", "Color": "Red (Metallic)", "Kteo to": "04 / 2019", "Liters/100km": "5.6 (Μικτό)", "Previous owners": "2", "Modified": "6 days", "Times clicked": "5308", "Short link": "www.car.gr/10206590", "Telephone": "None"}, "ad_seller": {}, "metadata": {"type": "Bikes", "brand": "Aprilia", "model": "SL Falco 1000"}, "extras": ["Cast wheels", "Electric starter", "Exchange with Moto accepted", "Exhaust Special", "Four-stroke engine", "Greek Dealership", "Injection", "Lights Xenon", "Service Book", "Sidestand", "Skid Plate"], "description": "Σε άριστη κατάσταση! Φυλάσσεται σε κλειστό πάρκινγκ. Πραγματικά χιλιόμετρα, εκτός πόλης. Βιβλίο service, user manual, service manual. Με πολλά extra (τελικά εξατμίσεων, φως xenon,ζελατίνα κα) Λάστιχα bridgestone S20 με λίγα χιλιόμετρα. Service αναρτήσεων (μπροστά-πίσω) . Μαζί δίνονται και τα εργοστασιακά εξαρτήματα σε άριστη κατάσταση, (εξατμίσεις, ψαλίδι, ζελατίνα,πίσω αμοτισέρ, φίλτρο, φλας, δισκόπλακες εμπρός) και extra τιμόνι με τιμονόπλακα. - Τιμή με επιπλεόν αυθεντικές πλαϊνές βαλίτσες με βάσεις και tank bag Aprilia: 2000€. - Δεκτός κάθε έλεγχος. - Less - "}