{"query": {"url": "https://www.car.gr/10101679-kawasaki-ninja-zx-6-r", "type": "CAR_ADDE", "trial_count": 1, "last_processed": 1553095310}, "title": "Kawasaki Ninja ZX - 6 R  '08", "ad_id": "10101679", "ad_data": {"Make/Model": "Kawasaki Ninja ZX - 6 R '08", "Classified number": "10101679", "Price": "€4.300", "Category": "Bike - Super Sport", "Registration": "5 / 2008", "Mileage": "3,800 km", "Fuel type": "Gasoline", "Cubic capacity": "600 cc", "Power": "120 bhp", "Color": "Green", "Modified": "2 days", "Times clicked": "8315", "Short link": "www.car.gr/10101679", "Telephone": "+30 2552027110"}, "ad_seller": {"Dealer": "Στοϊκοτίδης Δημήτριος", "Address": "Κωνσταντινουπόλεως63", "City": "Ορεστιάδα", "": "+30 2552027110", "Fax": "+30 2552027110", "Dealer page": "https//team-stoikotidis.car.gr/", "Website": "http//www.teamstoikotidis.gr"}, "metadata": {"type": "Bikes", "brand": "Kawasaki", "model": "Ninja ZX - 6 R"}, "extras": [], "description": ""}