{"query": {"url": "https://www.car.gr/10072926-buell-xb12x-ulysses", "type": "CAR_ADDE", "trial_count": 1, "last_processed": 1553096269}, "title": "Buell XB12X Ulysses ΜΕΙΩΜΕΝΗ ΤΙΜΗ ΜΕΧΡΙ ΤΟΝ ΑΠΡΙΛΗ '08", "ad_id": "10072926", "ad_data": {"Make/Model": "Buell XB12X Ulysses ΜΕΙΩΜΕΝΗ ΤΙΜΗ ΜΕΧΡΙ ΤΟΝ ΑΠΡΙΛΗ '08", "Classified number": "10072926", "Price": "€5.000", "Category": "Bike - On/Off", "Registration": "1 / 2008", "Mileage": "57,000 km", "Fuel type": "Gasoline", "Cubic capacity": "1,200 cc", "Power": "120 bhp", "Color": "Black (Metallic)", "Kteo to": "01 / 2019", "Liters/100km": "7 (Εντός)/4 (Εκτός)", "Modified": "4 days", "Times clicked": "1243", "Short link": "www.car.gr/10072926", "Telephone": "None"}, "ad_seller": {}, "metadata": {"type": "Bikes", "brand": "Buell", "model": "XB12X Ulysses"}, "extras": ["Cargo Rack", "Cast wheels", "Electric starter", "Exchange with Moto accepted", "Exhaust Special", "Four-stroke engine", "Gelatin", "Heated Handguards", "Led lights", "Service Book", "Sidestand", "Skid Plate", "Top Box-Μπαγκαζιέρα", "Trip computer"], "description": "ΤΕΛΗ ΚΥΚΛΟΦΟΡΙΑΣ 2019 ΠΛΗΡΩΜΕΝΑ.Σε άριστη κατάσταση... (Ολικό βάψιμο+τα αβαφα πλαστικά,ΕΚΤΌΣ σκελετού) για αισθητικούς λόγους βάφτηκε (30/06/2017).... Βάψιμο Κόκκινες ζάντες (10/03/2018)... Καινούργια λάστιχα Bridgestone BT023(13/04/2018)...Μπριζα διπλό usb με βολτόμετρο...tindy tail(σπαστη βάση πινακίδας)... Χωρίς να έχει πέσει ποτέ... Η μηχανή διαθέτει 2 ζελατίνες (μικρή-μεγάλη) γνήσιες...Καγκελα για βαλίτσες+βαλίτσες (45 λίτρα η κάθε μία)... Εξάτμηση RACING γνήσια... Θερμενομενα χερούλια(grips)... Θερμενομενη σέλα... Φώτα πορείας+φώτα προβολέων LED..Καινούργια φλας LED λευκά και relay για LED φλας...Όργανο θερμοκρασίας λαδιού μέσα στο καντράν...Μπαταρία λιθίου skyrich(100 ευρώ 20/07/2018)...Υπάρχουν και όλα τα γνήσια...Πατήστε στο ΒΙΝΤΕΟ για να το ΔΕΙΤΕ και να το ΑΚΟΥΣΕΤΕ!! - Less - "}