{"query": {"url": "https://www.car.gr/10723088-peugeot-xps-supermotard", "type": "CAR_ADDE", "trial_count": 1, "last_processed": 1553098383}, "title": "Peugeot XPS Supermotard & Δωρα..  '17", "ad_id": "10723088", "ad_data": {"Make/Model": "Peugeot XPS Supermotard & Δωρα..  '17", "Classified number": "10723088", "Price": "€1.990", "Category": "Bike - Εnduro", "Registration": "1 / 2017", "Fuel type": "Gasoline", "Cubic capacity": "50 cc", "Power": "7 bhp", "Color": "Yellow (Metallic)", "Modified": "10 days", "Times clicked": "430", "Short link": "www.car.gr/10723088", "Telephone": "+30 2831072335"}, "ad_seller": {"Dealer": "ΜΟΤΟ ΠΑΠΑΔΟΓΙΑΝΝΗΣ (SYM,KAWASAKI,PEYGEOT,MODENAS,DAYTONA,DAELIM)", "Address": "ΣΦΑΚΑΚΙ", "City": "ΡΕΘΥΜΝΟ", "": "+30 6978068593", "Fax": "+30 2831072335", "Dealer page": "https//motopapadogiannis.car.gr/", "Website": "https//motopapadogiannis.gr/", "Open hours": "ΔΕΥΤΕΡΑ 9πμ-4μμ\nΤριτη 9πμ-9μμ\nΤεταρτη 9πμ-4μμ\nΠεμπτη 9πμ-9μμ\nΠαρασκευη 9πμ-9μμ\nΣαββατο 9πμ-4μμ"}, "metadata": {"type": "Bikes", "brand": "Peugeot", "model": "XPS"}, "extras": ["Electric starter", "Exhibition", "Service Book", "Two-stroke"], "description": "ΜΕ ΚΑΘΕ ΑΓΟΡΑ ΜΟΤΟΣΥΚΛΕΤΑΣ ΠΑΠΙΟΥ ΚΑΙ SCOOTER ΑΠΟ ΤΟ ΚΑΤΆΣΤΗΜΑ ΜΑΣ ΕΧΕΤΑΙ *** ΔΩΡΑ *** - *& ΚΡΑΝΟΣ - *& ΚΟΥΚΟΥΛΑ ΠΡΟΣΤΑΣΊΑΣ ΜΟΤΟ - *& ΚΛΕΙΔΑΡΙΆ ΛΟΥΚΕΤΟ ΜΟΤΟ - *& ΔΩΡΕΑΝ 1Η ΑΛΛΑΓΗ ΛΑΔΙΩΝ - *& ΓΑΝΤΙΑ ΑΔΙΑΒΡΟΧΑ ΧΕΡΙΩΝ - *& ΘΑ ΑΠΟΚΤΉΣΕΤΕ ΕΚΠΤΩΤΙΚΗ ΚΑΡΤΑ ΣΤΑ ΑΞΕΣΟΥΑΡ ΤΟΥ ΚΑΤΑΣΤΗΜΑΤΟΣ ΜΑΣ -15% - *& ΟΛΑ ΑΥΤΑ ΤΑ ΔΩΡΑ ΣΤΗΝ ΕΚΠΤΩΤΙΚΉ ΤΙΜΗ ΜΕΤΡΗΤΟΙΣ ΣΕ ΟΛΑ ΤΑ ΜΗΧΑΝΆΚΙΑ ΑΝΕΞΆΡΤΗΤΩΝ ΜΑΡΚΑΣ ΚΑΙ ΜΟΝΤΕΛΟΥ.... - .............. ΚΑΙ ΟΛΑ ΑΥΤΑ ΜΟΝΟ ΣΤΟ ΚΑΤΑΣΤΗΜΑ ΜΑΣ............. - Less - "}