{"query": {"url": "https://www.car.gr/10550472-daytona-nova-s-125-efi-cbs", "type": "CAR_ADDE", "trial_count": 1, "last_processed": 1553096839}, "title": "Daytona NOVA-S 125 EFI CBS '17", "ad_id": "10550472", "ad_data": {"Make/Model": "Daytona NOVA-S 125 EFI CBS '17", "Classified number": "10550472", "Price": "€1.380", "Category": "Bike - Underbone", "Registration": "7 / 2017", "Fuel type": "Gasoline", "Cubic capacity": "125 cc", "Power": "8 bhp", "Color": "White (Metallic)", "Modified": "7 days", "Times clicked": "1530", "Short link": "www.car.gr/10550472", "Telephone": "+30 2821094210"}, "ad_seller": {"Dealer": "AUTOMOTOSMART ΧΑΝΙΑ", "Address": "ΑΝ.ΓΟΓΩΝΗ28", "City": "ΧΑΝΙΑ", "": "+30 2821094210", "Fax": "+30 2821094210", "Dealer page": "https//autosmartchania.car.gr/"}, "metadata": {"type": "Bikes", "brand": "Daytona", "model": "NOVA-S"}, "extras": ["Car Exchange", "Cargo Rack", "Cast wheels", "Catalyst", "Centerstand", "Credit card-Visa accepted", "Electric starter", "Exchange with Moto accepted", "Four-stroke engine", "Sidestand", "Skid Plate"], "description": "NOVA 125 EFI CBS Euro-4 - Κινητήρας τετράχρονος 4 ταχυτήτων, ημιααυτόματο. - Σύστημα συνδυασμένης πέδησης – CBS - Σύστημα ηλεκτρονικού ψεκασμού καυσίμου (EFI) - Ενισχυμένο πλαίσιο, άκαμπτο για σταθερή οδήγηση. - Πλαστικοποιημένη σχάρα αποσκευών. - Πίσω – Εμπρός Δισκόφρενo - Μασπιέ συνοδηγού αλουμινίου - Νέα μεταλλικά χρώματα με κορυφαία βαφή και φινίρισμα. - Ισχυρός προβολέας για ασφαλή οδήγηση. - Αξιόπιστος, δυνατός κινητήρας σύγχρονης τεχνολογίας κατασκευασμένος σε σειρά παραγωγής, με πιστοποιητικό ποιότητας ISO 9001. - Οικονομικό, με αξεπέραστη δοκιμασμένη ποιότητα, για απροβλημάτιστα χιλιόμετρα. - Less - "}