{"query": {"url": "https://www.car.gr/10011451-bmw-r-100-gs", "type": "CAR_ADDE", "trial_count": 1, "last_processed": 1553095329}, "title": "Bmw R 100 GS  '90", "ad_id": "10011451", "ad_data": {"Make/Model": "Bmw R 100 GS '90", "Classified number": "10011451", "Price": "€5.490", "Category": "Bike - On/Off", "Registration": "3 / 1990", "Mileage": "109,000 km", "Fuel type": "Gasoline", "Cubic capacity": "980 cc", "Power": "60 bhp", "Color": "Black", "Modified": "2 days", "Times clicked": "243", "Short link": "www.car.gr/10011451", "Telephone": "+30 2541029430"}, "ad_seller": {"Dealer": "ΝΤΟΛΛΑΣ ΜΟΤΟ Ι.Κ.Ε. ΑΝΤΙΠΡΟΣΩΠΕΙΕΣ KAWASAKI-SUZUKI-PIAGGIO-VESPA-APRILIA-MOTO GUZZI-DUCATI-PEUGEOT", "Address": "4ΧΛΜΞΑΝΘΗΣ-ΛΑΓΟΥΣ", "City": "ΞΑΝΘΗ", "": "+30 2541083282", "Dealer page": "https//ntollas-ioannis.car.gr/"}, "metadata": {"type": "Bikes", "brand": "Bmw", "model": "R 100 GS"}, "extras": ["Exchange with Moto accepted"], "description": "Πολύ καλή κατάσταση. - Άριστα συντηρημένη. - Ήπια χρήση. - Εξειδικευμένη κάθετη μονάδα BMW ΜΟΤΟ με έκθεση οχημάτων, service και ανταλλακτικά. - Ανταλλαγή και με αυτοκίνητο έως 1400cc - Δεκτές ανταλλαγές με ιστορικά οχήματα. - Less - "}