{"query": {"url": "https://www.car.gr/10248493-yamaha-dragstar", "type": "CAR_ADDE", "trial_count": 1, "last_processed": 1553105384}, "title": "Yamaha Dragstar  '02", "ad_id": "10248493", "ad_data": {"Make/Model": "Yamaha Dragstar '02", "Classified number": "10248493", "Price": "€1", "Category": "Bike - Chopper", "Registration": "1 / 2002", "Mileage": "32,000 km", "Fuel type": "Gasoline", "Cubic capacity": "650 cc", "Power": "52 bhp", "Color": "Black", "Modified": "over 2 months", "Times clicked": "5983", "Short link": "www.car.gr/10248493", "Telephone": "+30 2431026327"}, "ad_seller": {"Dealer": "OFF RUN MOTORSTORE", "Address": "ΠΕΡΙΦΕΡΕΙΑΚΗΟΔΟΣΛΑΡΙΣΗΣ-ΙΩΑΝΝΙΝΩΝ", "City": "ΤΡΙΚΑΛΑ", "": "+30 2431026327", "Fax": "+30 2431026327", "Dealer page": "https//off-run-motorstore.car.gr/"}, "metadata": {"type": "Bikes", "brand": "Yamaha", "model": "Dragstar"}, "extras": ["Bars", "Car Exchange", "Electric starter", "Engine Guards", "Exchange with Moto accepted", "Exhaust Special", "Exhibition", "Four-stroke engine", "Gelatin", "Kick-Starter", "Sidestand", "Spoke wheels"], "description": "Αναλαμβανουμε αναπαλαιωσεις μοτοσυκλετων.Αποστολες σε ολη την Ελλαδα.1 χρονο εγγυηση.Δεκτες ανταλλαγες με αυτοκινητα και μοτοσυκλετες. - Less - "}