{"query": {"url": "https://www.car.gr/10390108-kreidler-florett", "type": "CAR_ADDE", "trial_count": 1, "last_processed": 1553101389}, "title": "Kreidler  FLORETT '60", "ad_id": "10390108", "ad_data": {"Make/Model": "Kreidler FLORETT '60", "Classified number": "10390108", "Price": "€750", "Category": "Bike - Street Bike", "Registration": "1 / 1960", "Mileage": "12,000 km", "Fuel type": "Gasoline", "Cubic capacity": "50 cc", "Power": "10 bhp", "Color": "Red (Metallic)", "Previous owners": "1", "Modified": "23 days", "Times clicked": "1912", "Short link": "www.car.gr/10390108", "Telephone": "None"}, "ad_seller": {}, "metadata": {"type": "Bikes", "brand": "Kreidler", "model": "Kreidler  FLORETT '60 - € 750 EUR (Negotiable)"}, "extras": ["Antique-Classic", "Exhibition", "Spoke wheels", "Two-stroke"], "description": "10 Φλορέττες σε πολύ καλή κατάσταση και με πολύ προσωπική δουλειά και μεράκι πωλούνται ως εκθεσιακά και συλλεκτικά κομμάτια. Τιμή συζητήσιμη. - Less - "}