{"query": {"url": "https://www.car.gr/10400374-ducati-1098-1098s", "type": "CAR_ADDE", "trial_count": 1, "last_processed": 1553101278}, "title": "Ducati 1098 1098S '08", "ad_id": "10400374", "ad_data": {"Make/Model": "Ducati 1098 1098S '08", "Classified number": "10400374", "Price": "€9.500", "Category": "Bike - Super Sport", "Registration": "1 / 2008", "Mileage": "30,000 km", "Fuel type": "Gasoline", "Cubic capacity": "1,100 cc", "Power": "160 bhp", "Color": "Red (Metallic)", "Modified": "22 days", "Times clicked": "4870", "Short link": "www.car.gr/10400374", "Telephone": "None"}, "ad_seller": {}, "metadata": {"type": "Bikes", "brand": "Ducati", "model": "1098"}, "extras": [], "description": "ΣΕ ΑΡΙΣΤΗ ΚΑΤΑΣΤΑΣΗ FULL DUCATI PERFORMANCE PACKAGE(ΣΥΜΠΛΕΚΤΗΣ,ΕΓΚΕΦΑΛΟΣ,ΕΞΑΤΜΙΣΕΙΣ,Κ.Α.) - Less - "}