{"query": {"url": "https://www.car.gr/10406231-suzuki-sv-650-itjection", "type": "CAR_ADDE", "trial_count": 1, "last_processed": 1553104765}, "title": "Suzuki SV 650 ITJECTION '04", "ad_id": "10406231", "ad_data": {"Make/Model": "Suzuki SV 650 ITJECTION '04", "Classified number": "10406231", "Price": "€2.300", "Category": "Bike - Naked", "Registration": "8 / 2004", "Mileage": "21,000 km", "Fuel type": "Gasoline", "Cubic capacity": "650 cc", "Power": "75 bhp", "Color": "Black", "Modified": "over 2 months", "Times clicked": "5109", "Short link": "www.car.gr/10406231", "Telephone": "+30 2821099405"}, "ad_seller": {"Dealer": "CHANIA MOTORCYCLES", "Address": "ΝΙΚΟΛΑΟΥΠΛΑΣΤΗΡΑ4", "City": "ΧΑΝΙΑ", "": "+30 6980127373", "Fax": "+30 6996312247", "Dealer page": "https//stavroulakis-cars.car.gr/"}, "metadata": {"type": "Bikes", "brand": "Suzuki", "model": "SV 650"}, "extras": ["Electric starter", "Exchange with Moto accepted", "Exhaust Special", "Four-stroke engine"], "description": "πολυ καλη κατασταση τα χιλιομετρα ειναι πραγματικα δεκτη ανταλλαγη - Less - "}