{"query": {"url": "https://www.car.gr/10110943-bmw-f-650-gs-facelift-twin-spark", "type": "CAR_ADDE", "trial_count": 1, "last_processed": 1553100149}, "title": "Bmw F 650 GS FACELIFT TWIN SPARK '04", "ad_id": "10110943", "ad_data": {"Make/Model": "Bmw F 650 GS FACELIFT TWIN SPARK '04", "Classified number": "10110943", "Price": "€2.750", "Category": "Bike - On/Off", "Registration": "9 / 2004", "Mileage": "39,500 km", "Fuel type": "Gasoline", "Cubic capacity": "650 cc", "Power": "54 bhp", "Color": "Black (Metallic)", "Liters/100km": "4.8 (Εντός)/4 (Εκτός)/4.5 (Μικτό)", "Modified": "16 days", "Times clicked": "820", "Short link": "www.car.gr/10110943", "Telephone": "None"}, "ad_seller": {}, "metadata": {"type": "Bikes", "brand": "Bmw", "model": "F 650 GS"}, "extras": ["ABS", "Alarm", "Car Exchange", "Cargo Rack", "Catalyst", "Centerstand", "Electric starter", "Engine Guards", "Exchange with Boat", "Exchange with Moto accepted", "Four-stroke engine", "Gelatin", "Greek Dealership", "Heated Handguards", "Injection", "Sidestand", "Skid Plate", "Spoke wheels", "Top Box-Μπαγκαζιέρα"], "description": "BMW F650 GS FACELIFT - Μοντέλο 2004 το Facelift με αρκετα αξεσουαρ. - Σαν καινούργια με πραγματικά χιλιόμετρα φυλασσόμενη γκαράζ. - ΑBS, Τετράχρονη, Υδρόψυκτη, Θερμαινόμενα Grips, Χούφτες, Καθρέπτες με ενδειξη Led, Μινι Φλας, Μεγάλος ανεμοθώρακας, συναγερμός, τοποθετημένο όργανο θερμοκρασίας λαδιών και όργανο εξοικονόμησης καυσίμων κι απόδοσης ιπποδύναμης. (το τελευταίο αν δεν το θέλετε γίνεται απεγκατάσταση). - Δίνονται μαζί , Μπακαζιέρα και ανεμοθώρακας μαμίσιος. - Δεκτή ανταλλαγή με σκουτερ YAMAHA TMAX 2010 και μετά + διαφορά. - Less - "}