{"query": {"url": "https://www.car.gr/10192886-peugeot-geopolis-250-rs", "type": "CAR_ADDE", "trial_count": 1, "last_processed": 1553094076}, "title": "Peugeot Geopolis 250 RS '09", "ad_id": "10192886", "ad_data": {"Make/Model": "Peugeot Geopolis 250 RS '09", "Classified number": "10192886", "Price": "€1.999", "Category": "Bike - Roller/Scooter", "Registration": "6 / 2009", "Mileage": "25,265 km", "Fuel type": "Gasoline", "Cubic capacity": "250 cc", "Power": "23 bhp", "Color": "White", "Kteo to": "03 / 2021", "Liters/100km": "3.8 (Εντός)/3.8 (Εκτός)/3.8 (Μικτό)", "Modified": "2 hours", "Times clicked": "99", "Short link": "www.car.gr/10192886", "Telephone": "None"}, "ad_seller": {}, "metadata": {"type": "Bikes", "brand": "Peugeot", "model": "Geopolis 250"}, "extras": ["Cargo Rack", "Centerstand", "Electric starter", "Four-stroke engine", "Gelatin", "Lights Xenon", "Semiautomatic", "Sidestand"], "description": "ΣΕ ΑΡΙΣΤΗ ΚΑΤΑΣΤΑΣΗ ΔΕΚΤΟΣ ΚΑΘΕ ΕΛΕΓΧΟΣ.ΕΧΕΙ ΓΙΝΕΙ SERVICE ΣΤΙΣ 25000 ΛΑΔΙΑ ΦΙΛΤΡΟ KAI ΛΑΣΤΙΧΑ ΚΑΙΝΟΥΡΓΙΑ ΜICHELIN CITY GRIP ΑΛΛΑΓΗ ΚΑΘΕ 2000ΧΛΜ ΛΑΔΙΑ ΚΑΙ ΦΙΛΤΡΟ.YΠΑΡΧΕΙ ΚΑΙ ΚΟΝΤΗ ΖΕΛΑΤΙΝΑ ΓΝΗΣΙΑ ΤΙΣ PEUGEOT ΟΠΩΣ ΚΑΙ Η ΜΕΓΑΛΗ ΓΝΗΣΙΑ ΚΑΙ ΑΥΤΗ ΠΟΥ ΕΙΝΑΙ ΓΙΑ ΧΕΙΜΩΝΑ ΚΑΛΥΠΤΕΙ ΤΟΝ ΑΕΡΑ ΠΑΝΩ ΑΠΟ ΤΟ ΚΡΑΝΟΣ.ΦΑΙΝΟΝΤΑΙ ΣΤΙΣ ΦΩΤΟ. - Less - "}