{"query": {"url": "https://www.car.gr/10192890-yamaha-xt-500e", "type": "CAR_ADDE", "trial_count": 1, "last_processed": 1553093825}, "title": "Yamaha XT 500E  '98", "ad_id": "10192890", "ad_data": {"Make/Model": "Yamaha XT 500E '98", "Classified number": "10192890", "Price": "€1.750", "Category": "Bike - Super Motard", "Registration": "1 / 1998", "Mileage": "32,000 km", "Fuel type": "Gasoline", "Cubic capacity": "500 cc", "Power": "55 bhp", "Color": "White", "Modified": "8 hours", "Times clicked": "3740", "Short link": "www.car.gr/10192890", "Telephone": "+30 6987487262"}, "ad_seller": {"Dealer": "ΤΣΑΧΑΚΗΣ", "Address": "ΚΟΜΒΟΣΦΙΛΩΤΑ-ΑΜΥΝΤΑΙΟ", "City": "ΦΙΛΩΤΑΣ", "": "+30 6987487262", "Fax": "+30 2463041895", "Dealer page": "https//tsaxakis.car.gr/"}, "metadata": {"type": "Bikes", "brand": "Yamaha", "model": "XT 500E"}, "extras": [], "description": "ΑΠΟ ΓΕΝΙΚΗ ΕΠΙΣΚΕΥΗ. - ΕΧΕΙ ΚΑΝΕΙ ΜΟΝΟ 2000ΧΙΛ ΜΕΤΑ - Less - "}