{"query": {"url": "https://www.car.gr/10275921-honda-sh-125i", "type": "CAR_ADDE", "trial_count": 1, "last_processed": 1553102769}, "title": "Honda SH 125i  '09", "ad_id": "10275921", "ad_data": {"Make/Model": "Honda SH 125i '09", "Classified number": "10275921", "Price": "€1.750", "Category": "Bike - Roller/Scooter", "Registration": "12 / 2009", "Mileage": "7,468 km", "Fuel type": "Gasoline", "Cubic capacity": "125 cc", "Power": "14 bhp", "Color": "Black", "Modified": "34 days", "Times clicked": "127", "Short link": "www.car.gr/10275921", "Telephone": "None"}, "ad_seller": {"Name": "ΚΑΡΑΣΑΡΙΔΗΣΔΗΜΗΤΡΗΣ", "Address": "ΚΑΤΕΡΙΝΗP.ΠΙΕΡΙΑΣ"}, "metadata": {"type": "Bikes", "brand": "Honda", "model": "SH 125i"}, "extras": ["Automatic", "Centerstand", "Electric starter", "Four-stroke engine", "Gelatin"], "description": "Πρόκειται για την σπορ εκδοσή. Καινούρια λάστιχα. ΜΑΥΡΟ ΜΑΤ ΧΡΩΜΑ. - Περασμένο κτεο πριν 6 μήνες. - Less - "}