{"query": {"url": "https://www.car.gr/10672000-suzuki", "type": "CAR_ADDE", "trial_count": 1, "last_processed": 1553097893}, "title": "Suzuki   '04", "ad_id": "10672000", "ad_data": {"Make/Model": "Suzuki '04", "Classified number": "10672000", "Price": "€2.500", "Category": "Bike - Roller/Scooter", "Registration": "12 / 2004", "Mileage": "42,000 km", "Fuel type": "Gasoline", "Cubic capacity": "650 cc", "Power": "40 bhp", "Color": "Black", "Modified": "9 days", "Times clicked": "769", "Short link": "www.car.gr/10672000", "Telephone": "+30 2821099405"}, "ad_seller": {"Dealer": "CHANIA MOTORCYCLES", "Address": "ΝΙΚΟΛΑΟΥΠΛΑΣΤΗΡΑ4", "City": "ΧΑΝΙΑ", "": "+30 6980127373", "Fax": "+30 6996312247", "Dealer page": "https//stavroulakis-cars.car.gr/"}, "metadata": {"type": "Bikes", "brand": "Suzuki", "model": "Suzuki   '04 - € 2.500 EUR"}, "extras": ["Automatic", "Electric starter", "Exchange with Moto accepted", "Four-stroke engine", "Gelatin", "Service Book", "Top Box-Μπαγκαζιέρα"], "description": "πολυ καλη κατασταση δεκτη ανταλλαγη - Less - "}