{"query": {"url": "https://www.car.gr/10355130-yamaha-x-city-250", "type": "CAR_ADDE", "trial_count": 1, "last_processed": 1553093919}, "title": "Yamaha X-CITY 250  '13", "ad_id": "10355130", "ad_data": {"Make/Model": "Yamaha X-CITY 250 '13", "Classified number": "10355130", "Price": "€2.600", "Category": "Bike - Roller/Scooter", "Registration": "5 / 2013", "Mileage": "25,000 km", "Fuel type": "Gasoline", "Cubic capacity": "250 cc", "Power": "20 bhp", "Color": "Black (Metallic)", "Modified": "14 hours", "Times clicked": "3519", "Short link": "www.car.gr/10355130", "Telephone": "+30 2521034124"}, "ad_seller": {"Dealer": "ΒΕΡΒΕΡΟΓΛΟΥ ΑΦΟΙ ΟΕ", "Address": "ΔΡΑΜΑ", "City": "ΔΡΑΜΑ", "": "+30 6945894102", "Fax": "+30 2521034124", "Dealer page": "https//ververoglouafoi.car.gr/"}, "metadata": {"type": "Bikes", "brand": "Yamaha", "model": "X-CITY 250"}, "extras": [], "description": "ΕΛΛΗΝΙΚΗΣ ΑΝΤΙΠΡΟΣΩΠΕΙΑΣ - ΑΡΙΣΤΗ ΚΑΤΑΣΤΑΣΗ - ΚΑΙΝΟΥΡΙΑ ΕΛΑΣΤΙΚΑ - ΕΓΙΝΕ ΤΟ ΜΕΓΑΛΟ ΣΕΡΒΙΣ - Less - "}