{"query": {"url": "https://www.car.gr/10138459-honda-crossrunner", "type": "CAR_ADDE", "trial_count": 1, "last_processed": 1553097013}, "title": "Honda Crossrunner Ι ΧΡΟΝΟ ΕΓΓΥΗΣΗ '13", "ad_id": "10138459", "ad_data": {"Make/Model": "Honda Crossrunner Ι ΧΡΟΝΟ ΕΓΓΥΗΣΗ '13", "Classified number": "10138459", "Price": "€6.795", "Category": "Bike - On/Off", "Registration": "10 / 2013", "Mileage": "14,900 km", "Fuel type": "Gasoline", "Cubic capacity": "800 cc", "Power": "105 bhp", "Color": "Black (Metallic)", "Previous owners": "1", "Modified": "7 days", "Times clicked": "122", "Short link": "www.car.gr/10138459", "Telephone": "+30 2310886200"}, "ad_seller": {"Dealer": "RIDERSMARKET", "Address": "ΠΑΠΑΝΑΣΤΑΣΙΟΥ31", "City": "ΘΕΣΣΑΛΟΝΙΚΗ", "": "+30 2310900013", "Fax": "+30 2310858002", "Dealer page": "https//nikitakis.car.gr/", "Website": "http//WWW.RIDERSMARKET.GR", "Open hours": "ΔΕΥΤΕΡΑ - ΠΑΡΑΣΚΕΥΗ  900-1730"}, "metadata": {"type": "Bikes", "brand": "Honda", "model": "Crossrunner"}, "extras": ["ABS", "Cast wheels", "Credit card-Visa accepted", "Electric starter", "Exchange with Moto accepted", "Exhaust Special", "Gelatin", "Service Book", "Sidestand"], "description": "ΝΕΑ ΑΝΤΙΠΡΟΣΩΠΕΙΑ HONDA ΝΙΚΗΤΑΚΗΣ ΑΝΑΤΟΛΙΚΗΣ ΘΕΣΣΑΛΟΝΙΚΗΣ - ΜΕ ΠΟΛΥΕΤΉ ΕΜΠΕΙΡΊΑ ΣΤΟ ΧΩΡΟ ΤΗΣ ΜΟΤΟΣΙΚΛΈΤΑΣ 35 ΧΡΌΝΩΝ - ΜΕ ΟΡΓΆΝΩΣΗ ΚΑΙ ΣΥΝΈΠΕΙΑ - ΣΑΣ ΠΡΟΣΦΕΡΟΥΜΕ ΆΡΙΣΤΗ ΠΟΙΌΤΗΤΑ ΥΠΗΡΕΣΙΏΝ - ΣΤΗ ΠΩΛΗΣΗ ΜΟΤΟ - ΑΞΕΣΟΥΑΡ - SERVICE - ΑΝΤΑΛΛΑΚΤΙΚΑ - ΕΛΑΣΤΙΚΑ - ΚΑΙ ΣΕ ΟΤΙ ΑΛΛΟ ΧΡΕΙΑΣΤΕΊΤΕ - ΕΚΠΤΩΤΙΚΗ ΚΑΡΤΑ RIDERSMARKET - . 1 ΧΡΟΝΙΑ ΕΓΓΥΗΣΗ ΓΡΑΠΤΗ - . ΔΥΝΑΤΟΤΗΤΑ ΧΡΗΜΑΤΟΔΟΤΗΣΗΣ ΕΩΣ 84 ΜΗΝΕΣ - . ΔΥΝΑΤΟΤΗΤΑ ΠΛΗΡΩΜΗΣ ΜΕ ΠΙΣΤΩΤΙΚΗ ΚΑΡΤΑ - . ΔΕΚΤΗ Η ΑΝΤΑΛΛΑΓΗ ΤΗΣ ΜΟΤΟΣΥΚΛΕΤΑΣ ΣΑΣ - . ΔΥΝΑΤΟΤΗΤΑ ΑΠΟΣΤΟΛΗΣ ΣΕ ΟΛΗ ΤΗΝ ΕΛΛΑΔΑ - . ΠΑΡΑΔΟΣΗ ΜΕ FOUL SERVICE - . ΒΙΒΛΙΟ SERVICE - Less - "}