{"query": {"url": "https://www.car.gr/10070264-kawasaki-zx-130", "type": "CAR_ADDE", "trial_count": 1, "last_processed": 1553099011}, "title": "Kawasaki ZX 130  '10", "ad_id": "10070264", "ad_data": {"Make/Model": "Kawasaki ZX 130 '10", "Classified number": "10070264", "Price": "€1.200", "Category": "Bike - Underbone", "Registration": "3 / 2010", "Mileage": "24,000 km", "Fuel type": "Gasoline", "Cubic capacity": "130 cc", "Power": "15 bhp", "Color": "Black", "Modified": "13 days", "Times clicked": "4069", "Short link": "www.car.gr/10070264", "Telephone": "+30 2105771005"}, "ad_seller": {"Dealer": "ΜΟΤΟ ΖΩΓΑΣ ΑΝΤΑΛΛΑΚΤΙΚΑ", "Address": "ΘΗΒΩΝ109ΠΕΡΙΣΤΕΡΙ", "City": "ΠΕΡΙΣΤΕΡΙ", "": "+30 2130255580", "Dealer page": "https//zogas-moto.car.gr/", "Website": "http//www.motozogas.gr", "Open hours": "-Δευτερα-Παρασκευη09.00 -20.00 Σάββατο 11.00-14.00"}, "metadata": {"type": "Bikes", "brand": "Kawasaki", "model": "ZX 130"}, "extras": ["Centerstand", "Electric starter", "Four-stroke engine", "Kick-Starter", "Sidestand"], "description": "ΣΕ ΑΡΙΣΤΗ ΚΑΤΑΣΤΑΣΗ ΜΕ ΕΓΓΥΗΣΗ ΚΑΛΗΣ ΛΕΙΤΟΥΡΓΙΑΣ - Less - "}