{"query": {"url": "https://www.car.gr/10217477-kawasaki-z-750", "type": "CAR_ADDE", "trial_count": 1, "last_processed": 1553100111}, "title": "Kawasaki Z 750  '10", "ad_id": "10217477", "ad_data": {"Make/Model": "Kawasaki Z 750 '10", "Classified number": "10217477", "Price": "€4.800", "Category": "Bike - Naked", "Registration": "8 / 2010", "Mileage": "13,600 km", "Fuel type": "Gasoline", "Cubic capacity": "750 cc", "Power": "105 bhp", "Color": "Dark blue (Metallic)", "Modified": "16 days", "Times clicked": "194", "Short link": "www.car.gr/10217477", "Telephone": "None"}, "ad_seller": {}, "metadata": {"type": "Bikes", "brand": "Kawasaki", "model": "Z 750"}, "extras": ["ABS", "Service Book"], "description": "-ABS -ΠΡΑΓΜΑΤΙΚΑ ΣΑΝ ΚΑΙΝΟΥΡΓΙΟ. -ΦΥΛΑΣΣΟΜΕΝΟ ΣΕ ΥΠΟΓΕΙΟ ΓΚΑΡΑΖ. -ΠΡΩΤΟ ΧΕΡΙ ΑΠΟ ΑΝΤΙΠΡΟΣΩΠΕΙΑ. -ΒΙΒΛΙΟ ΣΕΡΒΙΣ -ΔΕΚΤΟΣ ΚΑΘΕ ΕΛΕΓΧΟΣ. -ΜΟΝΟ ΣΟΒΑΡΕΣ ΠΡΟΤΑΣΕΙΣ -ΑΝΤΑΛΛΑΓΗ ΜΕ ΑΓΡΟΤΙΚΟ 4X4 - Less - "}