{"query": {"url": "https://www.car.gr/10638517-bmw-r-26", "type": "CAR_ADDE", "trial_count": 1, "last_processed": 1553097490}, "title": "Bmw R 26  '57", "ad_id": "10638517", "ad_data": {"Make/Model": "Bmw R 26 '57", "Classified number": "10638517", "Price": "€6.000", "Category": "Bike - Custom", "Registration": "1 / 1957", "Fuel type": "Gasoline", "Cubic capacity": "247 cc", "Power": "15 bhp", "Color": "Black (Metallic)", "Modified": "8 days", "Times clicked": "44", "Short link": "www.car.gr/10638517", "Telephone": "+30 2102916028"}, "ad_seller": {"Dealer": "NIKOLAOU MOTO", "Address": "ΑΓΓΛΥΚΕΡΙΑΣ52", "City": "ΓΑΛΑΤΣΙ", "": "+30 2102928165", "Fax": "+30 2102136214", "Dealer page": "https//nikolaou-moto.car.gr/"}, "metadata": {"type": "Bikes", "brand": "Bmw", "model": "R 26"}, "extras": [], "description": "Σε άριστη κατάσταση με όλα του τα έγγραφα δεκτός κάθε έλεγχος - Less - "}