{"query": {"url": "https://www.car.gr/10731116-bmw-k-1200-rs", "type": "CAR_ADDE", "trial_count": 1, "last_processed": 1553097546}, "title": "Bmw K 1200 RS  '02", "ad_id": "10731116", "ad_data": {"Make/Model": "Bmw K 1200 RS '02", "Classified number": "10731116", "Price": "€2.500", "Category": "Bike - Sport Touring", "Registration": "6 / 2002", "Mileage": "107,001 km", "Fuel type": "Gasoline", "Cubic capacity": "1,200 cc", "Power": "135 bhp", "Color": "Silver (Metallic)", "Modified": "8 days", "Times clicked": "1541", "Short link": "www.car.gr/10731116", "Telephone": "None"}, "ad_seller": {}, "metadata": {"type": "Bikes", "brand": "Bmw", "model": "K 1200 RS"}, "extras": [], "description": "Τα χιλιόμετρα είναι από ταξίδια. Ιστορικο και service στην BMW Παναγιωτόπουλος. Βαλίτσες ταξιδιού, καινουρια μπαταρία. Fairing ψηλο - Less - "}