{"query": {"url": "https://www.car.gr/10374032-kawasaki-z-1000", "type": "CAR_ADDE", "trial_count": 1, "last_processed": 1553096179}, "title": "Kawasaki Z 1000  '09", "ad_id": "10374032", "ad_data": {"Make/Model": "Kawasaki Z 1000 '09", "Classified number": "10374032", "Price": "€4.999", "Category": "Bike - Naked", "Registration": "5 / 2009", "Mileage": "48,300 km", "Fuel type": "Gasoline", "Cubic capacity": "1,000 cc", "Power": "135 bhp", "Color": "Black", "Kteo to": "01 / 2018", "Modified": "4 days", "Times clicked": "4320", "Short link": "www.car.gr/10374032", "Telephone": "+30 2382082805"}, "ad_seller": {"Dealer": "powermoto", "Address": "ΕΓΝΑΤΙΑΣ16,ΓΙΑΝΝΙΤΣΑ", "City": "ΓΙΑΝΝΙΤΣΑ", "": "+30 2382082805", "Fax": "+30 2382082805", "Dealer page": "https//powermoto.car.gr/", "Website": "http//www.powermoto.gr", "Open hours": "Δευτέρα - Παρασκευή 0900 - 2000\nΣαββάτο - Κυριακή Κλειστά."}, "metadata": {"type": "Bikes", "brand": "Kawasaki", "model": "Z 1000"}, "extras": ["Car Exchange", "Electric starter", "Exchange with Moto accepted", "Four-stroke engine", "Price without VAT", "Service Book"], "description": "Αριστη κατάσταση. Συζητήσιμη και ανταλλαγή με αυτοκινητο 1000-1400cc. - Less - "}