{"query": {"url": "https://www.car.gr/10015892-kymco-b-w-250", "type": "CAR_ADDE", "trial_count": 1, "last_processed": 1553094355}, "title": "Kymco B & W 250 ΑΡΙΣΤΟ ΣΑΝ ΚΑΙΝΟΥΡΙΟ!!!! '04", "ad_id": "10015892", "ad_data": {"Make/Model": "Kymco B & W 250 ΑΡΙΣΤΟ ΣΑΝ ΚΑΙΝΟΥΡΙΟ!!!! '04", "Classified number": "10015892", "Price": "€1.350", "Category": "Bike - Roller/Scooter", "Registration": "7 / 2004", "Mileage": "7,039 km", "Fuel type": "Gasoline", "Cubic capacity": "249 cc", "Power": "22 bhp", "Color": "Silver (Metallic)", "Kteo to": "12 / 2017", "Previous owners": "1", "Modified": "22 hours", "Times clicked": "222", "Short link": "www.car.gr/10015892", "Telephone": "+30 2591042102"}, "ad_seller": {"Dealer": "www.giampatzis.blogspot.com<<ΜΟΤΟΚΙΝΗΣΗ ΓΙΑΜΠΑΤΖΗΣ>>", "Address": "23χλμ.Π.Ε.Ο.ΚαβαλαsΞανθης", "City": "ΧΡΥΣΟΥΠΟΛΗ", "": "+30 2591042142", "Fax": "+30 2591042142", "Dealer page": "https//auto-moto-giampatzis.car.gr/", "Website": "http//auto-moto-giampatzis.car.gr"}, "metadata": {"type": "Bikes", "brand": "Kymco", "model": "B & W 250"}, "extras": ["Automatic", "Cast wheels", "Centerstand", "Electric starter", "Four-stroke engine", "Sidestand"], "description": "Η μοτοσυκλέτα είναι σε άριστη κατάσταση!!!!Σχεδόν καινούρια!!! με 7039 χιλιάδες χιλιόμετρα μόνο!!! Πραγματική ΕΥΚΑΙΡΙΑ!!!!!.Ελάχιστα χρησιμοποιημένη!!!! Ελαστικά εμπρός και πίσω σε πολύ καλή κατάσταση!!!!!!,Πρόσφατα έγινε service αλλαγή λαδιών,φίλτρoυ,μπουζί και μπαταρίας, ΚΤΕΟ!!! Δυο Χρόνια!!! - Δεκτός κάθε έλεγχος. - Μόνο σοβαρές προτάσεις!!!!!!! - Ωράριο καταστήματος!!!!Από Δευτέρα έως Παρασκευή - από 10:00.πρωί έως 18:30 το απόγευμα - Δεκτές παραγγελίες 10:00.πρωί έως 17:30 το απόγευμα - Σάββατο-Κυριακή κλειστά!!!!!!!! - Less - "}