{"query": {"url": "https://www.car.gr/10038417-suzuki-gsr-600", "type": "CAR_ADDE", "trial_count": 1, "last_processed": 1553103216}, "title": "Suzuki GSR 600  '06", "ad_id": "10038417", "ad_data": {"Make/Model": "Suzuki GSR 600 '06", "Classified number": "10038417", "Price": "€2.900", "Category": "Bike - Naked", "Registration": "8 / 2006", "Mileage": "52,000 km", "Fuel type": "Gasoline", "Cubic capacity": "600 cc", "Power": "98 bhp", "Color": "Black", "Modified": "37 days", "Times clicked": "2380", "Short link": "www.car.gr/10038417", "Telephone": "+30 2821099405"}, "ad_seller": {"Dealer": "CHANIA MOTORCYCLES", "Address": "ΝΙΚΟΛΑΟΥΠΛΑΣΤΗΡΑ4", "City": "ΧΑΝΙΑ", "": "+30 6980127373", "Fax": "+30 6996312247", "Dealer page": "https//stavroulakis-cars.car.gr/"}, "metadata": {"type": "Bikes", "brand": "Suzuki", "model": "GSR 600"}, "extras": ["Car Exchange", "Electric starter", "Exchange with Moto accepted", "Four-stroke engine", "Service Book"], "description": "αριστη κατασταση - Less - "}