{"query": {"url": "https://www.car.gr/10038472-husqvarna-sm-610", "type": "CAR_ADDE", "trial_count": 10, "last_processed": 1553093108}, "title": "Husqvarna SM 610  '04", "ad_id": "10038472", "ad_data": {"Make/Model": "Husqvarna SM 610 '04", "Classified number": "10038472", "Price": "€2.250", "Category": "Bike - Super Motard", "Registration": "1 / 2004", "Mileage": "6,600 km", "Fuel type": "Gasoline", "Cubic capacity": "576 cc", "Power": "58 bhp", "Color": "Black", "Kteo to": "04 / 2019", "Modified": "2 hours", "Times clicked": "8804", "Short link": "www.car.gr/10038472", "Telephone": "None"}, "ad_seller": {}, "metadata": {"type": "Bikes", "brand": "Husqvarna", "model": "SM 610"}, "extras": ["Centerstand", "Electric starter", "Exhibition", "Four-stroke engine", "Spoke wheels"], "description": "Αψογο,αδουλευτο,δούλευε μονο καλοκαίρια ελάχιστα!!κάτι καλύτερο δεν βρισκει κάποιος!! - Less - "}