{"query": {"url": "https://www.car.gr/10361360-kymco-xciting-300i", "type": "CAR_ADDE", "trial_count": 1, "last_processed": 1553093470}, "title": "Kymco Xciting 300i  '09", "ad_id": "10361360", "ad_data": {"Make/Model": "Kymco Xciting 300i '09", "Classified number": "10361360", "Price": "€1.999", "Category": "Bike - Roller/Scooter", "Registration": "5 / 2009", "Mileage": "14,500 km", "Fuel type": "Gasoline", "Cubic capacity": "300 cc", "Power": "24 bhp", "Color": "Grey (Metallic)", "Kteo to": "05 / 2019", "Liters/100km": "3.5 (Μικτό)", "Modified": "6 hours", "Times clicked": "4329", "Short link": "www.car.gr/10361360", "Telephone": "None"}, "ad_seller": {"Name": "Μιχάλης", "Address": "ΔΡΑΜΑP.ΔΡΑΜΑΣ"}, "metadata": {"type": "Bikes", "brand": "Kymco", "model": "Xciting 300i"}, "extras": ["Centerstand", "Service Book", "Sidestand"], "description": "ΜΕΓΑΛΗ ΕΥΚΑΙΡΙΑ!!!!ΑΨΟΓΟ,ΣΕ ΤΕΛΕΙΑ ΚΑΤΑΣΤΑΣΗ,ΤΑ ΧΙΛΙΟΜΕΤΡΑ ΤΟΥ ΠΡΑΓΜΑΤΙΚΑ ΜΕΧΡΙ ΚΑΙ ΤΟ ΤΕΛΕΥΤΑΙΟ ΜΕΤΡΟ,ΠΟΛΥ ΠΡΟΣΦΑΤΑ ΠΕΡΑΣΕ ΚΤΕΟ(30 ΜΑΙΟΥ 2017),ΠΟΛΥ ΠΡΟΣΦΑΤΑ ΕΓΙΝΕ ΚΑΙ ΤΟ ΣΕΡΒΙΣ-ΔΕΝ ΒΡΕΘΗΚΕ ΤΙΠΟΤΑ ΟΛΑ ΑΨΟΓΑ,ΑΠΟ ΤΗΝ ΑΓΟΡΑ ΤΟΥ ΠΑΝΤΑ ΦΥΛΆΣΣΕΤΑΙ ΣΕ ΚΛΕΙΣΤΟ-ΣΚΕΠΑΣΤΟ ΧΏΡΟ - Η Μηχανή φοράει ΟΛΟΚΑΊΝΟΥΡΓΙΑ ελαστικά MICHELIN city grip! - EXEI CBS,KAI ΤΕΛΙΚΗ ΣTA 155 Km/h(Κοντερ) ΆΡΙΣΤΟ!!!!!!! - ΝΕΑ ΤΙΜΗ 1999!!!!! - Less - "}