{"query": {"url": "https://www.car.gr/10223873-kawasaki-gpz-400-gpz-400-550", "type": "CAR_ADDE", "trial_count": 1, "last_processed": 1553105205}, "title": "Kawasaki GPZ 400 GPZ 400/550 '87", "ad_id": "10223873", "ad_data": {"Make/Model": "Kawasaki GPZ 400 GPZ 400/550 '87", "Classified number": "10223873", "Price": "€10", "Category": "Bike - Street Bike", "Registration": "7 / 1987", "Mileage": "1,234 km", "Fuel type": "Gasoline", "Cubic capacity": "400 cc", "Power": "70 bhp", "Color": "Black", "Liters/100km": "5.5 (Εκτός)/6.5 (Μικτό)", "Modified": "16 days", "Times clicked": "65", "Short link": "www.car.gr/10223873", "Telephone": "None"}, "ad_seller": {}, "metadata": {"type": "Bikes", "brand": "Kawasaki", "model": "GPZ 400"}, "extras": [], "description": "Μπροστινό κομπλέ 200€ - Ντεπόζιτο με οργανάκι 80€ - Σέλα σε πολύ καλή κατάσταση 80€ - Κουτί καρμπιρατέρ, φίλτρου, μπαταρίας και εργαλείων 50€ - Δύο τετράδες καρμπιρατέρ 100€ - Δεξιά βάση μαρσπιέ και πετάλ φρένου 20€ - Ουρά με χερούλια 30€ - Πλεξούδα με όλα αυτά που βλέπετε 100€ - Less - "}