{"query": {"url": "https://www.car.gr/10401142-aprilia-sl-750-shiver", "type": "CAR_ADDE", "trial_count": 10, "last_processed": 1553092919}, "title": "Aprilia SL 750 Shiver  '09", "ad_id": "10401142", "ad_data": {"Make/Model": "Aprilia SL 750 Shiver '09", "Classified number": "10401142", "Price": "€3.300", "Category": "Bike - Naked", "Registration": "1 / 2009", "Mileage": "51,500 km", "Fuel type": "Gasoline", "Cubic capacity": "750 cc", "Power": "86 bhp", "Color": "White", "Modified": "3 hours", "Times clicked": "310", "Short link": "www.car.gr/10401142", "Telephone": "None"}, "ad_seller": {}, "metadata": {"type": "Bikes", "brand": "Aprilia", "model": "SL 750 Shiver"}, "extras": [], "description": "Κτεο. Βιβλίο σέρβις. Ατρακαριστο. Όλο μαμά καμία μετατροπή.τέλη 2018.αλυσίδα.γραναζι - Less - "}