{"query": {"url": "https://www.car.gr/10112591-honda-cbr-900rr-fireblade", "type": "CAR_ADDE", "trial_count": 1, "last_processed": 1553104350}, "title": "Honda CBR 900RR Fireblade  '94", "ad_id": "10112591", "ad_data": {"Make/Model": "Honda CBR 900RR Fireblade '94", "Classified number": "10112591", "Price": "€2.200", "Category": "Bike - Super Sport", "Registration": "1 / 1994", "Mileage": "77,800 km", "Fuel type": "Gasoline", "Cubic capacity": "900 cc", "Power": "135 bhp", "Color": "Black", "Kteo to": "07 / 2020", "Modified": "48 days", "Times clicked": "868", "Short link": "www.car.gr/10112591", "Telephone": "None"}, "ad_seller": {}, "metadata": {"type": "Bikes", "brand": "Honda", "model": "CBR 900RR Fireblade"}, "extras": ["Alarm", "Exhaust Special", "Gelatin"], "description": "Ατρακαριστο,δεκτος καθε ελεγχος. - Less - "}