{"query": {"url": "https://www.car.gr/10711789-honda-xl-600-xl-600-r", "type": "CAR_ADDE", "trial_count": 1, "last_processed": 1553097123}, "title": "Honda XL 600 XL 600 R '83", "ad_id": "10711789", "ad_data": {"Make/Model": "Honda XL 600 XL 600 R '83", "Classified number": "10711789", "Price": "€2.400", "Category": "Bike - On/Off", "Registration": "8 / 1983", "Mileage": "15,000 km", "Fuel type": "Gasoline", "Cubic capacity": "600 cc", "Power": "45 bhp", "Color": "Red", "Kteo to": "01 / 2019", "Previous owners": "1", "Modified": "7 days", "Times clicked": "37", "Short link": "www.car.gr/10711789", "Telephone": "None"}, "ad_seller": {}, "metadata": {"type": "Bikes", "brand": "Honda", "model": "XL 600"}, "extras": [], "description": "ΠΙΝΑΚΙΔΑ ΚΛΑΣΙΚΟΥ ΚΑΡΤΑ FIVA ΧΩΡΙΣ ΜΕΤΑΤΡΟΠΕΣ ΔΕΚΤΟΣ ΚΑΘΕ ΕΛΕΧΟΣ ΣΕ ΑΡΙΙΣΤΗ ΚΑΤΑΣΤΑΣΗ ΓΙΑ ΤΑ ΧΡΟΝΙΑ ΤΟΥ ΑΝΤΑΛΑΓΕΣ ΔΕΚΤΕΣ - Less - "}