{"query": {"url": "https://www.car.gr/10126118-yamaha-yzf-r1", "type": "CAR_ADDE", "trial_count": 1, "last_processed": 1553105073}, "title": "Yamaha YZF-R1  '12", "ad_id": "10126118", "ad_data": {"Make/Model": "Yamaha YZF-R1 '12", "Classified number": "10126118", "Price": "€1", "Category": "Bike - Super Sport", "Registration": "1 / 2012", "Mileage": "3,200 km", "Fuel type": "Gasoline", "Cubic capacity": "1,000 cc", "Power": "182 bhp", "Color": "White", "Modified": "2 days", "Times clicked": "36", "Short link": "www.car.gr/10126118", "Telephone": "None"}, "ad_seller": {}, "metadata": {"type": "Bikes", "brand": "Yamaha", "model": "YZF-R1"}, "extras": ["ABS", "Cast wheels", "Electric starter", "Led lights", "Service Book"], "description": "Ολοκαίνουριο σε κλειστό γκαράζ...Αγκρατζουνιστο πολύ καλά προσεγμένο με τα σέρβις του όλα κομπλέ...πωλειται για λόγους μετακομισης στο εξωτερικό - Less - "}