{"query": {"url": "https://www.car.gr/10575578-kymco-xciting-250i", "type": "CAR_ADDE", "trial_count": 1, "last_processed": 1553101009}, "title": "Kymco Xciting 250i  '08", "ad_id": "10575578", "ad_data": {"Make/Model": "Kymco Xciting 250i '08", "Classified number": "10575578", "Price": "€1.800", "Category": "Bike - Roller/Scooter", "Registration": "6 / 2008", "Mileage": "35,000 km", "Fuel type": "Gasoline", "Cubic capacity": "250 cc", "Power": "21 bhp", "Color": "Black", "Kteo to": "08 / 2018", "Modified": "21 days", "Times clicked": "1832", "Short link": "www.car.gr/10575578", "Telephone": "+30 2382083888"}, "ad_seller": {"Dealer": "XTREME MOTOSTORE", "Address": "Εγνατίας53", "City": "ΓΙΑΝΝΙΤΣΑ", "": "+30 2382083888", "Fax": "+30 2382082006", "Dealer page": "https//xtreme.car.gr/"}, "metadata": {"type": "Bikes", "brand": "Kymco", "model": "Xciting 250i"}, "extras": ["Car Exchange", "Exchange with Moto accepted"], "description": ""}