{"query": {"url": "https://www.car.gr/10218421-yamaha-xt-600", "type": "CAR_ADDE", "trial_count": 1, "last_processed": 1553100765}, "title": "Yamaha XT 600  '89", "ad_id": "10218421", "ad_data": {"Make/Model": "Yamaha XT 600 '89", "Classified number": "10218421", "Price": "€3.500", "Category": "Bike - Εnduro", "Registration": "6 / 1989", "Mileage": "43,990 km", "Fuel type": "Gasoline", "Cubic capacity": "600 cc", "Power": "40 bhp", "Color": "Black (Metallic)", "Kteo to": "06 / 2020", "Modified": "20 days", "Times clicked": "3332", "Short link": "www.car.gr/10218421", "Telephone": "None"}, "ad_seller": {}, "metadata": {"type": "Bikes", "brand": "Yamaha", "model": "XT 600"}, "extras": [], "description": "ΤΟ ΜΗΧΑΝΑΚΙ ΕΙΝΑΙ ΜΕ ΑΠΛΑ ΛΟΓΙΑ ΤΕΛΕΙΟ.ΟΤΙ ΚΑΛΥΤΕΡΟ ΚΥΚΛΟΦΟΡΕΙ ΣΕ 89ΑΡΙ.ΜΟΝΟ ΣΟΒΑΡΈΣ ΠΡΟΤΆΣΕΙΣ.ΔΙΝΕΤΑΙ ΜΕ ΔΥΟ ΕΞΑΤΜΙΣΕΙΣ ΤΗΝ ΑRROW ΚΑΙ ΤΗΝ ΜΑΝHΣΙΑ.ΕΥΚΑΙΡΙΑ.MHN ENOXΛΕΙΤΕ ΑΣΚΟΠΑ. - Less - "}