{"query": {"url": "https://www.car.gr/10553162-daytona-smile-50", "type": "CAR_ADDE", "trial_count": 1, "last_processed": 1553102364}, "title": "Daytona  SMILE 50 '17", "ad_id": "10553162", "ad_data": {"Make/Model": "Daytona SMILE 50 '17", "Classified number": "10553162", "Price": "€985", "Category": "Bike - Roller/Scooter", "Registration": "7 / 2017", "Fuel type": "Gasoline", "Cubic capacity": "50 cc", "Power": "5 bhp", "Color": "White (Metallic)", "Modified": "30 days", "Times clicked": "759", "Short link": "www.car.gr/10553162", "Telephone": "+30 2461039664"}, "ad_seller": {"Dealer": "MOTOKINISI", "Address": "ΦΙΛΙΠΠΟΥΒ17", "City": "ΚΟΖΑΝΗ", "": "+30 2461039664", "Fax": "+30 2461039664", "Dealer page": "https//tzellos-motokinisi.car.gr/"}, "metadata": {"type": "Bikes", "brand": "Daytona", "model": "Daytona  SMILE 50 '17 - € 985 EUR"}, "extras": ["Automatic", "Centerstand", "Credit card-Visa accepted", "Exchange with Moto accepted", "Four-stroke engine", "Kick-Starter", "Service Book", "Sidestand"], "description": "Ένα scooter για όλους! - Τα ποιοτικά τεχνικά χαρακτηριστικά του Smile, το καθιστούν ένα ευέλικτο - και φιλικό στη χρήση όχημα. - ΚΙΝΗΤΗΡΑΣ\tΤετράχρονος - ΚΥΛΙΝΔΡΟΙ\t1 - ΤΡΟΦΟΔΟΣΙΑ\tΚαρμπυρατέρ - ΨΥΞΗ\tΑερόψυκτο - ΕΚΚΙΝΗΣΗ\tΜίζα-Μανιβέλα - ΒΑΡΟΣ\t79kg - Less - "}