{"query": {"url": "https://www.car.gr/10182046-kawasaki-zx-9r-ninja", "type": "CAR_ADDE", "trial_count": 1, "last_processed": 1553096989}, "title": "Kawasaki ZX-9R Ninja  '01", "ad_id": "10182046", "ad_data": {"Make/Model": "Kawasaki ZX-9R Ninja '01", "Classified number": "10182046", "Price": "€1.400", "Category": "Bike - Street Bike", "Registration": "1 / 2001", "Mileage": "70,000 km", "Fuel type": "Gasoline", "Cubic capacity": "900 cc", "Power": "141 bhp", "Color": "White", "Kteo to": "04 / 2020", "Previous owners": "1", "Modified": "7 days", "Times clicked": "3012", "Short link": "www.car.gr/10182046", "Telephone": "None"}, "ad_seller": {}, "metadata": {"type": "Bikes", "brand": "Kawasaki", "model": "ZX-9R Ninja"}, "extras": [], "description": "ΕΥΚΑΙΡΙΑ ΜΟΝΟ ΓΙΑ ΛΙΓΟ!!! - Εχει φωτα xenon καινουργια λαστιχα bridgeston η μηχανη βρισκεται σε αριστη κατασταση!εχουν μπει καινουργια γραναζια και αλυσιδα!δεκτη η ανταλλαγη με αυτοκινητο!πληρωμενα τελη του 2019 - Less - "}