{"query": {"url": "https://www.car.gr/10570373-honda-z-50", "type": "CAR_ADDE", "trial_count": 5, "last_processed": 1553093234}, "title": "Honda Z 50 ΓΝΗΣΙΟ ΟΛΟ ΣΥΛΛΕΚΤΙΚΟ  '96", "ad_id": "10570373", "ad_data": {"Make/Model": "Honda Z 50 ΓΝΗΣΙΟ ΟΛΟ ΣΥΛΛΕΚΤΙΚΟ  '96", "Classified number": "10570373", "Price": "€3.500", "Category": "Bike - Other", "Registration": "1 / 1996", "Mileage": "750 km", "Fuel type": "Gasoline", "Cubic capacity": "50 cc", "Power": "9 bhp", "Color": "Dark blue", "Modified": "17 minutes", "Times clicked": "3009", "Short link": "www.car.gr/10570373", "Telephone": "+30 2104416543"}, "ad_seller": {"Dealer": "<<MOTO ΑΛΕΞΙΟΥ>> ΕΜΠΟΡΙΑ ΜΟΤΟΣΥΚΛΕΤΩΝ, ANTAΛΛΑΓΕΣ-ΑΓΟΡΕΣ-ΠΩΛΗΣΕΙΣ-SERVISE-ΑΝΤΑΛΛΑΚΤΙΚΑ,ΑΝΑΚΑΤΑΣΚΕΥΕΣ ΣΕ ΟΛΑ ΤΑ ΜΟΤΟ ΣΤΙΣ ΚΑΛΥΤΕΡΕΣ ΤΙΜΕΣ,ΑΚΤΙΝΟΛΟΓΗΣΗ ΖΑΝΤΩΝ ΕΠΙΔΙΟΡΘΩΣΗ, ΑΝΑΚΑΤΑΣΚΕΥΗ ΚΑΙ ΒΑΦΗ.. ΔΙΕΚΠΑΙΡΕΩΣΕΙΣ-ΜΕΤΑΒΙΒΑΣΕΙΣ-ΚΤΕΟ-ΑΠΟΖΗΜΙΩΣΕΙΣ ΤΡΑΚΑΡΙΣΜΕΝΩΝ,ΣΥΝΕΡΓΑΖΟΜΑΣΤΕ ΜΕ ΟΛΕΣ ΤΙΣ ΑΣΦΑΛΙΣΤΙΚΕΣ ΕΤΑΙΡΙΕΣ.ΕΠΙΣΚΕΥΗ ΤΗΣ ΣΕΛΑΣ ΣΑΣ ΜΕ ΙΤΑΛΙΚΑ ΥΛΙΚΑ ,ΕΠΙΣΚΕΥΕΣ ΒΟΛΑΝ ΜΕ 2ΧΡΟΝΙΑ ΕΓΓΥΗΣΗ ΚΑΙ ΤΑ ΚΑΛΥΤΕΡΑ ΥΛΙΚΑ ,ΑΝΤ/ΚΑ ΠΑΝΤΟΣ ΤΥΠΟΥ ΚΑΙΝΟΥΡΙΑ ΚΑΙ ΜΕΤΑΧΕΙΡΙΣΜΕΝΑ,ΚΑΙ ΜΗΧΑΝΙΚΑ ΜΕΡΗ.ΟΛΕΣ ΤΙΣ ΜΑΡΚΕΣ ΛΑΔΙΩΝ ΕΛΑΣΤΙΚΩΝ ΚΑΙ ΑΞΕΣΟΥΑΡ.ΕΞΑΤΜΙΣΕΙΣ ΠΑΝΤΟΣ ΤΥΠΟΥ Κ ΧΕΙΡΟΠΟΙΗΤΕΣ Protecht. ΔΙΣΚΟΠΛΑΚΕΣ,ΖΑΝΤΕΣ. ΚΡΑΝΗ,ΜΠΑΚΑΖΙΕΡΕΣ,ΜΠΑΤΑΡΙΕΣ,ΣΕΛΕΣ Κ.Α.ΑΔΙΑΒΡΟΧΑ ΣΕ ΠΡΟΣΦΟΡΑ.ΠΟΔΗΛΑΤΑ ΚΑΙ ΑΞΕΣΟΥΑΡ ΠΟΔΗΛΑΤΩΝ .ΜΕΤΑΦΟΡΑ ΤΩΝ ΠΡΟΙΟΝΤΩΝ ΜΑΣ ΣΤΟ ΧΩΡΟ ΣΑΣ AΛΛΑ KAI ΤΙΣ ΜΟΤΟΣΥΚΛΕΤΕΣ,ΚΑΝΟΥΜΕ ΕΚΠΤΩΣΗ ΣΕ ΕΜΠΟΡΟΥΣ ΚΑΙ ΣΤΑ DELIVERY", "Address": "ΛΕΩΦΟΡΟΣΔΗΜΟΚΡΑΤΙΑΣ143", "City": "ΠΕΡΑΜΑ", "": "+30 2104416875", "Fax": "+30 2104416875", "Dealer page": "https//motoalexiou.car.gr/", "Website": "http//ΜΟΤΟΑΛΕΞΙΟΥ.CAR.GR", "Open hours": "Δευτέρα εώς Παρασκευή 9.30πμ εως 8.00μμ \nΣαβ/το κλειστά \nΚυριακή κλειστά"}, "metadata": {"type": "Bikes", "brand": "Honda", "model": "Z 50"}, "extras": ["Cargo Rack", "Exhibition", "Four-stroke engine", "Sidestand"], "description": "ΓΝΗΣΙΟ ΑΡΙΣΤΟ ΕΧΕΙ ΜΟΝΟ 750ΧΛΜ ΚΑΝΕΙ .ΑΓΡΑΤΖΟΥΝΙΣΤΟ ΑΤΡΑΚΑΡΙΣΤΟ ,ΜΕ ΠΛΗΡΕΣ ΣΕΡΒΙΣ. ΕΙΝΑΙ 50AΡΗ ΣΤΑ ΧΑΡΤΙΑ ΚΑΙ ΕΧΕΙ ΜΕΓΑΛΩΘΕΙ ΣΕ 80ΑΡΗ ΜΕ ΗΟΝDA ΚΥΛΙΝΔΡΟΠΙΣΤΟΝΑ.ΟΛΟ HONDA ΓΝΗΣΙΟ Ζ .ΔΕΚΤΟΣ ΚΑΘΕ ΕΛΕΓΧΟΣ - Less - "}