{"query": {"url": "https://www.car.gr/10570368-honda-z-50", "type": "CAR_ADDE", "trial_count": 7, "last_processed": 1553093161}, "title": "Honda Z 50 ΓΝΗΣΙΟ ΑΡΙΣΤΟ  '95", "ad_id": "10570368", "ad_data": {"Make/Model": "Honda Z 50 ΓΝΗΣΙΟ ΑΡΙΣΤΟ  '95", "Classified number": "10570368", "Price": "€3.000", "Category": "Bike - Other", "Registration": "1 / 1995", "Mileage": "1,500 km", "Fuel type": "Gasoline", "Cubic capacity": "50 cc", "Power": "5 bhp", "Color": "Dark blue", "Modified": "16 minutes", "Times clicked": "2177", "Short link": "www.car.gr/10570368", "Telephone": "+30 2104416543"}, "ad_seller": {"Dealer": "<<MOTO ΑΛΕΞΙΟΥ>> ΕΜΠΟΡΙΑ ΜΟΤΟΣΥΚΛΕΤΩΝ, ANTAΛΛΑΓΕΣ-ΑΓΟΡΕΣ-ΠΩΛΗΣΕΙΣ-SERVISE-ΑΝΤΑΛΛΑΚΤΙΚΑ,ΑΝΑΚΑΤΑΣΚΕΥΕΣ ΣΕ ΟΛΑ ΤΑ ΜΟΤΟ ΣΤΙΣ ΚΑΛΥΤΕΡΕΣ ΤΙΜΕΣ,ΑΚΤΙΝΟΛΟΓΗΣΗ ΖΑΝΤΩΝ ΕΠΙΔΙΟΡΘΩΣΗ, ΑΝΑΚΑΤΑΣΚΕΥΗ ΚΑΙ ΒΑΦΗ.. ΔΙΕΚΠΑΙΡΕΩΣΕΙΣ-ΜΕΤΑΒΙΒΑΣΕΙΣ-ΚΤΕΟ-ΑΠΟΖΗΜΙΩΣΕΙΣ ΤΡΑΚΑΡΙΣΜΕΝΩΝ,ΣΥΝΕΡΓΑΖΟΜΑΣΤΕ ΜΕ ΟΛΕΣ ΤΙΣ ΑΣΦΑΛΙΣΤΙΚΕΣ ΕΤΑΙΡΙΕΣ.ΕΠΙΣΚΕΥΗ ΤΗΣ ΣΕΛΑΣ ΣΑΣ ΜΕ ΙΤΑΛΙΚΑ ΥΛΙΚΑ ,ΕΠΙΣΚΕΥΕΣ ΒΟΛΑΝ ΜΕ 2ΧΡΟΝΙΑ ΕΓΓΥΗΣΗ ΚΑΙ ΤΑ ΚΑΛΥΤΕΡΑ ΥΛΙΚΑ ,ΑΝΤ/ΚΑ ΠΑΝΤΟΣ ΤΥΠΟΥ ΚΑΙΝΟΥΡΙΑ ΚΑΙ ΜΕΤΑΧΕΙΡΙΣΜΕΝΑ,ΚΑΙ ΜΗΧΑΝΙΚΑ ΜΕΡΗ.ΟΛΕΣ ΤΙΣ ΜΑΡΚΕΣ ΛΑΔΙΩΝ ΕΛΑΣΤΙΚΩΝ ΚΑΙ ΑΞΕΣΟΥΑΡ.ΕΞΑΤΜΙΣΕΙΣ ΠΑΝΤΟΣ ΤΥΠΟΥ Κ ΧΕΙΡΟΠΟΙΗΤΕΣ Protecht. ΔΙΣΚΟΠΛΑΚΕΣ,ΖΑΝΤΕΣ. ΚΡΑΝΗ,ΜΠΑΚΑΖΙΕΡΕΣ,ΜΠΑΤΑΡΙΕΣ,ΣΕΛΕΣ Κ.Α.ΑΔΙΑΒΡΟΧΑ ΣΕ ΠΡΟΣΦΟΡΑ.ΠΟΔΗΛΑΤΑ ΚΑΙ ΑΞΕΣΟΥΑΡ ΠΟΔΗΛΑΤΩΝ .ΜΕΤΑΦΟΡΑ ΤΩΝ ΠΡΟΙΟΝΤΩΝ ΜΑΣ ΣΤΟ ΧΩΡΟ ΣΑΣ AΛΛΑ KAI ΤΙΣ ΜΟΤΟΣΥΚΛΕΤΕΣ,ΚΑΝΟΥΜΕ ΕΚΠΤΩΣΗ ΣΕ ΕΜΠΟΡΟΥΣ ΚΑΙ ΣΤΑ DELIVERY", "Address": "ΛΕΩΦΟΡΟΣΔΗΜΟΚΡΑΤΙΑΣ143", "City": "ΠΕΡΑΜΑ", "": "+30 2104416875", "Fax": "+30 2104416875", "Dealer page": "https//motoalexiou.car.gr/", "Website": "http//ΜΟΤΟΑΛΕΞΙΟΥ.CAR.GR", "Open hours": "Δευτέρα εώς Παρασκευή 9.30πμ εως 8.00μμ \nΣαβ/το κλειστά \nΚυριακή κλειστά"}, "metadata": {"type": "Bikes", "brand": "Honda", "model": "Z 50"}, "extras": ["Cargo Rack", "Exhibition", "Four-stroke engine", "Sidestand"], "description": "ΓΝΗΣΙΟ ΑΡΙΣΤΟ ΑΓΡΑΤΖΟΥΝΙΣΤΟ ΑΤΡΑΚΑΡΙΣΤΟ ΕΧΕΙ ΚΑΝΕΙ ΤΟ ΠΛΗΡΕΣ ΣΕΡΒΙΣ ΔΕΚΤΟΣ ΚΑΘΕ ΕΛΕΓΧΟΣ - Less - "}