{"query": {"url": "https://www.car.gr/10458097-ktm-250-exc-f-ktm-250", "type": "CAR_ADDE", "trial_count": 1, "last_processed": 1553098403}, "title": "KTM 250 EXC-F Ktm 250 '07", "ad_id": "10458097", "ad_data": {"Make/Model": "KTM 250 EXC-F Ktm 250 '07", "Classified number": "10458097", "Price": "€3.000", "Category": "Bike - Εnduro", "Registration": "7 / 2007", "Mileage": "5,700 km", "Fuel type": "Gasoline", "Cubic capacity": "250 cc", "Power": "40 bhp", "Color": "Orange", "Modified": "11 days", "Times clicked": "330", "Short link": "www.car.gr/10458097", "Telephone": "None"}, "ad_seller": {"Name": "GiannisS.", "Address": "ΓΕΡΑΚΑΣP.ΑΤΤΙΚΗΣ"}, "metadata": {"type": "Bikes", "brand": "KTM", "model": "250 EXC-F"}, "extras": ["Electric starter", "Exchange with Moto accepted", "Four-stroke engine", "Kick-Starter"], "description": "Το μηχανάκί είναι άριστο όλα τα σέρβις στην ώρα τους.δεκτός κάθε έλεγχος!ανταλλαγή με super motard! Εξάτμιση arrow - Less - "}