{"query": {"url": "https://www.car.gr/10458077-shandong-liangzi-odes-150cc-170cc", "type": "CAR_ADDE", "trial_count": 1, "last_processed": 1553105177}, "title": "Shandong Liangzi  ODES 150CC-170CC '18", "ad_id": "10458077", "ad_data": {"Make/Model": "Shandong Liangzi ODES 150CC-170CC '18", "Classified number": "10458077", "Price": "€1", "Category": "Bike - Βuggy", "Registration": "10 / 2018", "Fuel type": "Gasoline", "Cubic capacity": "150 cc", "Power": "10 bhp", "Color": "Other", "Modified": "8 days", "Times clicked": "1174", "Short link": "www.car.gr/10458077", "Telephone": "+30 2109578933"}, "ad_seller": {"Dealer": "AUTO PROFIT RENAULT-DACIA-SSANGYONG", "Address": "Λ.ΣΥΓΓΡΟΥ294", "City": "ΚΑΛΛΙΘΕΑ", "": "+30 2109578934", "Fax": "+30 2109578938", "Dealer page": "https//autoprofit.car.gr/", "Website": "http//www.autoprofit.gr", "Open hours": "ΔΕΥΤΕΡΑ-ΠΑΡΑΣΚΕΥΗ\n09.00-20.00\nΣΑΒΒΑΤΟ \n10.00-14.00"}, "metadata": {"type": "Bikes", "brand": "Shandong Liangzi", "model": "Shandong Liangzi  ODES 150CC-170CC '18 - € 1 EUR"}, "extras": [], "description": "ΑΝΤΑΛΛΑΚΤΙΚΑ(ΤΑ ΠΑΝΤΑ) ΕΤΟΙΜΟΠΑΡΑΔΟΤΑ: - (ΜΟΝΤΕΛΑ 2013-2017) - ΣΑΣΙ - ΠΕΡΙΦΕΡΕΙΑΚΑ ΠΛΑΣΤΙΚΑ - ΠΡΟΦΥΛΑΚΤΗΡΕΣ - ΜΗΧΑΝΗΣ - ΣΑΣΜΑΝ - ΣΥΣΤΗΜΑΤΟΣ ΦΡΕΝΩΝ - ΨΑΛΙΔΙΑ - ΑΚΡΟΜΠΑΡΑ - ΔΙΣΚΟΠΛΑΚΕΣ - ΑΛΥΣΙΔΕΣ - ΙΜΑΝΤΕΣ - ΑΜΟΡΤΙΣΕΡ - ΡΟΥΛΕΜΑΝ - Less - "}