{"query": {"url": "https://www.car.gr/10137293-honda-crosstourer-1200-1", "type": "CAR_ADDE", "trial_count": 1, "last_processed": 1553096495}, "title": "Honda Crosstourer 1200 ΑΡΙΣΤΟ 1 ΧΡΟΝΟ ΕΓΓΥΗΣΗ '13", "ad_id": "10137293", "ad_data": {"Make/Model": "Honda Crosstourer 1200 ΑΡΙΣΤΟ 1 ΧΡΟΝΟ ΕΓΓΥΗΣΗ '13", "Classified number": "10137293", "Price": "€10.995", "Category": "Bike - On/Off", "Registration": "9 / 2013", "Mileage": "18,000 km", "Fuel type": "Gasoline", "Cubic capacity": "1,200 cc", "Power": "125 bhp", "Color": "Red (Metallic)", "Previous owners": "1", "Modified": "5 days", "Times clicked": "47", "Short link": "www.car.gr/10137293", "Telephone": "+30 2310886200"}, "ad_seller": {"Dealer": "RIDERSMARKET", "Address": "ΠΑΠΑΝΑΣΤΑΣΙΟΥ31", "City": "ΘΕΣΣΑΛΟΝΙΚΗ", "": "+30 2310900013", "Fax": "+30 2310858002", "Dealer page": "https//nikitakis.car.gr/", "Website": "http//WWW.RIDERSMARKET.GR", "Open hours": "ΔΕΥΤΕΡΑ - ΠΑΡΑΣΚΕΥΗ  900-1730"}, "metadata": {"type": "Bikes", "brand": "Honda", "model": "Crosstourer 1200"}, "extras": ["ABS", "Cargo Rack", "Centerstand", "Credit card-Visa accepted", "Electric starter", "Exchange with Moto accepted", "Exhibition", "Four-stroke engine", "Gelatin", "Heated Handguards", "Service Book", "Sidestand", "Spoke wheels", "Top Box-Μπαγκαζιέρα", "Trip computer"], "description": "ΑΝΤΙΠΡΟΣΩΠΕΙΑ HONDA ΝΙΚΗΤΑΚΗΣ ΑΝΑΤΟΛΙΚΗΣ ΘΕΣΣΑΛΟΝΙΚΗΣ - ΜΕ ΠΟΛΥΕΤΉ ΕΜΠΕΙΡΊΑ ΣΤΟ ΧΩΡΟ ΤΗΣ ΜΟΤΟΣΙΚΛΈΤΑΣ 35 ΧΡΌΝΩΝ - ΜΕ ΟΡΓΆΝΩΣΗ ΚΑΙ ΣΥΝΈΠΕΙΑ - ΣΑΣ ΠΡΟΣΦΕΡΟΥΜΕ ΆΡΙΣΤΗ ΠΟΙΌΤΗΤΑ ΥΠΗΡΕΣΙΏΝ - ΣΤΗ ΠΩΛΗΣΗ ΜΟΤΟ - ΑΞΕΣΟΥΑΡ - SERVICE - ΑΝΤΑΛΛΑΚΤΙΚΑ - ΕΛΑΣΤΙΚΑ - ΚΑΙ ΣΕ ΟΤΙ ΑΛΛΟ ΧΡΕΙΑΣΤΕΊΤΕ -ΕΚΠΤΩΤΙΚΗ ΚΑΡΤΑ RIDERSMARKET - Less - "}