{"query": {"url": "https://www.car.gr/10137228-carelli", "type": "CAR_ADDE", "trial_count": 1, "last_processed": 1553093416}, "title": "Αλλο  CARELLI '80", "ad_id": "10137228", "ad_data": {"Make/Model": "Αλλο CARELLI '80", "Classified number": "10137228", "Price": "€200", "Category": "Bike - Roller/Scooter", "Registration": "1 / 1980", "Mileage": "100 km", "Fuel type": "Other", "Cubic capacity": "50 cc", "Power": "4 bhp", "Color": "Black", "Modified": "6 hours", "Times clicked": "3142", "Short link": "www.car.gr/10137228", "Telephone": "+30 6980589005"}, "ad_seller": {"Dealer": "4x4 AUTO KATSOURINI S.", "Address": "2Οοχιλμ.ΑΘΗΝΩΝ-ΛΑΜΙΑΣΕΞΟΔΟΣΒΑΡΥΜΠΟΠΗΣ(διπλααποmegaΑΒΒασιλοπουλο)Νεαερυθραια.Tηλ.ΡΑΝΤΕΒΟΥ6980589005", "City": "ΝΕΑΕΡΥΘΡΑΙA", "": "+30 6980589005", "Dealer page": "https//auto-katsourinis.car.gr/"}, "metadata": {"type": "Bikes", "brand": "Αλλο", "model": "Αλλο  CARELLI '80 - € 200 EUR"}, "extras": ["Automatic", "Car Exchange", "Cast wheels", "Exchange with Moto accepted", "Exhibition", "Semiautomatic", "Two-stroke"], "description": "]]6980589005]ΓΙΟΡΓΗΣ]ανταλλαγη,χΩΡΗΣ,ΧΑΡΤΙΑ, - Less - "}