{"query": {"url": "https://www.car.gr/10192109-suzuki-v-strom-650-dl", "type": "CAR_ADDE", "trial_count": 1, "last_processed": 1553097226}, "title": "Suzuki V-Strom 650 DL '07", "ad_id": "10192109", "ad_data": {"Make/Model": "Suzuki V-Strom 650 DL '07", "Classified number": "10192109", "Price": "€4.000", "Category": "Bike - Street Bike", "Registration": "6 / 2007", "Mileage": "45,000 km", "Fuel type": "Gasoline", "Cubic capacity": "650 cc", "Power": "8 bhp", "Color": "Black (Metallic)", "Kteo to": "10 / 2018", "Liters/100km": "4 (Εντός)/5 (Εκτός)/3 (Μικτό)", "Previous owners": "1", "Modified": "8 days", "Times clicked": "39", "Short link": "www.car.gr/10192109", "Telephone": "None"}, "ad_seller": {"Name": "ΓΙΩΡΓΟΣ", "Address": "ΚΟΥΦΑΛΙΑP.ΘΕΣΣΑΛΟΝΙΚΗΣ"}, "metadata": {"type": "Bikes", "brand": "Suzuki", "model": "V-Strom 650"}, "extras": [], "description": "ΚΑΙΝΟΥΡΙΑ ΚΑΔΕΝΑ,ΛΑΣΤΙΧΑ,ΜΠΟΥΖΙ - Less - "}