{"query": {"url": "https://www.car.gr/10122637-ktm-640-lc4-adventure-r-adventure-640", "type": "CAR_ADDE", "trial_count": 1, "last_processed": 1553101227}, "title": "KTM 640 LC4 Adventure R ADVENTURE 640 '04", "ad_id": "10122637", "ad_data": {"Make/Model": "KTM 640 LC4 Adventure R ADVENTURE 640 '04", "Classified number": "10122637", "Price": "€3.500", "Category": "Bike - On/Off", "Registration": "7 / 2004", "Mileage": "50,000 km", "Fuel type": "Gasoline", "Cubic capacity": "625 cc", "Power": "54 bhp", "Color": "Orange (Metallic)", "Kteo to": "05 / 2019", "Previous owners": "1", "Modified": "22 days", "Times clicked": "3666", "Short link": "www.car.gr/10122637", "Telephone": "None"}, "ad_seller": {}, "metadata": {"type": "Bikes", "brand": "KTM", "model": "640 LC4 Adventure R"}, "extras": [], "description": "Άριστο, service book, service shop Six Days ΤΣΟΛΕΡΙΔΗΣ ΣΤΑΥΡΟΣ, φοράει Acrapovic με καινούργιο μονωτικό υλικό (υπάρχει και η δίκη της εξάτμιση), στο μπροστινό εχει γίνει service και πίσω επίσης, μπροστά φοράει το WP 45mm & πίσω επίσης WP, αλλάχτηκε το ελατήριο πίσω με καινούργιο λίγο πιο σκληρό (δινεται και το προηγούμενο ελατήριο), δυο ζευγάρια χούφτες (μαύρες και πορτοκαλί, εχει βάσεις και βαλίτσες αλουμινίου TOURATECH KTM RACING PARTS, δυο μπαταρίες, τρία φίλτρα αέρος (τα δυο καινούργια), αλλαγή υγρών φρενών μπροστά και πισω, αλλαγή ψυκτικού υγρού, όλα τα παραπάνω αλλάχθηκαν τον Ιανουάριο του 2019,σχάρα αλουμινίου πίσω για φόρτωμα ταξιδιωτικού σάκου, λάστιχα καινούργια HEIDENAU SCOOT K60, αντικραδασμικα τιμονιού, καινούργια σέλα comfort K seats, εμφανίζονται στην τελευταία φωτογραφία, δεκτός έλεγχος, έτοιμο για ταξίδια! Οι πινακίδες παραδόθηκαν λόγω αγοράς καινούργιας, πληρωμένα τέλη 2019.Προκειται για εξαιρετικό εργαλείο για τους αναβάτες περιπέτειας, με το μοντέλο αυτό η KTM καθιερώθηκε σε αγώνες αντοχής όπως το Παρίσι Ντακαρ! - Less - "}