{"query": {"url": "https://www.car.gr/10706261-suzuki-dr-650", "type": "CAR_ADDE", "trial_count": 1, "last_processed": 1553096739}, "title": "Suzuki DR 650  '05", "ad_id": "10706261", "ad_data": {"Make/Model": "Suzuki DR 650 '05", "Classified number": "10706261", "Price": "€3.000", "Category": "Bike - Super Motard", "Registration": "8 / 2005", "Mileage": "13,000 km", "Fuel type": "Gasoline", "Cubic capacity": "650 cc", "Power": "55 bhp", "Color": "Yellow", "Kteo to": "01 / 2019", "Modified": "6 days", "Times clicked": "315", "Short link": "www.car.gr/10706261", "Telephone": "None"}, "ad_seller": {}, "metadata": {"type": "Bikes", "brand": "Suzuki", "model": "DR 650"}, "extras": [], "description": "Η ΜΗΧΑΝΗ ΕΙΝΑΙ ΣΕ ΑΡΙΣΤΗ ΚΑΤΑΣΤΑΣΗ Η ΦΩΤΟ ΜΙΛΑΝΕ ΑΠΟ ΜΟΝΕΣ ΤΟΥΣ ΔΕΚΤΟΣ ΚΑΘΕ ΕΛΕΧΟΣ!ΕΧΕΙ ΚΑΙΝΟΥΡΓΙΑ ΕΛΑΣΤΙΚΑ HEIDENAU ,ΑΛΙΣΥΔΟΓΡΑΝΑΖΑ ,ΖΑΝΤΕΣ ΑΛΟΥΜΙΝΙΟΥ - ΚΑΙ ΧΕΙΡΟΠΟΙΗΤΗ ΑΝΟΞΕΙΔΩΤΗ ΟΛΟΣΩΜΗ ΕΞΑΤΜΗΣΗ RACE GUNS! - Less - "}