{"query": {"url": "https://www.car.gr/10155747-honda-xl-1000v-varadero-injection", "type": "CAR_ADDE", "trial_count": 1, "last_processed": 1553099735}, "title": "Honda XL 1000V Varadero INJECTION  '04", "ad_id": "10155747", "ad_data": {"Make/Model": "Honda XL 1000V Varadero INJECTION  '04", "Classified number": "10155747", "Price": "€3.500", "Category": "Bike - On/Off", "Registration": "3 / 2004", "Mileage": "40,100 km", "Fuel type": "Gasoline", "Cubic capacity": "996 cc", "Power": "100 bhp", "Color": "Black (Metallic)", "Modified": "15 days", "Times clicked": "4883", "Short link": "www.car.gr/10155747", "Telephone": "None"}, "ad_seller": {}, "metadata": {"type": "Bikes", "brand": "Honda", "model": "XL 1000V Varadero"}, "extras": ["Alarm", "Bars", "Electric starter", "Engine Guards", "Exchange with Moto accepted", "Four-stroke engine", "Gelatin", "Injection", "Service Book", "Skid Plate", "Top Box-Μπαγκαζιέρα"], "description": "H ΜΗΧΑΝΗ ΕΙΝΑΙ ΣΕ ΑΡΙΣΤΗ ΚΑΤΑΣΤΑΣΗ ΚΑΛΟΣΥΝΤΗΡΗΜΕΝΗ ΚΑΙ ΦΥΛΑΣΕΤΑΙ ΠΑΝΤΑ ΣΕ ΚΛΕΙΣΤΟ ΓΚΑΡΑΖ. ΕΧΕΙ ΚΑΙΝΟΥΡΓΙΑ ΜΠΑΤΑΡΙΑ ΑΛΛΑΓΗ 28/09/2017,ΣΥΝΑΓΕΡΜΟ,ΖΕΛΑΤΙΝΑ ΜΕΓΑΛΗ ΚΑΙ ΜΙΚΡΗ, BAGSTER,ΜΠΑΓΚΑΖΙΕΡΑ,ΔΙΑΘΕΤΕΙ ΚΑΓΚΕΛΑ ΚΙΝΗΤΗΡΑ, ΔΙΑΚΟΠΤΗΣ ΦΩΤΩΝ. ΤΑ SERVICE ΕΧΟΥΝ ΓΙΝΕΙ ΣΤΗΝ ΩΡΑ ΤΟΥΣ. ΔΕΚΤΟΣ ΚΑΘΕ ΕΛΕΓΧΟΣ ΣΕ ΣΥΝΕΡΓΕΙΟ ΤΗΣ ΑΡΕΣΚΕΙΑΣ ΣΑΣ. - Less - "}