{"query": {"url": "https://www.car.gr/10365800-bmw-r-26-r-26", "type": "CAR_ADDE", "trial_count": 1, "last_processed": 1553095517}, "title": "Bmw R 26 R 26 '54", "ad_id": "10365800", "ad_data": {"Make/Model": "Bmw R 26 R 26 '54", "Classified number": "10365800", "Price": "€3.500", "Category": "Bike - Street Bike", "Registration": "1 / 1954", "Mileage": "99,000 km", "Fuel type": "Gasoline", "Cubic capacity": "250 cc", "Power": "15 bhp", "Color": "Black", "Kteo to": "01 / 2018", "Modified": "3 days", "Times clicked": "706", "Short link": "www.car.gr/10365800", "Telephone": "+30 2661099419"}, "ad_seller": {"Dealer": "SAL YACHTS", "Address": "ΣΠΥΡΟΥΜΟΥΡΙΚΗ3ΚΕΡΚΥΡΑ", "City": "ΚΕΡΚΥΡΑ", "": "+30 6948681503", "Dealer page": "https//salyachts.car.gr/", "Website": "http//salyachts.com/"}, "metadata": {"type": "Bikes", "brand": "Bmw", "model": "R 26"}, "extras": ["Spoke wheels"], "description": "ΑΠΟ ΓΕΝΙΚΗ ΕΠΙΣΚΕΥΗ ΚΑΙ ΣΕ ΚΥΚΛΟΦΟΡΙΑ - ΚΑΤΑΣΤΑΣΗ ΑΡΙΣΤΗ, κτεο 2019 - Less - "}