{"query": {"url": "https://www.car.gr/10293354-suzuki-dl-1000-v-strom-2007-full-extra", "type": "CAR_ADDE", "trial_count": 1, "last_processed": 1553096235}, "title": "Suzuki DL 1000 V-STROM Μοντέλο 2007 Full Extra '07", "ad_id": "10293354", "ad_data": {"Make/Model": "Suzuki DL 1000 V-STROM Μοντέλο 2007 Full Extra '07", "Classified number": "10293354", "Price": "€3.200", "Category": "Bike - On/Off", "Registration": "3 / 2007", "Mileage": "74,000 km", "Fuel type": "Gasoline", "Cubic capacity": "1,000 cc", "Power": "100 bhp", "Color": "Black (Metallic)", "Kteo to": "01 / 2019", "Modified": "4 days", "Times clicked": "1266", "Short link": "www.car.gr/10293354", "Telephone": "None"}, "ad_seller": {"Name": "Γιώργος", "Address": "ΗΡΑΚΛΕΙΟP.ΗΡΑΚΛΕΙΟΥ"}, "metadata": {"type": "Bikes", "brand": "Suzuki", "model": "DL 1000 V-STROM"}, "extras": ["Cast wheels", "Electric starter", "Exchange with Moto accepted", "Exhaust Special", "Four-stroke engine", "Gelatin", "Kick-Starter", "Led lights", "Sidestand"], "description": "πωλείται Suzuki Vstrom DL1000 μοντέλο 2007 σε υπεράριστη κατάσταση. έχει χρησιμοποιηθεί μόνο σε ταξίδια εντός κι εκτός Ελλάδας. Άψογα συντηρημένο, εξοπλισμένο με ότι απαιτείται για ασφαλή και άνετη οδήγηση. - Παρακαλώ μόνο σοβαρές προτάσεις. Δεν χαρίζεται. Πωλείται λόγω αλλαγής κατηγορίας - Η μηχανή μπορεί να φαίνεται ακριβή σε κάποιους αλλά είναι φθηνή συγκριτικά με την κατάσταση της και αυτά που έχει πάνω. Όποιος γνωρίζει πραγματικά από μηχανές θα το καταλάβει μόλις την καβαλήσει. - Η τιμή περιλαμβάνει μόνο αυτά που αναφέρονται παρακάτω. - Όλα τα υπόλοιπα που φαίνονται στις φωτό είναι κατόπιν συζητήσεως - Ελαστικά Bridgestone BW501 με 5000χλμ - Ανάρτηση Πίσω Ohlins με εξωτερική ρύθμιση - Ελατήρια Εμπρός White Power - Εξατμίσεις Yoshimura με σιγαστήρες - Δαγκάνες Brembo 4πίστονες εμπρός με αποστάτες - Σωληνάκια υψηλής - Ζελατίνα MRA με φρυδάκι - Λάμπες LED στα κυρίως φώτα - Less - "}