{"query": {"url": "https://www.car.gr/10088594-honda-transalp", "type": "CAR_ADDE", "trial_count": 1, "last_processed": 1553096172}, "title": "Honda Transalp ανταλλαγη  '00", "ad_id": "10088594", "ad_data": {"Make/Model": "Honda Transalp ανταλλαγη  '00", "Classified number": "10088594", "Price": "€880", "Category": "Bike - Sport Touring", "Registration": "11 / 2000", "Mileage": "30,200 km", "Fuel type": "Gasoline", "Cubic capacity": "400 cc", "Power": "30 bhp", "Color": "Light Blue (Metallic)", "Kteo to": "10 / 2020", "Liters/100km": "3 (Εκτός)", "Previous owners": "1", "Modified": "4 days", "Times clicked": "285", "Short link": "www.car.gr/10088594", "Telephone": "None"}, "ad_seller": {}, "metadata": {"type": "Bikes", "brand": "Honda", "model": "Transalp"}, "extras": ["Car Exchange", "Cargo Rack", "Centerstand", "Electric starter", "Exchange with Moto accepted", "Sidestand", "Skid Plate", "Top Box-Μπαγκαζιέρα"], "description": "το μοτο ειναι 1 χερι σε καλη κατασταση μοτερ αψογο εχη κανη σερβισ και εχη κανη 1200 χιλμ μαιοσ 18 αλαχτηκαν αμορτισερ πισο φρενα μπροσ-πισο αλισιδα γραναζια μεβρανεσ καμπυλατερ θελη υλεκτρονικη μπαταρια υασα μπακαζιερα παντα σε γκαραζ καμια σκουρια ατρακαριστο μονο ενα πεσιμο παρκαρισμενο κτεο εοσ 10\\2020 καμμια παρατηρηση ανταλαγη με παπι - Less - "}