{"query": {"url": "https://www.car.gr/10077779-honda", "type": "CAR_ADDE", "trial_count": 1, "last_processed": 1553096508}, "title": "Honda   '00", "ad_id": "10077779", "ad_data": {"Make/Model": "Honda '00", "Classified number": "10077779", "Price": "€300", "Category": "Bike - On/Off", "Registration": "1 / 2000", "Mileage": "5,000 km", "Fuel type": "Gasoline", "Cubic capacity": "80 cc", "Power": "12 bhp", "Color": "Red", "Modified": "6 days", "Times clicked": "6945", "Short link": "www.car.gr/10077779", "Telephone": "+30 2102812708"}, "ad_seller": {"Dealer": "Autopart Poulios", "Address": "Λ.ΗΡΑΚΛΕΙΟΥ504", "City": "ΝΕΟΗΡΑΚΛΕΙΟ", "": "+30 2102824814", "Fax": "+30 2102832743", "Dealer page": "https//poulios-autoparts.car.gr/", "Website": "http//www.autopartpoulios.gr", "Open hours": "Δευτέρα - Παρασκευή 9  00 - 18  30 &    Σάββατο 9  00 - 15  00"}, "metadata": {"type": "Bikes", "brand": "Honda", "model": "Honda   '00 - € 300 EUR (Negotiable)"}, "extras": [], "description": ""}