{"query": {"url": "https://www.car.gr/10719467-suzuki-gsx-r-1000-k6", "type": "CAR_ADDE", "trial_count": 1, "last_processed": 1553098128}, "title": "Suzuki GSX-R 1000 K6 '06", "ad_id": "10719467", "ad_data": {"Make/Model": "Suzuki GSX-R 1000 K6 '06", "Classified number": "10719467", "Price": "€4.700", "Category": "Bike - Super Sport", "Registration": "3 / 2006", "Mileage": "58,500 km", "Fuel type": "Gasoline", "Cubic capacity": "1,000 cc", "Power": "170 bhp", "Color": "Blue", "Kteo to": "12 / 2020", "Modified": "10 days", "Times clicked": "6708", "Short link": "www.car.gr/10719467", "Telephone": "None"}, "ad_seller": {}, "metadata": {"type": "Bikes", "brand": "Suzuki", "model": "GSX-R 1000"}, "extras": ["Exchange with Moto accepted"], "description": "Σταμπιλιζατερ OHLINS σωληνακια υψηλης βαση πινακιδας αναδιπλουμενη και αλλα εξτρα... - Less - "}