{"query": {"url": "https://www.car.gr/10719461-kawasaki-zxr-400", "type": "CAR_ADDE", "trial_count": 1, "last_processed": 1553093289}, "title": "Kawasaki ZXR 400  '01", "ad_id": "10719461", "ad_data": {"Make/Model": "Kawasaki ZXR 400 '01", "Classified number": "10719461", "Price": "€2.000", "Category": "Bike - Super Sport", "Registration": "1 / 2001", "Mileage": "39,000 km", "Fuel type": "Gasoline", "Cubic capacity": "400 cc", "Power": "78 bhp", "Color": "Green (Metallic)", "Kteo to": "01 / 2018", "Modified": "6 hours", "Times clicked": "4963", "Short link": "www.car.gr/10719461", "Telephone": "None"}, "ad_seller": {"Name": "Δημητρης", "Address": "ΑΘΗΝΑP.ΑΤΤΙΚΗΣ"}, "metadata": {"type": "Bikes", "brand": "Kawasaki", "model": "ZXR 400"}, "extras": ["Antique-Classic", "Electric starter", "Exchange with Moto accepted", "Exhaust Special", "Four-stroke engine", "Gelatin", "Sidestand"], "description": "Η μηχανη ειναι οπως την βλεπετε σε αριστη κατασταση,καινουρια λαστιχα ,παντα σε κλειστο γκαραζ, σερβις λαδια καινουρια μπουζια κτλπ προσφατα. Οποιοσδιποτε ελενχος δεκτος! - Less - "}