{"query": {"url": "https://www.car.gr/10068058-kawasaki-zx-12-r", "type": "CAR_ADDE", "trial_count": 1, "last_processed": 1553105055}, "title": "Kawasaki ZX-12 R  '02", "ad_id": "10068058", "ad_data": {"Make/Model": "Kawasaki ZX-12 R '02", "Classified number": "10068058", "Price": "Askforprice", "Category": "Bike - Super Sport", "Registration": "1 / 2002", "Mileage": "35,000 km", "Fuel type": "Gasoline", "Cubic capacity": "1,200 cc", "Power": "185 bhp", "Color": "Green", "Modified": "2 days", "Times clicked": "4263", "Short link": "www.car.gr/10068058", "Telephone": "+30 2741072037"}, "ad_seller": {"Dealer": "Μoto Κordalis", "Address": "ΚΡΗΤΙΚΑΑΡΧΑΙΑΣΚΟΡΙΝΘΟΥ", "City": "ΚΟΡΙΝΘΟΣ", "": "+30 6973492024", "Fax": "+30 2741072037", "Dealer page": "https//moto-kordalis.car.gr/", "Website": "http//www.motokordalis.gr"}, "metadata": {"type": "Bikes", "brand": "Kawasaki", "model": "ZX-12 R"}, "extras": [], "description": ""}