{"query": {"url": "https://www.car.gr/10103113-suzuki-v-strom-650", "type": "CAR_ADDE", "trial_count": 1, "last_processed": 1553096352}, "title": "Suzuki V-Strom 650  '07", "ad_id": "10103113", "ad_data": {"Make/Model": "Suzuki V-Strom 650 '07", "Classified number": "10103113", "Price": "€3.800", "Category": "Bike - On/Off", "Registration": "1 / 2007", "Mileage": "42,700 km", "Fuel type": "Gasoline", "Cubic capacity": "650 cc", "Power": "70 bhp", "Color": "Black", "Kteo to": "04 / 2021", "Modified": "5 days", "Times clicked": "18113", "Short link": "www.car.gr/10103113", "Telephone": "None"}, "ad_seller": {}, "metadata": {"type": "Bikes", "brand": "Suzuki", "model": "V-Strom 650"}, "extras": ["Service Book"], "description": "Το μηχανάκι ειναι καθαρό - Πραγματικά χιλιόμετρα - Δεν το μεταχειρίζομαι λόγο εργασίας - Πρόσφατο σέρβις λάδια και φίλτρο λαδιού - Μονο σοβαρές συζητήσεις - Ειναι σαν καινουριο.!!!Δεν χρειαζεται ουτε ενα ευρω.!!!Φυλασσεται σε γκαραζ!!!Αριστο!!! - Ειναι σαν ΚΑΙΝΟΥΡΓΙΟ.!!!ΚΑΘΑΡΟ...!!!ΤΕΛΕΙΟ..!!!ΔΕΚΤΟΣ ΟΠΟΙΟΣΔΗΠΟΤΕ ΕΛΕΓΧΟΣ..... - Less - "}