{"query": {"url": "https://www.car.gr/10184653-honda-varadero", "type": "CAR_ADDE", "trial_count": 1, "last_processed": 1553101961}, "title": "Honda Varadero  '08", "ad_id": "10184653", "ad_data": {"Make/Model": "Honda Varadero '08", "Classified number": "10184653", "Price": "€5.200", "Category": "Bike - On/Off", "Registration": "10 / 2008", "Mileage": "56,000 km", "Fuel type": "Gasoline", "Cubic capacity": "1,000 cc", "Power": "98 bhp", "Color": "Black", "Kteo to": "10 / 2018", "Modified": "27 days", "Times clicked": "271", "Short link": "www.car.gr/10184653", "Telephone": "None"}, "ad_seller": {}, "metadata": {"type": "Bikes", "brand": "Honda", "model": "Varadero"}, "extras": ["ABS", "Bars", "Car Exchange", "Engine Guards", "Gelatin", "Heated Handguards", "Sidestand"], "description": "Ανταλλαγή με jet ski see doo 2008μοντελο κ πάνω! Διαφορά εκ μέρος μου! - Less - "}