{"query": {"url": "https://www.car.gr/10641853-brixton-bx-125-injection", "type": "CAR_ADDE", "trial_count": 1, "last_processed": 1553098377}, "title": "Brixton BX 125 Injection &Δωρα....!!! '17", "ad_id": "10641853", "ad_data": {"Make/Model": "Brixton BX 125 Injection &Δωρα....!!! '17", "Classified number": "10641853", "Price": "€2.580", "Category": "Bike - Custom", "Registration": "1 / 2017", "Fuel type": "Gasoline", "Cubic capacity": "125 cc", "Power": "12 bhp", "Color": "Green", "Modified": "10 days", "Times clicked": "450", "Short link": "www.car.gr/10641853", "Telephone": "+30 2831072335"}, "ad_seller": {"Dealer": "ΜΟΤΟ ΠΑΠΑΔΟΓΙΑΝΝΗΣ (SYM,KAWASAKI,PEYGEOT,MODENAS,DAYTONA,DAELIM)", "Address": "ΣΦΑΚΑΚΙ", "City": "ΡΕΘΥΜΝΟ", "": "+30 6978068593", "Fax": "+30 2831072335", "Dealer page": "https//motopapadogiannis.car.gr/", "Website": "https//motopapadogiannis.gr/", "Open hours": "ΔΕΥΤΕΡΑ 9πμ-4μμ\nΤριτη 9πμ-9μμ\nΤεταρτη 9πμ-4μμ\nΠεμπτη 9πμ-9μμ\nΠαρασκευη 9πμ-9μμ\nΣαββατο 9πμ-4μμ"}, "metadata": {"type": "Bikes", "brand": "Brixton", "model": "BX 125 Injection"}, "extras": ["Four-stroke engine", "Sidestand"], "description": ""}