{"query": {"url": "https://www.car.gr/10587210-aprilia-scarabeo-200", "type": "CAR_ADDE", "trial_count": 10, "last_processed": 1553092879}, "title": "Aprilia Scarabeo 200  '10", "ad_id": "10587210", "ad_data": {"Make/Model": "Aprilia Scarabeo 200 '10", "Classified number": "10587210", "Price": "€1.600", "Category": "Bike - Roller/Scooter", "Registration": "1 / 2010", "Mileage": "60,000 km", "Fuel type": "Gasoline", "Cubic capacity": "200 cc", "Power": "20 bhp", "Color": "Black", "Modified": "5 hours", "Times clicked": "2367", "Short link": "www.car.gr/10587210", "Telephone": "+30 2109704500"}, "ad_seller": {"Dealer": "Κ.ΛΥΜΠΕΡΟΠΟΥΛΟΣ PIAGGIO-APRILIA-GILERA-MOTOGUZZI", "Address": "Λ.ΒΟΥΛΙΑΓΜΕΝΗΣ317,ΑΓΔΗΜΗΤΡΙΟΣ", "City": "ΑΓΙΟΣΔΗΜΗΤΡΙΟΣ", "": "+30 2106010076", "Fax": "+30 2109700856", "Dealer page": "https//lymperopoulos.car.gr/", "Website": "http//www.piaggiohellas-net.gr/lyberopoulos"}, "metadata": {"type": "Bikes", "brand": "Aprilia", "model": "Scarabeo 200"}, "extras": ["Credit card-Visa accepted", "Electric starter", "Greek Dealership"], "description": "ΕΓΓΎΗΣΗ ΚΑΛΗΣ ΛΕΙΤΟΥΡΓΙΑΣ - Less - "}