{"query": {"url": "https://www.car.gr/10079634-honda-glx-glx-50-supercab-90", "type": "CAR_ADDE", "trial_count": 1, "last_processed": 1553094498}, "title": "Honda GLX GLX 50 SUPERCAB 90 Γνήσιο '00", "ad_id": "10079634", "ad_data": {"Make/Model": "Honda GLX GLX 50 SUPERCAB 90 Γνήσιο '00", "Classified number": "10079634", "Price": "€2.000", "Category": "Bike - Underbone", "Registration": "6 / 2000", "Mileage": "1,000 km", "Fuel type": "Gasoline", "Cubic capacity": "90 cc", "Power": "10 bhp", "Color": "Blue", "Modified": "1 day", "Times clicked": "22939", "Short link": "www.car.gr/10079634", "Telephone": "+30 2109838222"}, "ad_seller": {"Dealer": "VTuningCars", "Address": "ΑγίουΚωνσταντίνου66", "City": "ΗΛΙΟΥΠΟΛΗ", "": "+30 2109838222", "Fax": "+30 2109850055", "Dealer page": "https//varitis.car.gr/", "Website": "http//www.vtuningcars.gr"}, "metadata": {"type": "Bikes", "brand": "Honda", "model": "GLX"}, "extras": [], "description": "Νομίζω ότι δε χρειάζεται να πω κάτι, οι φωτογραφίες μιλούν από μόνες τους, το παπί εχει τα πάντα από χαρτιά άδεια και πινακίδα, όλα τα ανταλλακτικά έχουν τιμολόγια, είναι αρκετά για να φτιάξουν δύο παπάκια, Πωλείται μόνο ολόκληρο όχι κομμάτι κομμάτι, είναι για Ανακατασκευή είναι συλλεκτικό και δεν το χαρίζω . Έχει χτυπηθεί αμμοβολή και είναι σουμφασαρισμένο. Αποτελεί συλλογή 17 ετών. - Less - "}