{"query": {"url": "https://www.car.gr/10222034-kawasaki-ninja-zx-6-r-zx-6r", "type": "CAR_ADDE", "trial_count": 1, "last_processed": 1553101971}, "title": "Kawasaki Ninja ZX - 6 R  ZX-6R '09", "ad_id": "10222034", "ad_data": {"Make/Model": "Kawasaki Ninja ZX - 6 R  ZX-6R '09", "Classified number": "10222034", "Price": "€4.450", "Category": "Bike - Super Sport", "Registration": "10 / 2009", "Mileage": "15,000 km", "Fuel type": "Gasoline", "Cubic capacity": "600 cc", "Power": "125 bhp", "Color": "Black (Metallic)", "Kteo to": "06 / 2019", "Modified": "27 days", "Times clicked": "976", "Short link": "www.car.gr/10222034", "Telephone": "None"}, "ad_seller": {}, "metadata": {"type": "Bikes", "brand": "Kawasaki", "model": "Ninja ZX - 6 R"}, "extras": ["Alarm", "Car Exchange", "Cast wheels", "Catalyst", "Electric starter", "Exchange with Moto accepted", "Exhaust Special", "Four-stroke engine", "Gelatin", "Service Book", "Sidestand"], "description": "Πραγματικά καθαρό σαν καινούργιο. Πρώτο χέρι.Πάντα σε κλειστό γκαράζ.Αγορασμένο το 2009 καινούργιο.Πληρ. με τηλέφωνο. Για ανταλλαγή η τιμή θα είναι άλλη. Όποιος θέλει κάτι καλό πρέπει να το πληρώσει. Δεκτός κάθε έλεγχος . Δεκτή και ανταλλαγή. - Less - "}