{"query": {"url": "https://www.car.gr/10460935-piaggio-typhoon", "type": "CAR_ADDE", "trial_count": 1, "last_processed": 1553100825}, "title": "Piaggio Typhoon  '07", "ad_id": "10460935", "ad_data": {"Make/Model": "Piaggio Typhoon '07", "Classified number": "10460935", "Price": "€650", "Category": "Bike - Roller/Scooter", "Registration": "6 / 2007", "Mileage": "29,980 km", "Fuel type": "Gasoline", "Cubic capacity": "50 cc", "Power": "3 bhp", "Color": "Black", "Modified": "20 days", "Times clicked": "2076", "Short link": "www.car.gr/10460935", "Telephone": "+30 2831054404"}, "ad_seller": {"Dealer": "ΠΑΠΑ∆ΑΚΗΣ Κ. ΚΑΙ ΣΙΑ ΟΕ", "Address": "ΛΕΩΦΟΡΟΣΣΤΑΜΑΘΙΟΥΔΑΚΗ35,ΡΕΘΥΜΝΟ", "City": "ΡΕΘΥΜΝΟ", "": "+30 2831052495", "Fax": "+30 2831052495", "Dealer page": "https//motodromio-papadakis.car.gr/", "Website": "http//www.motodromio-papadakis.gr/"}, "metadata": {"type": "Bikes", "brand": "Piaggio", "model": "Typhoon"}, "extras": [], "description": ""}