{"query": {"url": "https://www.car.gr/10709991-can-am-renegade-800r-efi", "type": "CAR_ADDE", "trial_count": 1, "last_processed": 1553095788}, "title": "CAN-AM Renegade 800R EFI  '09", "ad_id": "10709991", "ad_data": {"Make/Model": "CAN-AM Renegade 800R EFI '09", "Classified number": "10709991", "Price": "€8.950", "Category": "Bike - Four Wheel-ATV", "Registration": "6 / 2009", "Mileage": "3,000 km", "Fuel type": "Gasoline", "Cubic capacity": "800 cc", "Power": "72 bhp", "Color": "Yellow", "Liters/100km": "4 (Εντός)/2 (Μικτό)", "Modified": "3 days", "Times clicked": "1622", "Short link": "www.car.gr/10709991", "Telephone": "None"}, "ad_seller": {}, "metadata": {"type": "Bikes", "brand": "CAN-AM", "model": "Renegade 800R EFI"}, "extras": [], "description": "ΑΨΟΓΗ ΜΕ SERVIES ΑΝΤΙΠΡΟΣΩΠΙΑΣ ΔΕΚΤΟΣ ΚΑΘΕ ΕΛΕΓΧΟΣ - Less - "}