{"query": {"url": "https://www.car.gr/10149713-honda-crf-250", "type": "CAR_ADDE", "trial_count": 1, "last_processed": 1553099009}, "title": "Honda CRF 250 Μ '13", "ad_id": "10149713", "ad_data": {"Make/Model": "Honda CRF 250 Μ '13", "Classified number": "10149713", "Price": "€4.500", "Category": "Bike - Super Motard", "Registration": "1 / 2013", "Mileage": "6,700 km", "Fuel type": "Gasoline", "Cubic capacity": "250 cc", "Power": "25 bhp", "Color": "Black", "Modified": "13 days", "Times clicked": "1122", "Short link": "www.car.gr/10149713", "Telephone": "None"}, "ad_seller": {}, "metadata": {"type": "Bikes", "brand": "Honda", "model": "CRF 250"}, "extras": ["Alarm", "Bars", "Cargo Rack", "Electric starter", "Engine Guards", "Exhaust Special", "Four-stroke engine", "Gelatin", "Led lights", "Sidestand", "Skid Plate", "Spoke wheels", "Top Box-Μπαγκαζιέρα"], "description": "Crf250Μ Supermotard - Full extra - Μοναδικό πανέμορφο κομμάτι . - Εξάτμιση διπλή Acropolis με τους λαιμούς,τυλιγμένη με ιμάντα fiberglass για μείωση θερμότητας και μεγαλύτερη απόδοση, , - Φίλτρο αέρα ανοιχτό ισόβιας εγγύησης ), - Μπαγκαζιέρα GIVI και σχάρα. - Ανεμοθώρακας για μικροταξιδάκια.(βγαίνει μπαίνει σε μερικά δευτερόλεπτα με ένα κέρμα μόνο αντί για κατσαβίδι ,και η βάση μένει σταθερά σαν προστατευτικό φώτων) - Παροχή για φορτιστή κινητού αδιάβροχη . - Βάση κινητού και βάση για GPS. - Έξτρα αυτοκόλλητα. - Σέλα. - Καθρέφτες Rizoma με εξτρά προέκταση, - Αλλαγμένες ακτίνες και βαμμένο στεφάνι. - Προστατευτική σήτα φώτων , - Προστατευτικά καπάκια κινητήρα R&G - Προστατευτικά κάγκελα R&G - Λάμπες Led ψηλής σκάλας . - Έξτρα χαμηλό πίσω φτερό. - Zeta βίδες τάπες λαδιών υγρών φρένων κτλ. - Acerbic χούφτες και καλάμια. - Χαμηλό πίσω φτερό πινακίδας και άλλο Led stop φανάρι. - Φλασάκια αλλαγμένα. - Μανιτάρια μπρος πίσω, - Και πολλά πολλά άλλα. - Κολάρα ψυγείου κόκκινα, - 2 Λασπατήρες,ένας στον τροχό πίσω και ένας από CBR ( βλέπε το YouTube video ) - Όλα τα γνήσια Honda υπάρχουν επίσης γενικά ότι έχει αλλαχτεί όπως εξάτμιση ,φτερά φώτα πίσω,πίσω πλάγια καπάκια κτλ. - Πάνω από 3000€ εξτρά και προσωπική δουλειά. - Service έγινε πριν μια εβδομάδα και έβαλα μια καινούργια μπαταρία & λάστιχα - Less - "}