{"query": {"url": "https://www.car.gr/10455947-bmw-f-650-gs-dakar-f-650-gs-dakar", "type": "CAR_ADDE", "trial_count": 1, "last_processed": 1553100255}, "title": "Bmw F 650 GS Dakar F 650 GS DAKAR '02", "ad_id": "10455947", "ad_data": {"Make/Model": "Bmw F 650 GS Dakar F 650 GS DAKAR '02", "Classified number": "10455947", "Price": "€2.500", "Category": "Bike - On/Off", "Registration": "8 / 2002", "Mileage": "65,000 km", "Fuel type": "Gasoline", "Cubic capacity": "652 cc", "Power": "50 bhp", "Color": "Blue (Metallic)", "Kteo to": "08 / 2020", "Liters/100km": "4.6 (Εντός)/4 (Εκτός)/4.3 (Μικτό)", "Previous owners": "2", "Modified": "17 days", "Times clicked": "4500", "Short link": "www.car.gr/10455947", "Telephone": "None"}, "ad_seller": {}, "metadata": {"type": "Bikes", "brand": "Bmw", "model": "F 650 GS Dakar"}, "extras": ["Exchange with Moto accepted", "Four-stroke engine", "Gelatin", "Heated Handguards", "Sidestand", "Skid Plate", "Spoke wheels"], "description": "Άριστη κατάσταση. Ελαστικά Metzeler. Πλαϊνές βαλίτσες ΒΜW με το ίδιο κλειδί της μηχανής. Μεγαλο service 7/2018 kai service στις μπροστινες μπουκαλες με αλλαγή τσιμουχες και λάδια. Περασμένη ΚΤΕΟ ως 8/2020. Δεκτή ανταλλαγή με ΥΑΜΑΗΑ ΧΤ 660Ζ ΤΕΝΕRE ή BMW F800GS - Less - "}