{"query": {"url": "https://www.car.gr/10367853-modenas-gt-135", "type": "CAR_ADDE", "trial_count": 1, "last_processed": 1553104788}, "title": "Modenas  GT 135  '12", "ad_id": "10367853", "ad_data": {"Make/Model": "Modenas GT 135  '12", "Classified number": "10367853", "Price": "€1.200", "Category": "Bike - Underbone", "Registration": "7 / 2012", "Mileage": "36,000 km", "Fuel type": "Gasoline", "Cubic capacity": "135 cc", "Power": "11 bhp", "Color": "Other (Metallic)", "Modified": "over 2 months", "Times clicked": "3273", "Short link": "www.car.gr/10367853", "Telephone": "+30 2107601269"}, "ad_seller": {"Dealer": "MOTO BOOST", "Address": "Κύπρου55-57", "City": "ΒΥΡΩΝΑΣ", "": "+30 2107601269", "Dealer page": "https//motoboost.car.gr/"}, "metadata": {"type": "Bikes", "brand": "Modenas", "model": "Modenas  GT 135  '12 - € 1.200 EUR"}, "extras": [], "description": "MODENAS GT 135 2012 ΜΟΝΤΕΛΟ 36000ΧΛΜ ΑΡΙΣΤΗ ΚΑΤΑΣΤΑΣΗ ΚΑΙΝΟΥΡΙΑ ΓΡΑΝΑΖΙΑ ΑΛΥΣΙΔΑ ΛΑΔΙΑ ΕΞΤΡΑ ΕΞΑΤΜΙΣΗ ΔΕΚΤΟΣ ΕΛΕΓΧΟΣ - Less - "}