{"query": {"url": "https://www.car.gr/10062705-ktm-450-exc-450-exc-f-six-days", "type": "CAR_ADDE", "trial_count": 1, "last_processed": 1553094482}, "title": "KTM 450 EXC 450 EXC-F SIX DAYS '07", "ad_id": "10062705", "ad_data": {"Make/Model": "KTM 450 EXC 450 EXC-F SIX DAYS '07", "Classified number": "10062705", "Price": "€2.900", "Category": "Bike - Super Motard", "Registration": "11 / 2007", "Mileage": "18 km", "Fuel type": "Gasoline", "Cubic capacity": "450 cc", "Power": "53 bhp", "Color": "Orange", "Previous owners": "1", "Modified": "1 day", "Times clicked": "11316", "Short link": "www.car.gr/10062705", "Telephone": "+30 2109810322"}, "ad_seller": {"Dealer": "AD FM AUTO STAR E.Ε", "Address": "ΛεωφόροΑγίαςΒαρβάρας1", "City": "ΠΑΛΑΙΟΦΑΛΗΡΟ", "": "+30 2109810322", "Fax": "+30 2109847005", "Dealer page": "https//auto-star.car.gr/", "Open hours": "ΔΕΥΤΕΡΑ-ΤΕΤΑΡΤΗ 900 ΕΩΣ 1700\nΤΡΙΤΗ-ΠΕΜΠΤΗ-ΠΑΡΑΣΚΕΥΗ 900 ΕΩΣ 2000 ΣΑΒΒΑΤΟ 9-2\nΚΥΡΙΑΚΗ ΚΛΕΙΣΤΑ"}, "metadata": {"type": "Bikes", "brand": "KTM", "model": "450 EXC"}, "extras": ["Car Exchange", "Centerstand", "Credit card-Visa accepted", "Electric starter", "Exchange with Boat", "Exchange with Moto accepted", "Four-stroke engine", "Sidestand", "Skid Plate"], "description": ""}