{"query": {"url": "https://www.car.gr/10399386-yamaha-mt-03", "type": "CAR_ADDE", "trial_count": 1, "last_processed": 1553101806}, "title": "Yamaha MT-03  '08", "ad_id": "10399386", "ad_data": {"Make/Model": "Yamaha MT-03 '08", "Classified number": "10399386", "Price": "€2.600", "Category": "Bike - Naked", "Registration": "6 / 2008", "Mileage": "7,000 km", "Fuel type": "Gasoline", "Cubic capacity": "660 cc", "Power": "45 bhp", "Color": "Black", "Kteo to": "08 / 2019", "Modified": "26 days", "Times clicked": "446", "Short link": "www.car.gr/10399386", "Telephone": "None"}, "ad_seller": {"Name": "Vagkous", "Address": "ΚΕΡΚΥΡΑP.ΚΕΡΚΥΡΑΣ"}, "metadata": {"type": "Bikes", "brand": "Yamaha", "model": "MT-03"}, "extras": ["Electric starter", "Four-stroke engine", "Service Book"], "description": "Yamaha mt 03 σε πολυ καλη κατασταση αδουλευτο φυλασσομενο σε στεγαζομενο χώρο. Δεκτος καθε ελενχος. - Less - "}