{"query": {"url": "https://www.car.gr/10464924-piaggio-beverly-250-beverly-250-ie", "type": "CAR_ADDE", "trial_count": 1, "last_processed": 1553102765}, "title": "Piaggio Beverly 250 BEVERLY 250 ie '07", "ad_id": "10464924", "ad_data": {"Make/Model": "Piaggio Beverly 250 BEVERLY 250 ie '07", "Classified number": "10464924", "Price": "€1.750", "Category": "Bike - Roller/Scooter", "Registration": "5 / 2007", "Mileage": "22,096 km", "Fuel type": "Gasoline", "Cubic capacity": "250 cc", "Power": "25 bhp", "Color": "Black", "Previous owners": "1", "Modified": "34 days", "Times clicked": "1677", "Short link": "www.car.gr/10464924", "Telephone": "None"}, "ad_seller": {}, "metadata": {"type": "Bikes", "brand": "Piaggio", "model": "Beverly 250"}, "extras": ["Centerstand", "Electric starter", "Sidestand", "Top Box-Μπαγκαζιέρα"], "description": "Πωλείται λόγω αγοράς μεγαλύτερου οχήματος. - Ατρακάριστο. - Σε άριστη κατάσταση. - Από το 2013, κυκλοφόρησε μόνο τα καλοκαίρια, ενώ τους χειμώνες φυλασσόταν σε κατάλληλο εσωτερικό χώρο. - Αρχές Ιουλίου 2017 τέθηκε σε ακινησία με κατάθεση πινακίδων, λόγω του ότι πλέον δεν τη χρησιμοποιώ. - Δεκτός κάθε έλεγχος - Less - "}