{"query": {"url": "https://www.car.gr/10172615-honda-cbr600f", "type": "CAR_ADDE", "trial_count": 1, "last_processed": 1553104629}, "title": "Honda  CBR600F '02", "ad_id": "10172615", "ad_data": {"Make/Model": "Honda CBR600F '02", "Classified number": "10172615", "Price": "€3.000", "Category": "Bike - On/Off", "Registration": "1 / 2002", "Mileage": "42,587 km", "Fuel type": "Gasoline", "Cubic capacity": "600 cc", "Power": "115 bhp", "Color": "Silver", "Modified": "55 days", "Times clicked": "5546", "Short link": "www.car.gr/10172615", "Telephone": "+30 2104122075"}, "ad_seller": {"Dealer": "Tsivarakis Moto", "Address": "Γρ.Λαμπράκη10-12", "City": "ΠΕΙΡΑΙΑΣ", "": "+30 2104130039", "Fax": "+30 2104130039", "Dealer page": "https//tsivarakismoto.car.gr/", "Open hours": "Ωράριο Καταστήματος\nΔευτέρα – Παρασκευή 1000-2000\nΣάββατο 1000-1700"}, "metadata": {"type": "Bikes", "brand": "Honda", "model": "Honda  CBR600F '02 - € 3.000 EUR"}, "extras": ["Exchange with Moto accepted"], "description": "Με διακανονισμό τιμή €3500 6 ΜΗΝΕΣ ΓΡΑΠΤΗ ΕΓΓΥΗΣΗ - Ωράριο Καταστήματος - Δευτέρα – Παρασκευή 10:00-20:00 - Σάββατο 10:00-17:00 - Ωράριο Συνεργείου - Δευτέρα – Παρασκευή 10:00-18:00 - Less - "}