{"query": {"url": "https://www.car.gr/10686625-yamaha-xt-550", "type": "CAR_ADDE", "trial_count": 1, "last_processed": 1553093733}, "title": "Yamaha  XT 550 '83", "ad_id": "10686625", "ad_data": {"Make/Model": "Yamaha XT 550 '83", "Classified number": "10686625", "Price": "€3.900", "Category": "Bike - Εnduro", "Registration": "12 / 1983", "Mileage": "40,000 km", "Fuel type": "Gasoline", "Cubic capacity": "553 cc", "Power": "55 bhp", "Color": "Red", "Kteo to": "07 / 2019", "Previous owners": "1", "Modified": "8 hours", "Times clicked": "11823", "Short link": "www.car.gr/10686625", "Telephone": "None"}, "ad_seller": {}, "metadata": {"type": "Bikes", "brand": "Yamaha", "model": "Yamaha  XT 550 '83 - € 3.900 EUR (Negotiable)"}, "extras": ["Antique-Classic", "Cargo Rack", "Exhaust Special", "Four-stroke engine", "Kick-Starter", "Skid Plate", "Spoke wheels", "Top Box-Μπαγκαζιέρα"], "description": "H MOTOΣΥΚΛΕΤΑ ΕΧΕΙ ΚΑΝΕΙ ΠΡΟΣΦΑΤΟ SERVICE. ΕΙΝΑΙ ΠΕΡΑΣΜΕΝΕΙ ΚΤΕΟ ΤΟΝ ΑΥΓΟΥΣΤΟ ΤΟΥ 2017 ΦΟΡΑΕΙ ΜΠΡΟΣΤΙΝΟ ΣΥΣΤΗΜΑ ΜΕ ΔΙΣΚΟΦΡΕΝΟ. ΕΞΑΤΜΙΣΗ SUPERTRAPP,ΚΑΙ ΕΙΝΑΙ ME ΠΙΝΑΚΙΔΑ ΥΠΟΥΡΓΕΙΟΥ... - Less - "}