{"query": {"url": "https://www.car.gr/10581984-piaggio-x9-250-evo", "type": "CAR_ADDE", "trial_count": 1, "last_processed": 1553095772}, "title": "Piaggio X9 250 EVO  '06", "ad_id": "10581984", "ad_data": {"Make/Model": "Piaggio X9 250 EVO '06", "Classified number": "10581984", "Price": "€900", "Category": "Bike - Other", "Registration": "10 / 2006", "Mileage": "40,000 km", "Fuel type": "Gasoline", "Cubic capacity": "250 cc", "Power": "23 bhp", "Color": "Grey (Metallic)", "Kteo to": "10 / 2019", "Modified": "3 days", "Times clicked": "748", "Short link": "www.car.gr/10581984", "Telephone": "None"}, "ad_seller": {"Name": "Λάζαρος", "Address": "ΙΩΝΙΑΘΕΣ/ΝΙΚΗΣP.ΘΕΣΣΑΛΟΝΙΚΗΣ"}, "metadata": {"type": "Bikes", "brand": "Piaggio", "model": "X9 250 EVO"}, "extras": ["Automatic", "Electric starter", "Four-stroke engine", "Sidestand"], "description": "Αλλαγμένα λάστιχα 2017, servis .τα χιλιόμετρα είναι πραγματικά. - Less - "}