{"query": {"url": "https://www.car.gr/10198868-yamaha-mt-03-naget-mod-2010", "type": "CAR_ADDE", "trial_count": 1, "last_processed": 1553104909}, "title": "Yamaha MT-03 naget mod 2010 '10", "ad_id": "10198868", "ad_data": {"Make/Model": "Yamaha MT-03 naget mod 2010 '10", "Classified number": "10198868", "Price": "Askforprice", "Category": "Bike - On/Off", "Registration": "10 / 2010", "Mileage": "11,600 km", "Fuel type": "Gasoline", "Cubic capacity": "660 cc", "Power": "55 bhp", "Color": "Gold (Metallic)", "Previous owners": "1", "Modified": "6 hours", "Times clicked": "7612", "Short link": "www.car.gr/10198868", "Telephone": "+30 2421080114"}, "ad_seller": {"Dealer": "auto-moto-truck-monogenis.", "Address": "A8HNON197", "City": "ΒΟΛΟΣ", "": "+30 2421080114", "Fax": "+30 6984851552", "Dealer page": "https//auto-moto-truck-monogenis.car.gr/", "Website": "http//auto-moto-truck-monogenis.car.gr/"}, "metadata": {"type": "Bikes", "brand": "Yamaha", "model": "MT-03"}, "extras": ["Car Exchange", "Cargo Rack", "Cast wheels", "Catalyst", "Credit card-Visa accepted", "Electric starter", "Exchange with Moto accepted", "Exhaust Special", "Four-stroke engine", "Kick-Starter", "Led lights", "Remote Control", "Sidestand", "Skid Plate", "Top Box-Μπαγκαζιέρα", "Trip computer"], "description": "ΗΜΗΧΑΝΗ ΕΙΝΑΙ ΣΕ ΚΛΕΙΣΤΟ ΦΥΛΑΣΟΜΕΝΟ ΧΩΡΟ ΟΛΑ ΤΑ ΣΕΡΒΙΣ ΤΙΣ ΕΧΟΥΝ ΓΙΝΕΙ ΣΤΗΝ ΑΝΤΠΡΟΣΟΠΕΙΑ ΤΗΣ YAMAHA ΣΤΗΝ ΠΟΛΗ ΠΟΥ ΚΥΚΛΟΦΟΡΕΙ ΤΑ ΧΙΛΙΟΜΕΤΡΑ ΤΗΣ ΕΙΝΑΙ Μ Ο Ν Ο 11600ΚΜ Η ΜΗΧΑΝΗ ΑΝΤΑΛΑΣΕΤΑΙ ΚΑΙ ΜΕ ΣΚΟΥΤΕΡ ΑΝΑΛΟΓΗΣ ΑΞΙΑΣ ΜΕ ΑΥΤΗ ΚΑΙ ΜΟΝΤΕΛΟ ΙΔΙΟ Η ΠΙΟ ΚΑΙΝΟΥΡΓΕΙΟ ΜΕ ΚΥΒΥΚΑ ΤΟΥΛΑΧΙΣΤΟΝ 300 ΚΑΙ ΑΝΩ ΚΑΙ ΚΑΤΑΣΤΑΣΗ ΙΣΑΞΙΑ ΜΕ ΑΥΤΗ ΤΑ ΛΑΣΤΙΧΑ ΤΗΣ ΕΙΝΑΙ ΣΕ ΑΡΙΣΤΗ ΚΑΤΑΣΤΑΣΗ ΠΕΡΙΣΟΤΕΡΕΣ ΠΛΥΡΟΦΟΡΙΕΣ ΚΟΣ ΑΛΕΞΑΝΤΡΟΣ ΤΗΛ 2421080114 Κ 6932830020 ΒΟΛΟΣ - Less - "}