{"query": {"url": "https://www.car.gr/10271312-honda-cb-1300-abs", "type": "CAR_ADDE", "trial_count": 1, "last_processed": 1553104313}, "title": "Honda CB 1300 ABS '06", "ad_id": "10271312", "ad_data": {"Make/Model": "Honda CB 1300 ABS '06", "Classified number": "10271312", "Price": "€6.700", "Category": "Bike - Naked", "Registration": "7 / 2006", "Mileage": "14,058 km", "Fuel type": "Gasoline", "Cubic capacity": "1,300 cc", "Power": "116 bhp", "Color": "Black (Metallic)", "Kteo to": "12 / 2018", "Modified": "48 days", "Times clicked": "10794", "Short link": "www.car.gr/10271312", "Telephone": "None"}, "ad_seller": {}, "metadata": {"type": "Bikes", "brand": "Honda", "model": "CB 1300"}, "extras": ["ABS", "Four-stroke engine", "Sidestand"], "description": "Η μοτοσυκλέτα ειναι σε υπεράριστη κατασταση!! Σάν καινούργια, έχει μόλις 14.000 χλμ φυλλάσοταν πάντα σε γκαράζ και είναι πραγματική ευκαιρία!! - Less - "}