{"query": {"url": "https://www.car.gr/10103426-honda-dax-st-50", "type": "CAR_ADDE", "trial_count": 1, "last_processed": 1553100549}, "title": "Honda DAX ST 50 '79", "ad_id": "10103426", "ad_data": {"Make/Model": "Honda DAX ST 50 '79", "Classified number": "10103426", "Price": "€1.900", "Category": "Bike - Mini..Moto", "Registration": "2 / 1979", "Mileage": "32,500 km", "Fuel type": "Gasoline", "Cubic capacity": "50 cc", "Power": "5 bhp", "Color": "Black", "Liters/100km": "2 (Εντός)/2 (Εκτός)/2 (Μικτό)", "Modified": "18 days", "Times clicked": "204", "Short link": "www.car.gr/10103426", "Telephone": "None"}, "ad_seller": {}, "metadata": {"type": "Bikes", "brand": "Honda", "model": "DAX"}, "extras": ["Antique-Classic", "Four-stroke engine", "Kick-Starter"], "description": "Πωλείται HONDA DAX ST50 είναι σε πολύ καλή κατάσταση έχει το μαμά μοτέρ 6V με πλατίνες τέσσερις ταχύτητες με συμπλεκτη. Άδεια έχει θεωρηθεί για το 2018. Δεκτός κάθε έλεγχος. - Less - "}