{"query": {"url": "https://www.car.gr/10359431-cagiva-canyon-600-canyon-600", "type": "CAR_ADDE", "trial_count": 1, "last_processed": 1553096484}, "title": "Cagiva Canyon 600 canyon 600 '96", "ad_id": "10359431", "ad_data": {"Make/Model": "Cagiva Canyon 600 canyon 600 '96", "Classified number": "10359431", "Price": "€900", "Category": "Bike - On/Off", "Registration": "1 / 1996", "Mileage": "57,000 km", "Fuel type": "Gasoline", "Cubic capacity": "600 cc", "Power": "38 bhp", "Color": "Black (Metallic)", "Kteo to": "01 / 2019", "Previous owners": "1", "Modified": "5 days", "Times clicked": "458", "Short link": "www.car.gr/10359431", "Telephone": "None"}, "ad_seller": {}, "metadata": {"type": "Bikes", "brand": "Cagiva", "model": "Canyon 600"}, "extras": ["Car Exchange", "Electric starter", "Exchange with Moto accepted", "Lights Xenon", "Sidestand", "Skid Plate"], "description": "ΣΕ ΑΡΙΣΤΗ ΚΑΤΑΣΤΑΣΗ ΒΑΜΕΝΟ ΠΡΟΣΦΑΤΑ ΑΠΟ ΣΕΡΒΙΣ ΚΑΙΝΟΥΡΓΙΟ ΛΑΣΤΙΧΟ ΕΜΠΡΟΣ ΚΑΙΝΟΥΡΓΙΑ ΡΟΛΕΜΑΝ ΤΡΟΧΩΝ ΦΩΤΑ ΞΕΝΟΝ.ΑΝΤΑΛΛΑΣΕΤΕ ΜΕ ΜΕΓΑΛΥΤΕΡΟ ΜΟΤΟ Η ΜΕ ΑΥΤΟΚΙΝΗΤΟ ΜΕΧΡΙ 1100 ΚΥΒΙΚΩΝ ΙΔΙΑΣ ΑΞΙΑΣ. - Less - "}