{"query": {"url": "https://www.car.gr/10036604-honda-transalp-600xlv", "type": "CAR_ADDE", "trial_count": 4, "last_processed": 1553093236}, "title": "Honda  TRANSALP 600XLV '99", "ad_id": "10036604", "ad_data": {"Make/Model": "Honda TRANSALP 600XLV '99", "Classified number": "10036604", "Price": "€1.600", "Category": "Bike - On/Off", "Registration": "1 / 1999", "Mileage": "60,500 km", "Fuel type": "Gasoline", "Cubic capacity": "600 cc", "Power": "55 bhp", "Color": "Dark Red", "Kteo to": "03 / 2019", "Modified": "1 hour", "Times clicked": "3137", "Short link": "www.car.gr/10036604", "Telephone": "+30 2721033605"}, "ad_seller": {"Dealer": "AUTO-MOTO ΚΟΥΤΡΑΦΟΥΡΗΣ", "Address": "ΣΠΕΡΧΟΓΕΙΑ", "City": "ΚΑΛΑΜΑΤΑ", "": "+30 2721033605", "Fax": "+30 2721033296", "Dealer page": "https//koutrafouris.car.gr/"}, "metadata": {"type": "Bikes", "brand": "Honda", "model": "Honda  TRANSALP 600XLV '99 - € 1.600 EUR"}, "extras": ["Centerstand", "Electric starter", "Engine Guards", "Exchange with Moto accepted", "Exhaust Special", "Gelatin", "Sidestand", "Skid Plate", "Spoke wheels", "Top Box-Μπαγκαζιέρα"], "description": "Η ΜΗΧΑΝΗ ΕΙΝΑΙ ΣΕ ΥΠΕΡΑΡΙΣΤΗ ΚΑΤΑΣΤΑΣΗ.ΛΑΣΤΙΧΑ MISHELIN ANAKEE ΣΧΕΔΟΝ ΑΠΑΤΗΤΑ.ΚΑΙΝΟΥΡΙΑ ΦΡΕΝΑ,ΑΛΥΣΙΔΑ ΓΡΑΝΑΖΙΑ.Η ΜΗΧΑΝΗ ΕΠΙΣΗΣ ΦΟΡΑΕΙ ΕΞΑΤΜΙΣΗ AKRAPOVIC,ΨΗΛΗ ΖΕΛΑΤΙΝΑ,ΜΠΑΓΚΑΖΙΕΡΑ KAPPA 48L,ΔΙΠΛΟ ΣΤΑΝΤ.ΥΠΑΡΧΟΥΝ ΚΑΙ ΠΛΑΙΝΕΣ ΒΑΣΕΙΣ ΓΙΑ ΜΠΑΓΚΑΖΙΕΡΑ ΚΑΘΩΣ ΚΑΙ ΠΡΟΣΤΑΤΕΥΤΙΚΑ ΚΑΓΚΕΛΑ ΚΙΝΗΤΗΡΑ.ΠΛΗΡΩΜΕΝΑ ΤΕΛΗ ΚΥΚΛΟΦΟΡΙΑΣ ΓΙΑ ΤΟ 2017. - ΕΥΧΑΙΡΙΑ!!!! - Less - "}