{"query": {"url": "https://www.car.gr/10555913-ducati-hypermotard-1100-hypermotard-1100", "type": "CAR_ADDE", "trial_count": 1, "last_processed": 1553094419}, "title": "Ducati Hypermotard 1100 HYPERMOTARD 1100  '07", "ad_id": "10555913", "ad_data": {"Make/Model": "Ducati Hypermotard 1100 HYPERMOTARD 1100  '07", "Classified number": "10555913", "Price": "€6.300", "Category": "Bike - Super Motard", "Registration": "8 / 2007", "Mileage": "36,000 km", "Fuel type": "Gasoline", "Cubic capacity": "1,100 cc", "Power": "95 bhp", "Color": "Red (Metallic)", "Kteo to": "10 / 2019", "Modified": "22 hours", "Times clicked": "10000", "Short link": "www.car.gr/10555913", "Telephone": "None"}, "ad_seller": {}, "metadata": {"type": "Bikes", "brand": "Ducati", "model": "Hypermotard 1100"}, "extras": [], "description": "ΔΕΚΤΟΣ ΚΑΘΕ ΕΛΕΓΧΟΣ. - Less - "}