{"query": {"url": "https://www.car.gr/10555936-piaggio-carnaby-200", "type": "CAR_ADDE", "trial_count": 1, "last_processed": 1553103727}, "title": "Piaggio Carnaby 200  '08", "ad_id": "10555936", "ad_data": {"Make/Model": "Piaggio Carnaby 200 '08", "Classified number": "10555936", "Price": "€2.200", "Category": "Bike - Street Bike", "Registration": "5 / 2008", "Mileage": "9,000 km", "Fuel type": "Gasoline", "Cubic capacity": "200 cc", "Power": "20 bhp", "Color": "Black (Metallic)", "Kteo to": "07 / 2019", "Modified": "42 days", "Times clicked": "69", "Short link": "www.car.gr/10555936", "Telephone": "None"}, "ad_seller": {}, "metadata": {"type": "Bikes", "brand": "Piaggio", "model": "Carnaby 200"}, "extras": [], "description": ""}