{"query": {"url": "https://www.car.gr/10077532-bmw-k-1200-lt", "type": "CAR_ADDE", "trial_count": 1, "last_processed": 1553103480}, "title": "Bmw K 1200 LT  '00", "ad_id": "10077532", "ad_data": {"Make/Model": "Bmw K 1200 LT '00", "Classified number": "10077532", "Price": "€6.500", "Category": "Bike - Sport Touring", "Registration": "6 / 2000", "Mileage": "59,103 km", "Fuel type": "Gasoline", "Cubic capacity": "1,171 cc", "Power": "100 bhp", "Color": "Silver", "Kteo to": "08 / 2017", "Previous owners": "1", "Modified": "40 days", "Times clicked": "1843", "Short link": "www.car.gr/10077532", "Telephone": "None"}, "ad_seller": {}, "metadata": {"type": "Bikes", "brand": "Bmw", "model": "K 1200 LT"}, "extras": ["ABS", "Alarm", "Bars", "Cargo Rack", "Cast wheels", "Catalyst", "Centerstand", "Electric starter", "Engine Guards", "Exchange with Moto accepted", "Four-stroke engine", "Gelatin", "Heated Handguards", "Injection", "Led lights", "Lights Xenon", "Notes, checks accepted", "Rear", "Remote Control", "Sidestand", "Top Box-Μπαγκαζιέρα", "Trip computer"], "description": "Πωλείται το αστέρι μου λόγω αγοράς μεγαλύτερης μηχανής. - Η μηχανή μου είναι απίστευτη κούκλα και έχει full extra. Έχει καινούργια λάστιχα, κοτσαδούρα για trailer, αυτόματo ηλεκτροϋδραυλικό stand, καινούργιο δίσκο-πλατό, συναγερμό, φώτα led, προβολάκια, παμπρίζ ZTechnick Stream ηλεκτρικά ρυθμιζόμενο και φωτιζόμενο, αναρτήσεις Οhlins πλήρως ρυθμιζόμενες, καινούργια σέλα, ραδιοκασετόφωνο πλήρως λειτουργικό που γίνεται MP3, φωτιζόμενα ηχεία, GPS Garmin Zumo 550 με υποστήριξη χαρτών για πάντα, ABS, σύστημα προειδοποίησης ραντάρ (αντι-ραντάρ), αυτόματο πιλότο, υπολογιστή ταξιδιού, έξτρα διακόπτες τιμονιού, πολλαπλές μπρίζες στο τιμόνι, μετρητή τάσης μπαταρίας και μετρητή πίεσης ελαστικών, σύστημα ξεκούρασης ποδιών με επεκτεινόμενο stand για μεγάλα ταξίδια, μπαταρία Yasa καινούργια, καθρέφτες με φλας, full led περιφερειακά στη μηχανή, σχάρα top case με λειτουργία φρένων, φλας led στο top case και στα μπράτσα μηχανής, κλπ... - Όπως καταλαβαίνετε, το αστέρι μου είναι στολίδι και δεν θα το έδινα ποτέ αν δεν αγόραζα μεγαλύτερη μηχανή. Τα extra που έχει, μου έχουν κοστίσει πάνω από 18.000 ευρώ. Είναι ευκαιρία!!!!!! - ΥΓ. Ανταλλαγή δεκτή με GS 1200. - Less - "}