{"query": {"url": "https://www.car.gr/10026415-bmw-k-1200-gt", "type": "CAR_ADDE", "trial_count": 1, "last_processed": 1553094657}, "title": "Bmw K 1200 GT  '07", "ad_id": "10026415", "ad_data": {"Make/Model": "Bmw K 1200 GT '07", "Classified number": "10026415", "Price": "€7.490", "Category": "Bike - Sport Touring", "Registration": "7 / 2007", "Mileage": "67,156 km", "Fuel type": "Gasoline", "Cubic capacity": "1,200 cc", "Power": "157 bhp", "Color": "Grey", "Modified": "1 day", "Times clicked": "3167", "Short link": "www.car.gr/10026415", "Telephone": "+30 2541029430"}, "ad_seller": {"Dealer": "ΝΤΟΛΛΑΣ ΜΟΤΟ Ι.Κ.Ε. ΑΝΤΙΠΡΟΣΩΠΕΙΕΣ KAWASAKI-SUZUKI-PIAGGIO-VESPA-APRILIA-MOTO GUZZI-DUCATI-PEUGEOT", "Address": "4ΧΛΜΞΑΝΘΗΣ-ΛΑΓΟΥΣ", "City": "ΞΑΝΘΗ", "": "+30 2541083282", "Dealer page": "https//ntollas-ioannis.car.gr/"}, "metadata": {"type": "Bikes", "brand": "Bmw", "model": "K 1200 GT"}, "extras": ["ABS", "Alarm", "Car Exchange", "Cargo Rack", "Cast wheels", "Catalyst", "Centerstand", "Credit card-Visa accepted", "Electric starter", "Exchange with Moto accepted", "Four-stroke engine", "Gelatin", "Heated Handguards", "Remote Control", "Service Book", "Sidestand", "Skid Plate", "Top Box-Μπαγκαζιέρα", "Trip computer"], "description": "Σε άριστη κατάσταση. - Συντηρημένη σωστά και φυλαγμένη σε κλειστό θερμαινόμενο χώρο. - Ξεκούραστα χιλιόμετρα. - Η τέλεια μοτοσυκλέτα τουρισμού. Αξιόπιστη και γρήγορη! - Δεκτές ανταλλαγές αν έχετε μοτοσυκλέτα σε αντίστοιχη κατάσταση με το συγκεκριμένο Κ1200GT! - Εξειδικευμένη κάθετη μονάδα BMW ΜΟΤΟ με έκθεση οχημάτων, service και ανταλλακτικά. ILEKTRIKO FAIRING, THERMENOMENA, E.S.A. , NAVI. - Less - "}