{"query": {"url": "https://www.car.gr/10382872-piaggio-beverly-250", "type": "CAR_ADDE", "trial_count": 1, "last_processed": 1553098823}, "title": "Piaggio Beverly 250 ΔΕΣΜΕΥΤΗΚΕ '07", "ad_id": "10382872", "ad_data": {"Make/Model": "Piaggio Beverly 250 ΔΕΣΜΕΥΤΗΚΕ '07", "Classified number": "10382872", "Price": "€1.299", "Category": "Bike - Roller/Scooter", "Registration": "1 / 2007", "Mileage": "54,178 km", "Fuel type": "Gasoline", "Cubic capacity": "250 cc", "Power": "18 bhp", "Color": "Silver (Metallic)", "Previous owners": "1", "Modified": "12 days", "Times clicked": "4022", "Short link": "www.car.gr/10382872", "Telephone": "+30 2253022700"}, "ad_seller": {"Dealer": "WWW.ALEXELLIS.GR", "Address": "ΚΑΛΛΟΝΗ", "City": "ΚΑΛΛΟΝΗ", "": "+30 2253022700", "Fax": "+30 2253022700", "Dealer page": "https//alexellis-qualitymotors.car.gr/", "Website": "http//www.alexellis.gr"}, "metadata": {"type": "Bikes", "brand": "Piaggio", "model": "Beverly 250"}, "extras": ["Automatic", "Car Exchange", "Cargo Rack", "Centerstand", "Credit card-Visa accepted", "Electric starter", "Exchange with Moto accepted", "Four-stroke engine", "Gelatin", "Injection", "Kick-Starter", "Service Book", "Sidestand", "Top Box-Μπαγκαζιέρα"], "description": ""}