{"query": {"url": "https://www.car.gr/10360520-bmw-r-25-3-r25-3", "type": "CAR_ADDE", "trial_count": 1, "last_processed": 1553102463}, "title": "Bmw R 25/3 R25/3  '58", "ad_id": "10360520", "ad_data": {"Make/Model": "Bmw R 25/3 R25/3  '58", "Classified number": "10360520", "Price": "€10.500", "Category": "Bike - Three Wheel", "Registration": "5 / 1958", "Mileage": "83,000 km", "Fuel type": "Gasoline", "Cubic capacity": "250 cc", "Power": "13 bhp", "Color": "Black", "Previous owners": "1", "Modified": "30 days", "Times clicked": "563", "Short link": "www.car.gr/10360520", "Telephone": "None"}, "ad_seller": {}, "metadata": {"type": "Bikes", "brand": "Bmw", "model": "R 25/3"}, "extras": ["Antique-Classic", "Cargo Rack", "Four-stroke engine", "Kick-Starter", "Spoke wheels"], "description": "Είναι γνήσια και με το εργοστασιακό της χρώμα όχι ανακατασκευασμένη, φυλάσσεται σε γκαραζ, πλήρως λειτουργική Βρίσκεται σε πάρα πολυ καλή κατάταση... - Less - "}