{"query": {"url": "https://www.car.gr/10377309-yamaha-tdm-900-a-tdm-900-abs", "type": "CAR_ADDE", "trial_count": 1, "last_processed": 1553096893}, "title": "Yamaha TDM 900 A TDM 900 ABS '05", "ad_id": "10377309", "ad_data": {"Make/Model": "Yamaha TDM 900 A TDM 900 ABS '05", "Classified number": "10377309", "Price": "€3.100", "Category": "Bike - Sport Touring", "Registration": "11 / 2005", "Mileage": "146,100 km", "Fuel type": "Gasoline", "Cubic capacity": "900 cc", "Power": "87 bhp", "Color": "Blue", "Kteo to": "12 / 2017", "Modified": "17 minutes", "Times clicked": "269", "Short link": "www.car.gr/10377309", "Telephone": "None"}, "ad_seller": {}, "metadata": {"type": "Bikes", "brand": "Yamaha", "model": "TDM 900 A"}, "extras": ["ABS", "Bars", "Electric starter", "Engine Guards", "Service Book", "Sidestand", "Top Box-Μπαγκαζιέρα", "Trip computer"], "description": "ΠΡΑΓΜΑΤΙΚΑ ΑΡΙΣΤΟ ΠΛΗΡΗΣ ΙΣΤΟΡΙΚΟ SERVICE ΣΧΟΛΑΣΤΙΚΟ.03/07/2018 ΑΛΛΑΓΗ ΕΛΑΣΤΙΚΩΝ.. - Less - "}