{"query": {"url": "https://www.car.gr/10379856-honda-lead-ss80", "type": "CAR_ADDE", "trial_count": 1, "last_processed": 1553094868}, "title": "Honda  LEAD SS80 '83", "ad_id": "10379856", "ad_data": {"Make/Model": "Honda LEAD SS80 '83", "Classified number": "10379856", "Price": "€490", "Category": "Bike - Roller/Scooter", "Registration": "1 / 1983", "Mileage": "3,600 km", "Fuel type": "Gasoline", "Cubic capacity": "80 cc", "Power": "4 bhp", "Color": "White", "Modified": "2 days", "Times clicked": "6132", "Short link": "www.car.gr/10379856", "Telephone": "+30 2102486179"}, "ad_seller": {"Dealer": "VS CARS", "Address": "ΜΕΓ.ΑΛΕΞΑΝΔΡΟΥ47Κ'ΞΕΝΟΚΡΑΤΗ", "City": "ΑΝΩΛΙΟΣΙΑ", "": "+30 2102481011", "Fax": "+30 2102486179", "Dealer page": "https//vs-cars.car.gr/"}, "metadata": {"type": "Bikes", "brand": "Honda", "model": "Honda  LEAD SS80 '83 - € 490 EUR"}, "extras": [], "description": ""}