{"query": {"url": "https://www.car.gr/10236914-kawasaki-ninja-zx-12-r", "type": "CAR_ADDE", "trial_count": 1, "last_processed": 1553104788}, "title": "Kawasaki Ninja ZX - 12 R  '05", "ad_id": "10236914", "ad_data": {"Make/Model": "Kawasaki Ninja ZX - 12 R '05", "Classified number": "10236914", "Price": "€5.000", "Category": "Bike - Super Sport", "Registration": "7 / 2005", "Mileage": "44,000 km", "Fuel type": "Gasoline", "Cubic capacity": "1,200 cc", "Power": "180 bhp", "Color": "Black", "Modified": "over 2 months", "Times clicked": "6603", "Short link": "www.car.gr/10236914", "Telephone": "+30 2107601269"}, "ad_seller": {"Dealer": "MOTO BOOST", "Address": "Κύπρου55-57", "City": "ΒΥΡΩΝΑΣ", "": "+30 2107601269", "Dealer page": "https//motoboost.car.gr/"}, "metadata": {"type": "Bikes", "brand": "Kawasaki", "model": "Ninja ZX - 12 R"}, "extras": [], "description": "ΑΡΙΣΤΗ ΚΑΤΑΣΤΑΣΗ ΔΕΝ ΕΧΕΙ ΠΕΣΕΙ ΠΟΤΕ ΟΛΟΣΩΜΗ ACRAPOVIC ΣΤΑΜΠΙΛΙΖΑΤΕΡ OHLINS ΣΥΝΑΓΕΡΜΟΣ SPYBALL ΔΕΚΤΟΣ ΕΛΕΓΧΟΣ - Less - "}