{"query": {"url": "https://www.car.gr/10572717-peugeot-geopolis-300-rs", "type": "CAR_ADDE", "trial_count": 1, "last_processed": 1553097487}, "title": "Peugeot Geopolis 300 RS  '10", "ad_id": "10572717", "ad_data": {"Make/Model": "Peugeot Geopolis 300 RS '10", "Classified number": "10572717", "Price": "€2.500", "Category": "Bike - Roller/Scooter", "Registration": "7 / 2010", "Mileage": "40,453 km", "Fuel type": "Gasoline", "Cubic capacity": "278 cc", "Power": "22 bhp", "Color": "White (Metallic)", "Previous owners": "1", "Modified": "8 days", "Times clicked": "22", "Short link": "www.car.gr/10572717", "Telephone": "+30 2102916028"}, "ad_seller": {"Dealer": "NIKOLAOU MOTO", "Address": "ΑΓΓΛΥΚΕΡΙΑΣ52", "City": "ΓΑΛΑΤΣΙ", "": "+30 2102928165", "Fax": "+30 2102136214", "Dealer page": "https//nikolaou-moto.car.gr/"}, "metadata": {"type": "Bikes", "brand": "Peugeot", "model": "Geopolis 300 RS"}, "extras": [], "description": "Σε άριστη κατάσταση και με εγγύηση έξι μήνες απο την αγορά της μοτοσικλέτας. - Less - "}