{"query": {"url": "https://www.car.gr/10371288-honda-cbr-125r-repsol", "type": "CAR_ADDE", "trial_count": 1, "last_processed": 1553094651}, "title": "Honda CBR 125R REPSOL '13", "ad_id": "10371288", "ad_data": {"Make/Model": "Honda CBR 125R REPSOL '13", "Classified number": "10371288", "Price": "€2.990", "Category": "Bike - Super Sport", "Registration": "1 / 2013", "Mileage": "8,728 km", "Fuel type": "Gasoline", "Cubic capacity": "125 cc", "Power": "14 bhp", "Color": "Orange", "Modified": "1 day", "Times clicked": "423", "Short link": "www.car.gr/10371288", "Telephone": "+30 2541029430"}, "ad_seller": {"Dealer": "ΝΤΟΛΛΑΣ ΜΟΤΟ Ι.Κ.Ε. ΑΝΤΙΠΡΟΣΩΠΕΙΕΣ KAWASAKI-SUZUKI-PIAGGIO-VESPA-APRILIA-MOTO GUZZI-DUCATI-PEUGEOT", "Address": "4ΧΛΜΞΑΝΘΗΣ-ΛΑΓΟΥΣ", "City": "ΞΑΝΘΗ", "": "+30 2541083282", "Dealer page": "https//ntollas-ioannis.car.gr/"}, "metadata": {"type": "Bikes", "brand": "Honda", "model": "CBR 125R"}, "extras": ["Cast wheels", "Catalyst", "Credit card-Visa accepted", "Electric starter", "Exchange with Moto accepted", "Four-stroke engine", "Gelatin", "Kick-Starter", "Service Book", "Sidestand"], "description": "Υπεράριστη κατάσταση. - Είναι ολοκαίνουριο. - Άθικτο εντελώς. - Οι φωτογραφίες το αδικούν. - Δίδεται με 6 μήνες πλήρη εγγύηση. - Δεκτές ανταλλαγές με μηχανάκια σε πολύ καλή κατάσταση. - Less - "}