{"query": {"url": "https://www.car.gr/10009608-honda-c", "type": "CAR_ADDE", "trial_count": 1, "last_processed": 1553096953}, "title": "Honda C  '85", "ad_id": "10009608", "ad_data": {"Make/Model": "Honda C '85", "Classified number": "10009608", "Price": "€3.000", "Category": "Bike - Underbone", "Registration": "10 / 1985", "Mileage": "7,000 km", "Fuel type": "Gasoline", "Cubic capacity": "50 cc", "Power": "3 bhp", "Color": "Red", "Modified": "7 days", "Times clicked": "5640", "Short link": "www.car.gr/10009608", "Telephone": "None"}, "ad_seller": {}, "metadata": {"type": "Bikes", "brand": "Honda", "model": "C"}, "extras": [], "description": "ΣΕ ΑΡΙΣΤΗ ΚΑΤΑΣΤΑΣΗ ΓΝΗΣΙΟ C-50 ΑΝΤΙΠΡΟΣΩΠΕΙΑΣ ΑΠΟ ΠΛΗΡΗ ΑΝΑΚΑΤΑΣΚΕΥΗ:ΚΙΝΗΤΗΡΑΣ ΜΕ 4ΑΡΙ ΣΑΖΜΑΝ-ΨΑΛΙΔΙ GLX 50,ΣΤΡΟΦΑΛΟΣ-ΜΠΙΕΛΑ-ΕΞΑΤΜΙΣΗ-ΚΑΜΠΑΝΑ ΔΙΣΚΩΝ ΑΜΠΡΑΓΙΑΖ-ΦΙΛΤΡΟΚΟΥΤΙ GLX 90,ΚΥΛΙΝΔΡΟΣ-ΠΙΣΤΟΝΙ-KΟΜΠΛΕ ΚΕΦΑΛΗ-ΚΑΡΜΠΥΡΑΤΕΡ ΑSTREA 100,ΟΛΑ ΓΝΗΣΙΑ!!ΚΑΙΝΟΥΡΙΑ ΕΠΙΣΗΣ ΖΑΝΤΕΣ-ΛΑΣΤΙΧΑ-ΦΡΕΝΑ-ΓΡΑΝΑΖΙΑ-ΑΛΥΣΙΔΑ-ΜΠΑΤΑΡΙΑ-ΦΛΑΣ ΕΜΠΡΟΣ Κ ΠΙΣΩ-ΠΟΔΙΑ-ΠΑΤΑΚΙΑ ΣΥΝΟΔΗΓΟΥ-ΠΡΟΣΤΑΤΕΥΤΙΚΑ ΑΛΥΣΙΔΟΣ!! - Less - "}