{"query": {"url": "https://www.car.gr/10100311-nipponia-nr-125", "type": "CAR_ADDE", "trial_count": 1, "last_processed": 1553099975}, "title": "Nipponia NR 125  '10", "ad_id": "10100311", "ad_data": {"Make/Model": "Nipponia NR 125 '10", "Classified number": "10100311", "Price": "€995", "Category": "Bike - Naked", "Registration": "1 / 2010", "Fuel type": "Gasoline", "Cubic capacity": "125 cc", "Power": "10 bhp", "Color": "Red", "Modified": "16 days", "Times clicked": "4236", "Short link": "www.car.gr/10100311", "Telephone": "+30 2541023575"}, "ad_seller": {"Dealer": "ΜΟΤΟ ΤΑΜΙΑΣ", "Address": "ΒΟΥΛΓΑΡΟΚΤΟΝΟΥ20", "City": "ΞΑΝΘΗ", "": "+30 2541023575", "Dealer page": "https//moto-tamias.car.gr/", "Website": "http//www.mototamias.gr"}, "metadata": {"type": "Bikes", "brand": "Nipponia", "model": "NR 125"}, "extras": ["Cast wheels", "Centerstand", "Credit card-Visa accepted", "Electric starter", "Exchange with Moto accepted", "Four-stroke engine", "Kick-Starter", "Sidestand"], "description": "Καινούρια μοτοσυκλέτα Nipponia NR125X stock. - Διαθέσιμα χρώματα -Μαύρο - Less - "}