{"query": {"url": "https://www.car.gr/10269755-yamaha-yz-450f", "type": "CAR_ADDE", "trial_count": 1, "last_processed": 1553099322}, "title": "Yamaha YZ 450F  '13", "ad_id": "10269755", "ad_data": {"Make/Model": "Yamaha YZ 450F '13", "Classified number": "10269755", "Price": "€4.800", "Category": "Bike - Super Motard", "Registration": "1 / 2013", "Mileage": "40 km", "Fuel type": "Gasoline", "Cubic capacity": "450 cc", "Power": "55 bhp", "Color": "Blue", "Modified": "13 days", "Times clicked": "16087", "Short link": "www.car.gr/10269755", "Telephone": "None"}, "ad_seller": {"Name": "Γιώργος", "Address": "ΑΘΗΝΑP.ΑΤΤΙΚΗΣ"}, "metadata": {"type": "Bikes", "brand": "Yamaha", "model": "YZ 450F"}, "extras": ["Exchange with Moto accepted", "Exhaust Special", "Four-stroke engine", "Injection", "Spoke wheels"], "description": "Σε άριστη κατάσταση με full σεταρισμενες αναρτήσεις andreani group για supermoto με προφορτηση πισω ελατηριου X-trig - 2 κουστουμια -Εμπρός δίσκος 320 braking -Βrembo 4πιστονι 100mm με τρομπα φρενου ακτινικη -καμπανα Barnett με καινουργιους δισκους γνησιους -χουφτες -Hammerhead λεβιες ταχυτητων και προστατευτικο εμπρος γραναζιου - acerbis γλυστρα αλυσιδας -fatbar τιμονι - και αλλα extra (φλαντζες μοτερ,γκαζιερα αλουμινιου,μανετες,προστατευτικα γραναζιου κλπ) - Περισσοτερα στοιχεια απο κοντα - **Υπαρχουν διαθεσιμες διπλες εξατμισεις DVR Exhaust system ολοκαινουργιες*** EXTRA στη τιμη - Less - "}