{"query": {"url": "https://www.car.gr/10247382-kawasaki-versys-x-300-abs-10", "type": "CAR_ADDE", "trial_count": 1, "last_processed": 1553101695}, "title": "Kawasaki Versys-X 300 ABS  **10Δωρα** '17", "ad_id": "10247382", "ad_data": {"Make/Model": "Kawasaki Versys-X 300 ABS  **10Δωρα** '17", "Classified number": "10247382", "Price": "€5.990", "Category": "Bike - On/Off", "Registration": "1 / 2017", "Fuel type": "Gasoline", "Cubic capacity": "300 cc", "Power": "40 bhp", "Color": "Silver (Metallic)", "Modified": "24 days", "Times clicked": "486", "Short link": "www.car.gr/10247382", "Telephone": "+30 2831072335"}, "ad_seller": {"Dealer": "ΜΟΤΟ ΠΑΠΑΔΟΓΙΑΝΝΗΣ (SYM,KAWASAKI,PEYGEOT,MODENAS,DAYTONA,DAELIM)", "Address": "ΣΦΑΚΑΚΙ", "City": "ΡΕΘΥΜΝΟ", "": "+30 6978068593", "Fax": "+30 2831072335", "Dealer page": "https//motopapadogiannis.car.gr/", "Website": "https//motopapadogiannis.gr/", "Open hours": "ΔΕΥΤΕΡΑ 9πμ-4μμ\nΤριτη 9πμ-9μμ\nΤεταρτη 9πμ-4μμ\nΠεμπτη 9πμ-9μμ\nΠαρασκευη 9πμ-9μμ\nΣαββατο 9πμ-4μμ"}, "metadata": {"type": "Bikes", "brand": "Kawasaki", "model": "Versys-X 300 ABS"}, "extras": ["ABS", "Electric starter", "Exhibition", "Four-stroke engine", "Service Book", "Top Box-Μπαγκαζιέρα"], "description": "ΜΕ ΚΑΘΕ ΑΓΟΡΑ ΜΟΤΟΣΥΚΛΕΤΑΣ ΠΑΠΙΟΥ ΚΑΙ SCOOTER ΑΠΟ ΤΟ ΚΑΤΆΣΤΗΜΑ ΜΑΣ ΕΧΕΤΑΙ *** 10 ΔΩΡΑ *** - *& ΒΑΛΊΤΣΑ (42L H 30L) - *& ΚΡΑΝΟΣ JET ΕΥΡΩΠΑΙΚΩΝ ΠΡΟΔΙΑΓΡΑΦΏΝ - *& ΚΟΥΚΟΥΛΑ ΠΡΟΣΤΑΣΊΑΣ ΜΟΤΟ - *& ΚΛΕΙΔΑΡΙΆ ΛΟΥΚΕΤΟ ΜΟΤΟ - *& ΣΧΑΡΑ - *& ΠΛΑΚΑ ΣΧΑΡΑΣ - ΔΩΡΕΑΝ 1Η ΑΛΛΑΓΗ ΛΑΔΙΩΝ - *& ΓΑΝΤΙΑ ΑΔΙΑΒΡΟΧΑ ΧΕΡΙΩΝ - *& ΘΑ ΑΠΟΚΤΉΣΕΤΕ ΕΚΠΤΩΤΙΚΗ ΚΑΡΤΑ ΣΤΑ ΑΞΕΣΟΥΑΡ ΤΟΥ ΚΑΤΑΣΤΗΜΑΤΟΣ ΜΑΣ -15% - *& ΟΛΑ ΑΥΤΑ ΤΑ ΔΩΡΑ ΣΤΗΝ ΕΚΠΤΩΤΙΚΉ ΤΙΜΗ ΜΕΤΡΗΤΟΙΣ ΣΕ ΟΛΑ ΤΑ ΜΗΧΑΝΆΚΙΑ ΑΝΕΞΆΡΤΗΤΩΝ ΜΑΡΚΑΣ ΚΑΙ ΜΟΝΤΕΛΟΥ.... - .............. ΚΑΙ ΟΛΑ ΑΥΤΑ ΜΟΝΟ ΣΤΟ ΚΑΤΑΣΤΗΜΑ ΜΑΣ............. - Το νέο Versys-X 300 συνδυάζει το εντυπωσιακό στυλ μεγάλης adventure μοτοσυκλέτας με το χαμηλό λειτουργικό κόστος και την ευχρηστία μιας μικρής μοτοσυκλέτας. Με δυνατό, δικύλινδρο κινητήρα (40 PS), οικονομική κατανάλωση και αυτονομία πάνω από 400 χλμ, ακτινωτές ζάντες 19''-17'' και αναρτήσεις μεγάλης διαδρομής, το Versys-X 300 είναι σχεδιασμένο για να καλύψει όλες τις ανάγκες ενός αναβάτη: από την καθημερινή μετακίνηση στην πόλη, μέχρι ταξίδια και οδήγηση εκτός δρόμου. - Less - "}