{"query": {"url": "https://www.car.gr/10464540-polaris", "type": "CAR_ADDE", "trial_count": 1, "last_processed": 1553103118}, "title": "Polaris   '13", "ad_id": "10464540", "ad_data": {"Make/Model": "Polaris '13", "Classified number": "10464540", "Price": "€4.800", "Category": "Bike - Four Wheel-ATV", "Registration": "4 / 2013", "Mileage": "12,250 km", "Fuel type": "Gasoline", "Cubic capacity": "500 cc", "Power": "32 bhp", "Color": "Yellow", "Modified": "4 hours", "Times clicked": "5142", "Short link": "www.car.gr/10464540", "Telephone": "None"}, "ad_seller": {}, "metadata": {"type": "Bikes", "brand": "Polaris", "model": "Polaris   '13 - € 4.800 EUR"}, "extras": ["4Χ4", "Automatic", "Four-stroke engine"], "description": ""}