{"query": {"url": "https://www.car.gr/10107614-honda-slr-650", "type": "CAR_ADDE", "trial_count": 1, "last_processed": 1553095512}, "title": "Honda SLR 650  '97", "ad_id": "10107614", "ad_data": {"Make/Model": "Honda SLR 650 '97", "Classified number": "10107614", "Price": "€2.800", "Category": "Bike - Εnduro", "Registration": "1 / 1997", "Mileage": "36,000 km", "Fuel type": "Gasoline", "Cubic capacity": "650 cc", "Power": "40 bhp", "Color": "Yellow (Metallic)", "Kteo to": "05 / 2019", "Modified": "3 days", "Times clicked": "4440", "Short link": "www.car.gr/10107614", "Telephone": "+30 2105901142"}, "ad_seller": {"Dealer": "www.anapolitakis.gr", "Address": "Λ.ΑΘΗΝΩΝ367Α-ΑΙΓΑΛΕΩ", "City": "ΑΙΓΑΛΕΩ", "": "+30 2105908965", "Fax": "+30 2105908995", "Dealer page": "https//anapolitakis-gr.car.gr/", "Website": "http//www.anapolitakis.gr", "Open hours": "ΔΕΥΤΕΡΑ - ΠΑΡΑΣΚΕΥΗ 9.00 - 17.00\nΣΑΒΒΑΤΟ 10.00 - 13.00\nΚΑΤΟΠΙΝ ΡΑΝΤΕΒΟΥ  6944766254"}, "metadata": {"type": "Bikes", "brand": "Honda", "model": "SLR 650"}, "extras": ["Cargo Rack", "Centerstand", "Electric starter", "Four-stroke engine", "Sidestand", "Skid Plate", "Spoke wheels"], "description": "HONDA SLR 650 '97 ΜΕ 36.000 ΚΜ - Η ΜΗΧΑΝΗ ΗΡΘΕ ΑΠΟ ΓΕΡΜΑΝΙΑ ΣΕ ΑΡΙΣΤΗ ΚΑΤΑΣΤΑΣΗ ΚΑΙ Η ΠΡΩΤΗ ΑΔΕΙΑ ΣΤΗΝ ΕΛΛΑΔΑ ΕΚΔΟΘΗΚΕ 05/2017 (ΠΡΟΚΕΙΤΑΙ ΓΙΑ ΤΗΝ ΠΡΟΣΩΠΙΚΗ ΜΟΥ ΜΟΤΟΣΥΚΛΕΤΤΑ) - ΥΠΕΡ! 16.000 ΓΝΗΣΙΑ ΧΙΛΙΟΜΕΤΡΑ - ΑΡΙΣΤΗ ΕΞΩΤΕΡΙΚΗ ΚΑΤΑΣΤΑΣΗ - ΑΡΙΣΤΗ ΛΕΙΤΟΥΡΓΙΑ-ΕΙΝΑΙ ΣΧΕΔΟΝ ΠΑΝΤΟΥ ΓΝΗΣΙΟ - ΔΙΠΛΟ ΣΤΑΝΤ - ΕΠΕΝΔΥΣΗ ΣΤΟΥΣ ΛΑΙΜΟΥΣ ΕΞΑΤΜΙΣΗΣ ΓΙΑ ΑΠΟΦΥΓΗ ΥΨΗΛΗΣ ΘΕΡΜΟΚΡΑΣΙΑΣ- ΚΤΕΟ ΜΕΧΡΙ 05/2019 - ΣΗΜΑ 2017 ΠΛΗΡΩΜΕΝΟ-ΘΕΛΕΙ ΜΟΝΟ ΜΕΤΑΒΙΒΑΣΗ !!! - ΒΡΙΣΚΕΤΑΙ ΚΑΙ ΦΥΛΑΣΣΕΤΑΙ ΣΤΟ ΚΑΤΑΣΤΗΜΑ ΜΑΣ -- Λ.ΑΘΗΝΩΝ 367Α - ΑΙΓΑΛΕΩ - ΜΟΤΟ ΑΝΑΠΟΛΙΤΑΚΗΣ www.used-moto-parts.com - Less - "}