{"query": {"url": "https://www.car.gr/10107691-aprilia-scarabeo-200-scarabeo-200ie-dual-map", "type": "CAR_ADDE", "trial_count": 1, "last_processed": 1553099905}, "title": "Aprilia Scarabeo 200 Scarabeo 200ie dual map '15", "ad_id": "10107691", "ad_data": {"Make/Model": "Aprilia Scarabeo 200 Scarabeo 200ie dual map '15", "Classified number": "10107691", "Price": "€1.600", "Category": "Bike - Roller/Scooter", "Registration": "6 / 2015", "Mileage": "31,000 km", "Fuel type": "Gasoline", "Cubic capacity": "200 cc", "Power": "19 bhp", "Color": "Dark blue (Metallic)", "Kteo to": "04 / 2019", "Modified": "15 days", "Times clicked": "1887", "Short link": "www.car.gr/10107691", "Telephone": "None"}, "ad_seller": {}, "metadata": {"type": "Bikes", "brand": "Aprilia", "model": "Scarabeo 200"}, "extras": ["Automatic", "Cargo Rack", "Cast wheels", "Catalyst", "Centerstand", "Electric starter", "Four-stroke engine", "Gelatin", "Led lights", "Lights Xenon", "Skid Plate", "Trip computer"], "description": "Πολυ προσεγμένο..καλα λάστιχα..πρόσφατο service..περισσοτερα απο τηλ... - Less - "}