{"query": {"url": "https://www.car.gr/10726869-suzuki-vl-1500-intruder", "type": "CAR_ADDE", "trial_count": 1, "last_processed": 1553102780}, "title": "Suzuki VL 1500 INTRUDER '00", "ad_id": "10726869", "ad_data": {"Make/Model": "Suzuki VL 1500 INTRUDER '00", "Classified number": "10726869", "Price": "€4.500", "Category": "Bike - Chopper", "Registration": "1 / 2000", "Mileage": "26,000 km", "Fuel type": "Gasoline", "Cubic capacity": "1,500 cc", "Power": "67 bhp", "Color": "Dark Green (Metallic)", "Modified": "34 days", "Times clicked": "1135", "Short link": "www.car.gr/10726869", "Telephone": "None"}, "ad_seller": {}, "metadata": {"type": "Bikes", "brand": "Suzuki", "model": "VL 1500"}, "extras": ["Cargo Rack"], "description": "ΣΕ ΥΠΕΡΑΡΙΣΤΗ ΚΑΤΑΣΤΗ.ΕΤΟΙΜΟ ΑΠΟ ΜΕΓΑΛΟ ΣΕΡΒΙΣ.ΔΕΚΤΟΣ ΟΠΟΙOΣΔΗΠΟΤΕ ΕΛΕΝΧΟΣ.ΠΑΝΤΑ ΜΕΣΑ ΣΤΟ ΓΚΑΡΑΖ.ΟΙ ΦΩΤΟΓΡΑΦΙΕΣ ΤΑ ΛΕΝΕ ΟΛΑ. - Less - "}