{"query": {"url": "https://www.car.gr/1045985-zeta-2t-50cc", "type": "CAR_ADDE", "trial_count": 1, "last_processed": 1553105160}, "title": "Αλλο  zeta 2t 50cc '16", "ad_id": "1045985", "ad_data": {"Make/Model": "Αλλο zeta 2t 50cc '16", "Classified number": "1045985", "Price": "Askforprice", "Category": "Bike - Other", "Registration": "11 / 2016", "Fuel type": "Gasoline", "Cubic capacity": "50 cc", "Power": "5 bhp", "Transmission": "Automatic", "Color": "Other (Metallic)", "Modified": "5 days", "Times clicked": "3646", "Short link": "www.car.gr/1045985", "Telephone": "+30 2741072037"}, "ad_seller": {"Dealer": "Μoto Κordalis", "Address": "ΚΡΗΤΙΚΑΑΡΧΑΙΑΣΚΟΡΙΝΘΟΥ", "City": "ΚΟΡΙΝΘΟΣ", "": "+30 6973492024", "Fax": "+30 2741072037", "Dealer page": "https//moto-kordalis.car.gr/", "Website": "http//www.motokordalis.gr"}, "metadata": {"type": "Bikes", "brand": "Αλλο", "model": "Αλλο  zeta 2t 50cc '16 - Ask for price"}, "extras": [], "description": "Το μηχανακι διαθετει 12\" τροχους......... - Φοράει κινητήρα YAMAHA JOG δίχρονο με τελική 80km/h. - ΑΞΙΟΠΙΣΤΟ...... ΔΕΚΤΟΣ ΚΑΙ ΔΙΑΚΑΝΟΝΙΣΜΟΣ ΜΕ ΓΡΑΜΜΑΤΙΑ. - Less - "}