{"query": {"url": "https://www.car.gr/10629859-peugeot-speedfight-3-iceblade-speedfight-125cc", "type": "CAR_ADDE", "trial_count": 1, "last_processed": 1553098378}, "title": "Peugeot Speedfight 3 Iceblade  Speedfight 125cc ++Δωρα....!! '17", "ad_id": "10629859", "ad_data": {"Make/Model": "Peugeot Speedfight 3 Iceblade  Speedfight 125cc ++Δωρα....!! '17", "Classified number": "10629859", "Price": "€1.990", "Category": "Bike - Roller/Scooter", "Registration": "1 / 2017", "Fuel type": "Gasoline", "Cubic capacity": "125 cc", "Power": "10 bhp", "Color": "White", "Modified": "10 days", "Times clicked": "147", "Short link": "www.car.gr/10629859", "Telephone": "+30 2831072335"}, "ad_seller": {"Dealer": "ΜΟΤΟ ΠΑΠΑΔΟΓΙΑΝΝΗΣ (SYM,KAWASAKI,PEYGEOT,MODENAS,DAYTONA,DAELIM)", "Address": "ΣΦΑΚΑΚΙ", "City": "ΡΕΘΥΜΝΟ", "": "+30 6978068593", "Fax": "+30 2831072335", "Dealer page": "https//motopapadogiannis.car.gr/", "Website": "https//motopapadogiannis.gr/", "Open hours": "ΔΕΥΤΕΡΑ 9πμ-4μμ\nΤριτη 9πμ-9μμ\nΤεταρτη 9πμ-4μμ\nΠεμπτη 9πμ-9μμ\nΠαρασκευη 9πμ-9μμ\nΣαββατο 9πμ-4μμ"}, "metadata": {"type": "Bikes", "brand": "Peugeot", "model": "Speedfight 3 Iceblade"}, "extras": ["Centerstand", "Electric starter", "Exhibition", "Sidestand"], "description": "ΜΕ ΚΑΘΕ ΑΓΟΡΑ ΜΟΤΟΣΥΚΛΕΤΑΣ ΠΑΠΙΟΥ ΚΑΙ SCOOTER ΑΠΟ ΤΟ ΚΑΤΆΣΤΗΜΑ ΜΑΣ ΕΧΕΤΑΙ *** ΔΩΡΑ *** - *& ΚΡΑΝΟΣ JET ΕΥΡΩΠΑΙΚΩΝ ΠΡΟΔΙΑΓΡΑΦΏΝ - *& ΚΟΥΚΟΥΛΑ ΠΡΟΣΤΑΣΊΑΣ ΜΟΤΟ - *& ΚΛΕΙΔΑΡΙΆ ΛΟΥΚΕΤΟ ΜΟΤΟ - *& ΔΩΡΕΑΝ 1Η ΑΛΛΑΓΗ ΛΑΔΙΩΝ - *& ΓΑΝΤΙΑ ΑΔΙΑΒΡΟΧΑ ΧΕΡΙΩΝ - *& ΘΑ ΑΠΟΚΤΉΣΕΤΕ ΕΚΠΤΩΤΙΚΗ ΚΑΡΤΑ ΣΤΑ ΑΞΕΣΟΥΑΡ ΤΟΥ ΚΑΤΑΣΤΗΜΑΤΟΣ ΜΑΣ -15% - *& ΟΛΑ ΑΥΤΑ ΤΑ ΔΩΡΑ ΣΤΗΝ ΕΚΠΤΩΤΙΚΉ ΤΙΜΗ ΜΕΤΡΗΤΟΙΣ ΣΕ ΟΛΑ ΤΑ ΜΗΧΑΝΆΚΙΑ ΑΝΕΞΆΡΤΗΤΩΝ ΜΑΡΚΑΣ ΚΑΙ ΜΟΝΤΕΛΟΥ.... - .............. ΚΑΙ ΟΛΑ ΑΥΤΑ ΜΟΝΟ ΣΤΟ ΚΑΤΑΣΤΗΜΑ ΜΑΣ............. - Το Speedfight 3 125 είναι προορισμένο να κλέψει την παράσταση και να ξεχωρίσει από τα υπόλοιπα scooters στο δρόμο. Η επιθετική, δυναμική σχεδίαση, με αιχμηρές γραμμές και εντυπωσιακά γραφικά, του προσδίδει γνήσια νεανική ταυτότητα και τονίζει το sport DNA του - .Με βελτιώσεις στη χαρτογράφηση του κινητήρα, προκειμένου να αποδίδει περισσότερη ισχύ στο μεσαίο εύρος στροφών, το Speedfight 3 125 εγγυάται δυναμική και απολαυστική οδήγηση. Ελαφρύ, μικρών διαστάσεων και με χαμηλό κέντρο βάρους, θα κινηθεί άνετα και ευέλικτα μέσα στην κυκλοφορία της πόλης. - Το Speedfight 3 125 διαθέτει ένα από τα καλύτερα συστήματα φρένων στην κατηγορία του. Οι δίσκοι Shuricane εμπρός και πίσω, καθώς και η διπίστονη ακτινική δαγκάνα στο εμπρόσθιο φρένο, προσφέρουν μεγάλη δύναμη πέδησης και υψηλά επίπεδα ασφάλειας για τον αναβάτη. - Less - "}