{"query": {"url": "https://www.car.gr/10572526-kawasaki-zzr-1200", "type": "CAR_ADDE", "trial_count": 1, "last_processed": 1553097486}, "title": "Kawasaki ZZR 1200  '04", "ad_id": "10572526", "ad_data": {"Make/Model": "Kawasaki ZZR 1200 '04", "Classified number": "10572526", "Price": "€3.000", "Category": "Bike - Sport Touring", "Registration": "10 / 2004", "Mileage": "32,930 km", "Fuel type": "Gasoline", "Cubic capacity": "1,200 cc", "Power": "160 bhp", "Color": "Silver (Metallic)", "Kteo to": "05 / 2018", "Modified": "8 days", "Times clicked": "137", "Short link": "www.car.gr/10572526", "Telephone": "+30 2102916028"}, "ad_seller": {"Dealer": "NIKOLAOU MOTO", "Address": "ΑΓΓΛΥΚΕΡΙΑΣ52", "City": "ΓΑΛΑΤΣΙ", "": "+30 2102928165", "Fax": "+30 2102136214", "Dealer page": "https//nikolaou-moto.car.gr/"}, "metadata": {"type": "Bikes", "brand": "Kawasaki", "model": "ZZR 1200"}, "extras": [], "description": "Δευτερο χέρι σε αριστη κατασταση έχει συναγερμό και με εγγύηση έξι μήνες απο την αγορά της μοτοσικλέτας. - Less - "}