{"query": {"url": "https://www.car.gr/10675196-yamaha-yzf-r1-r1", "type": "CAR_ADDE", "trial_count": 1, "last_processed": 1553099071}, "title": "Yamaha YZF-R1 R1 '98", "ad_id": "10675196", "ad_data": {"Make/Model": "Yamaha YZF-R1 R1 '98", "Classified number": "10675196", "Price": "€1.000", "Category": "Bike - Other", "Registration": "7 / 1998", "Mileage": "80 km", "Fuel type": "Gasoline", "Cubic capacity": "1,000 cc", "Power": "150 bhp", "Color": "Red", "Modified": "13 days", "Times clicked": "18239", "Short link": "www.car.gr/10675196", "Telephone": "None"}, "ad_seller": {}, "metadata": {"type": "Bikes", "brand": "Yamaha", "model": "YZF-R1"}, "extras": ["Electric starter"], "description": "Η μηχανη πωλειτε για ανταλλακτικα, - Καινουρια ουρα γνησια, - Καινουριο ντεποζιτο, - Εξατμιση remus.. - Less - "}