{"query": {"url": "https://www.car.gr/10312011-vee-road-125", "type": "CAR_ADDE", "trial_count": 1, "last_processed": 1553095937}, "title": "Vee Road  125 '05", "ad_id": "10312011", "ad_data": {"Make/Model": "Vee Road 125 '05", "Classified number": "10312011", "Price": "€380", "Category": "Bike - Roller/Scooter", "Registration": "1 / 2005", "Mileage": "8,800 km", "Fuel type": "Gasoline", "Cubic capacity": "50 cc", "Power": "5 bhp", "Color": "Blue", "Liters/100km": "3 (Εντός)/2 (Εκτός)/2 (Μικτό)", "Modified": "4 days", "Times clicked": "5472", "Short link": "www.car.gr/10312011", "Telephone": "+30 2331300611"}, "ad_seller": {"Dealer": "Μotomaniac Center", "Address": "Θεσσαλονικης22", "City": "ΒΕΡΟΙΑ", "": "+30 6971744876", "Fax": "+30 2331300611", "Dealer page": "https//motomaniac-center.car.gr/", "Website": "http//stores.ebay.com/motomaniaccenterno2/", "Open hours": "Δευτερα-Παρασκευη 900-1900\nΣαββατο 900-1500"}, "metadata": {"type": "Bikes", "brand": "Vee Road", "model": "Vee Road  125 '05 - € 380 EUR (Negotiable)"}, "extras": ["Automatic", "Catalyst", "Electric starter", "Kick-Starter", "Top Box-Μπαγκαζιέρα"], "description": "Πωλειται σκουτερ σε μετρια κατασταση, με εξτρα βαλιτσακι πισω. - Το μηχανακι ειναι πελατη μας. Αγοραζετε απο ιδιωτη. ειναι λειτουργικο με πληρωμενα τελη. τα πλαστικα του ειναι ταλαιπωρημενα κι εμφανως ραγισμενα και μαζεμενα με tie wrap. ολα φαινονται στις φωτο. - εχουμε πολλες μοτοσυκλετες για κυκλοφορια κι ανταλακτικα. - επισκεφτειτε την σελιδα μας. - Στοχος μας η εξυπηρετηση του πελατη - Motomaniac Center - Less - "}