{"query": {"url": "https://www.car.gr/10045599-kymco-xciting-500", "type": "CAR_ADDE", "trial_count": 1, "last_processed": 1553102989}, "title": "Kymco Xciting 500  '06", "ad_id": "10045599", "ad_data": {"Make/Model": "Kymco Xciting 500 '06", "Classified number": "10045599", "Price": "€1.250", "Category": "Bike - Roller/Scooter", "Registration": "2 / 2006", "Mileage": "48,000 km", "Fuel type": "Gasoline", "Cubic capacity": "500 cc", "Power": "40 bhp", "Color": "Grey (Metallic)", "Modified": "36 days", "Times clicked": "4513", "Short link": "www.car.gr/10045599", "Telephone": "None"}, "ad_seller": {}, "metadata": {"type": "Bikes", "brand": "Kymco", "model": "Xciting 500"}, "extras": [], "description": "ΣΕ ΚΑΛΗ ΚΑΤΑΣΤΑΣΗ - ΙΜΑΝΤΑΣ ΚΙΝΗΣΗΣ ΚΑΙΝΟΥΡΙΟΣ - ΜΗΧΑΝΙΚΑ ΑΡΙΣΤΟ - MEΓΑΛΟ SERVICE - Less - "}