{"query": {"url": "https://www.car.gr/10224145-honda-cb-50-cd50-c50-ss50", "type": "CAR_ADDE", "trial_count": 1, "last_processed": 1553098403}, "title": "Honda CB 50 CD50 C50 SS50 ΑΡΙΣΤΟ '87", "ad_id": "10224145", "ad_data": {"Make/Model": "Honda CB 50 CD50 C50 SS50 ΑΡΙΣΤΟ '87", "Classified number": "10224145", "Price": "€2.900", "Category": "Bike - Underbone", "Registration": "6 / 1987", "Mileage": "32,000 km", "Fuel type": "Gasoline", "Cubic capacity": "50 cc", "Power": "5 bhp", "Color": "Red", "Liters/100km": "22 (Εντός)/2 (Εκτός)/2 (Μικτό)", "Previous owners": "1", "Modified": "11 days", "Times clicked": "10862", "Short link": "www.car.gr/10224145", "Telephone": "None"}, "ad_seller": {"Name": "Στέλιος", "Address": "ΘΕΡΜΗP.ΘΕΣΣΑΛΟΝΙΚΗΣ"}, "metadata": {"type": "Bikes", "brand": "Honda", "model": "CB 50"}, "extras": ["Alarm", "Antique-Classic", "Cargo Rack", "Centerstand", "Exchange with Moto accepted", "Service Book", "Spoke wheels", "Top Box-Μπαγκαζιέρα"], "description": "Honda CD50 αντίκα κλασσικό άψογο - 4 ταχύτητες με συμπλέκτη - Άριστη κατάσταση - Πραγματικά χιλιόμετρα - Αυθεντική σχάρα Honda - Απόλυτα λειτουργικό και αξιόπιστο ακόμη και για καθημερινή χρήση - Πρόσφατο service - Καινούργια λάστιχα Michelin - Καινούργια μπαταρία - Γενική ανακατασκευή χρώματος/νικελοβαφή/κινητήρα - Ανανεωμένη άδεια κυκλοφορίας - Ανταλλαγή με PIAGGIO BEVERLY 350 SPORT TOURING euro4 Συν διαφορά - Less - "}