{"query": {"url": "https://www.car.gr/10224110-piaggio-zip-sp-zip-50-2t-sp", "type": "CAR_ADDE", "trial_count": 1, "last_processed": 1553102309}, "title": "Piaggio Zip SP ZIP 50 2T SP '16", "ad_id": "10224110", "ad_data": {"Make/Model": "Piaggio Zip SP ZIP 50 2T SP '16", "Classified number": "10224110", "Price": "€1.500", "Category": "Bike - Roller/Scooter", "Registration": "11 / 2016", "Mileage": "500 km", "Fuel type": "Gasoline", "Cubic capacity": "69 cc", "Power": "3 bhp", "Color": "Grey", "Modified": "29 days", "Times clicked": "707", "Short link": "www.car.gr/10224110", "Telephone": "None"}, "ad_seller": {"Name": "Manos", "Address": "ΗΡΑΚΛΕΙΟP.ΗΡΑΚΛΕΙΟΥ"}, "metadata": {"type": "Bikes", "brand": "Piaggio", "model": "Zip SP"}, "extras": ["Automatic", "Cast wheels", "Centerstand", "Exchange with Moto accepted", "Exhaust Special", "Exhibition", "Notes, checks accepted", "Two-stroke"], "description": "Η τιμή δεν είναι συζητήση... Για περισσότερα από το τηλ.... - Less - "}