{"query": {"url": "https://www.car.gr/10433163-suzuki-gsx-r-1000", "type": "CAR_ADDE", "trial_count": 1, "last_processed": 1553099728}, "title": "Suzuki GSX-R 1000  '04", "ad_id": "10433163", "ad_data": {"Make/Model": "Suzuki GSX-R 1000 '04", "Classified number": "10433163", "Price": "€3.700", "Category": "Bike - Street Bike", "Registration": "1 / 2004", "Mileage": "33,350 km", "Fuel type": "Gasoline", "Cubic capacity": "1,000 cc", "Power": "190 bhp", "Color": "Black (Metallic)", "Modified": "15 days", "Times clicked": "16032", "Short link": "www.car.gr/10433163", "Telephone": "+30 2105690906"}, "ad_seller": {"Dealer": "ΜΕΤΑΧΕΙΡΙΣΜΕΝΑ ΑΝΤΑΛΑΚΤΙΚΑ MOTO", "Address": "ΜΕΓ.ΑΛΕΞΑΝΔΡΟΥ77", "City": "ΑΙΓΑΛΕΩ", "": "+30 6978101394", "Dealer page": "https//maratos-moto.car.gr/"}, "metadata": {"type": "Bikes", "brand": "Suzuki", "model": "GSX-R 1000"}, "extras": ["Alarm", "Car Exchange", "Electric starter", "Exchange with Moto accepted", "Exhaust Special", "Four-stroke engine", "Gelatin", "Lights Xenon", "Sidestand"], "description": "Suzuki K4 Yoshimura.πρόγραμμα φίλτρο εξάτμιση καθώς και πολλά έξτρα. Δεκτός κάθε έλεγχος. Ανταλλαγή με smart. - Less - "}