{"query": {"url": "https://www.car.gr/10033863-siamoto-vespa", "type": "CAR_ADDE", "trial_count": 1, "last_processed": 1553099136}, "title": "Siamoto  vespa '01", "ad_id": "10033863", "ad_data": {"Make/Model": "Siamoto vespa '01", "Classified number": "10033863", "Price": "€550", "Category": "Bike - Other", "Registration": "5 / 2001", "Mileage": "9,000 km", "Fuel type": "Gasoline", "Cubic capacity": "125 cc", "Power": "8 bhp", "Color": "Red (Metallic)", "Modified": "13 days", "Times clicked": "502", "Short link": "www.car.gr/10033863", "Telephone": "None"}, "ad_seller": {}, "metadata": {"type": "Bikes", "brand": "Siamoto", "model": "Siamoto  vespa '01 - € 550 EUR (Negotiable)"}, "extras": [], "description": "Καινουρια λαστιχα - Less - "}