{"query": {"url": "https://www.car.gr/10179162-suzuki-an-200-burgman-an-burgman-200", "type": "CAR_ADDE", "trial_count": 1, "last_processed": 1553099975}, "title": "Suzuki AN 200 Burgman AN BURGMAN 200  '08", "ad_id": "10179162", "ad_data": {"Make/Model": "Suzuki AN 200 Burgman AN BURGMAN 200  '08", "Classified number": "10179162", "Price": "€1.600", "Category": "Bike - Roller/Scooter", "Registration": "11 / 2008", "Mileage": "1,600 km", "Fuel type": "Gasoline", "Cubic capacity": "200 cc", "Power": "20 bhp", "Color": "Dark blue (Metallic)", "Modified": "16 days", "Times clicked": "379", "Short link": "www.car.gr/10179162", "Telephone": "+30 2310609330"}, "ad_seller": {"Dealer": "GOLDENBIKES", "Address": "ΘΕΣ/ΝΙΚΗΛΑΓΚΑΔΑ242(ΑΕΡΟΓΕΦΥΡΑΣΤΑΥΡΟΥΠΟΛΗΣ)", "City": "ΠΟΛΙΧΝΗ", "": "+30 2310609330", "Fax": "+30 2310609330", "Dealer page": "https//goldenbikes.car.gr/", "Website": "http//goldenbikes.gr/"}, "metadata": {"type": "Bikes", "brand": "Suzuki", "model": "AN 200 Burgman"}, "extras": ["Automatic", "Electric starter", "Exchange with Moto accepted", "Four-stroke engine"], "description": "-ΑΡΙΣΤΗ ΚΑΤΑΣΤΑΣΗ ΚΑΙ 1 ΧΡΟΝΟ ΕΓΓΥΗΣΗ-ΠΑΡΑΔΟΣΗ ΜΕ SERVICE- Less - "}