{"query": {"url": "https://www.car.gr/10432643-honda-vision-110-vision-110-16", "type": "CAR_ADDE", "trial_count": 1, "last_processed": 1553102653}, "title": "Honda Vision 110 VISION 110 16'' '17", "ad_id": "10432643", "ad_data": {"Make/Model": "Honda Vision 110 VISION 110 16'' '17", "Classified number": "10432643", "Price": "€2.260", "Category": "Bike - Roller/Scooter", "Registration": "7 / 2017", "Fuel type": "Gasoline", "Cubic capacity": "110 cc", "Power": "9 bhp", "Color": "Black (Metallic)", "Modified": "33 days", "Times clicked": "705", "Short link": "www.car.gr/10432643", "Telephone": "+30 2721083680"}, "ad_seller": {"Dealer": "ΖΕΜΠΙΛΑΣ ΕΥΑΓΓΕΛΟΣ & ΣΙΑ ΟΕ", "Address": "ΚΕΝΤΡΙΚΟΝΕΑΕΙΣΟΔΟΣ-ΥΠΟΚ.ΚΛΑΔΑ16", "City": "ΚΑΛΑΜΑΤΑ", "": "+30 6972997974", "Fax": "+30 2721096188", "Dealer page": "https//zebilas-dieselcars.car.gr/", "Website": "http//www.zempilas.gr"}, "metadata": {"type": "Bikes", "brand": "Honda", "model": "Vision 110"}, "extras": [], "description": ""}