{"query": {"url": "https://www.car.gr/10716165-honda-vfr-1000", "type": "CAR_ADDE", "trial_count": 1, "last_processed": 1553102636}, "title": "Honda VFR 1000  '91", "ad_id": "10716165", "ad_data": {"Make/Model": "Honda VFR 1000 '91", "Classified number": "10716165", "Price": "€3.000", "Category": "Bike - Street Bike", "Registration": "1 / 1991", "Mileage": "10,699 km", "Fuel type": "Gasoline", "Cubic capacity": "998 cc", "Power": "130 bhp", "Color": "Other (Metallic)", "Previous owners": "1", "Modified": "32 days", "Times clicked": "414", "Short link": "www.car.gr/10716165", "Telephone": "None"}, "ad_seller": {"Name": "Αγγελής", "Address": "ΧΑΛΚΙΔΑP.ΕΥΒΟΙΑΣ"}, "metadata": {"type": "Bikes", "brand": "Honda", "model": "VFR 1000"}, "extras": [], "description": "Η μηχανή δεν έχει καμία ζημιά, εκτός από κάποιες γρατσουνιές στο χρώμα. Πέρασε σε εμένα (2ος ιδιοκτήτης) το 2015, αλλά από περίπου το '95, έως και το '15 που την πήρα ήταν ακυκλοφόρητη. Έχει γίνει γενικό service (φθορές λόγω ετών ακινησίας), αλλά λειτουργεί άψογα. Η μηχανή, είναι σαν καινούργια διότι (όπως φαίνεται και στην φωτογραφία και στα στοιχεία), έχει λίγα χιλιόμετρα. - Δεκτός κάθε έλεγχος. - Less - "}