{"query": {"url": "https://www.car.gr/10244865-honda", "type": "CAR_ADDE", "trial_count": 1, "last_processed": 1553104803}, "title": "Honda   '09", "ad_id": "10244865", "ad_data": {"Make/Model": "Honda '09", "Classified number": "10244865", "Price": "€3.500", "Category": "Bike - Roller/Scooter", "Registration": "10 / 2009", "Mileage": "23,907 km", "Fuel type": "Gasoline", "Cubic capacity": "600 cc", "Power": "55 bhp", "Color": "Black (Metallic)", "Kteo to": "08 / 2018", "Modified": "over 2 months", "Times clicked": "1155", "Short link": "www.car.gr/10244865", "Telephone": "+30 2641033282"}, "ad_seller": {"Dealer": "ΚΑΠΕΛΛΑΚΗΣ ΙΩΑΝΝΗΣ IKE", "Address": "ΕθνικήςΑντιστάσεως", "City": "ΑΓΡΙΝΙΟ", "": "+30 2641033282", "Dealer page": "https//kapelakis.car.gr/"}, "metadata": {"type": "Bikes", "brand": "Honda", "model": "Honda   '09 - € 3.500 EUR"}, "extras": [], "description": ""}