{"query": {"url": "https://www.car.gr/10352951-sym-citycom-s-300i-abs-euro4", "type": "CAR_ADDE", "trial_count": 1, "last_processed": 1553094607}, "title": "Sym  CITYCOM S 300I ABS EURO4 '17", "ad_id": "10352951", "ad_data": {"Make/Model": "Sym CITYCOM S 300I ABS EURO4 '17", "Classified number": "10352951", "Price": "€3.695", "Category": "Bike - Roller/Scooter", "Registration": "6 / 2017", "Fuel type": "Gasoline", "Cubic capacity": "300 cc", "Power": "29 bhp", "Color": "Black (Metallic)", "Modified": "1 day", "Times clicked": "2843", "Short link": "www.car.gr/10352951", "Telephone": "+30 2843026449"}, "ad_seller": {"Dealer": "Moto Hamilakis", "Address": "Βαρθολομαίου10", "City": "ΣΗΤΕΙΑ", "": "+30 2843026449", "Fax": "+30 2843026449", "Dealer page": "https//moto-hamilakis.car.gr/", "Website": "http//www.motohamilakis.gr"}, "metadata": {"type": "Bikes", "brand": "Sym", "model": "Sym  CITYCOM S 300I ABS EURO4 '17 - € 3.695 EUR"}, "extras": ["Automatic", "Car Exchange", "Cast wheels", "Catalyst", "Centerstand", "Credit card-Visa accepted", "Electric starter", "Exchange with Moto accepted", "Exhibition", "Four-stroke engine", "Gelatin", "Sidestand"], "description": ""}