{"query": {"url": "https://www.car.gr/10352994-sym-st-200i-abs", "type": "CAR_ADDE", "trial_count": 1, "last_processed": 1553094608}, "title": "Sym  ST 200I ABS '17", "ad_id": "10352994", "ad_data": {"Make/Model": "Sym ST 200I ABS '17", "Classified number": "10352994", "Price": "€2.350", "Category": "Bike - Roller/Scooter", "Registration": "6 / 2017", "Fuel type": "Gasoline", "Cubic capacity": "200 cc", "Power": "15 bhp", "Color": "Black (Metallic)", "Modified": "1 day", "Times clicked": "1543", "Short link": "www.car.gr/10352994", "Telephone": "+30 2843026449"}, "ad_seller": {"Dealer": "Moto Hamilakis", "Address": "Βαρθολομαίου10", "City": "ΣΗΤΕΙΑ", "": "+30 2843026449", "Fax": "+30 2843026449", "Dealer page": "https//moto-hamilakis.car.gr/", "Website": "http//www.motohamilakis.gr"}, "metadata": {"type": "Bikes", "brand": "Sym", "model": "Sym  ST 200I ABS '17 - € 2.350 EUR"}, "extras": ["Automatic", "Car Exchange", "Cargo Rack", "Cast wheels", "Centerstand", "Credit card-Visa accepted", "Electric starter", "Exchange with Moto accepted", "Exhibition", "Four-stroke engine", "Sidestand"], "description": ""}