{"query": {"url": "https://www.car.gr/10428055-kymco-spike-125", "type": "CAR_ADDE", "trial_count": 1, "last_processed": 1553099034}, "title": "Kymco Spike 125  '04", "ad_id": "10428055", "ad_data": {"Make/Model": "Kymco Spike 125 '04", "Classified number": "10428055", "Price": "€700", "Category": "Bike - Underbone", "Registration": "5 / 2004", "Mileage": "59,100 km", "Fuel type": "Gasoline", "Cubic capacity": "125 cc", "Power": "9 bhp", "Color": "Silver (Metallic)", "Modified": "13 days", "Times clicked": "5368", "Short link": "www.car.gr/10428055", "Telephone": "+30 2105690906"}, "ad_seller": {"Dealer": "ΜΕΤΑΧΕΙΡΙΣΜΕΝΑ ΑΝΤΑΛΑΚΤΙΚΑ MOTO", "Address": "ΜΕΓ.ΑΛΕΞΑΝΔΡΟΥ77", "City": "ΑΙΓΑΛΕΩ", "": "+30 6978101394", "Dealer page": "https//maratos-moto.car.gr/"}, "metadata": {"type": "Bikes", "brand": "Kymco", "model": "Spike 125"}, "extras": ["Electric starter", "Exchange with Moto accepted", "Exhaust Special", "Four-stroke engine", "Gelatin", "Sidestand", "Top Box-Μπαγκαζιέρα"], "description": "Περασμένο κτεο.Τέλη πληρωμένα. Το μηχανάκι είναι σε πολύ καλή κατάσταση. - Less - "}