{"query": {"url": "https://www.car.gr/10200090-yamaha-yz", "type": "CAR_ADDE", "trial_count": 1, "last_processed": 1553105216}, "title": "Yamaha YZ  '17", "ad_id": "10200090", "ad_data": {"Make/Model": "Yamaha YZ '17", "Classified number": "10200090", "Price": "€1", "Category": "Bike - Motocross", "Registration": "6 / 2017", "Fuel type": "Gasoline", "Cubic capacity": "250 cc", "Power": "42 bhp", "Color": "Blue", "Modified": "28 days", "Times clicked": "5913", "Short link": "www.car.gr/10200090", "Telephone": "+30 2310329468"}, "ad_seller": {"Dealer": "Yamaha-Meremetsakis", "Address": "ΠΑΠΑΝΑΣΤΑΣΙΟΥΑΛΕΞΑΝΔΡΟΥ39", "City": "ΘΕΣΣΑΛΟΝΙΚΗ", "": "+30 2310329468", "Fax": "+30 2310315565", "Dealer page": "https//yamaha-meremetsakis.car.gr/", "Website": "http//www.yamaha-meremetsakis.gr"}, "metadata": {"type": "Bikes", "brand": "Yamaha", "model": "YZ"}, "extras": [], "description": "ΕΤΟΙΜΟΠΑΡΑΔΟΤΑ ΟΛΑ ΤΑ MOTOCROSS - ME ΔΥΝΑΤΟΤΗΤΑ ΔΟΣΕΩΝ ΕΩΣ 72ΜΗΝΕΣ ΚΑΙ ΑΝΤΑΛΛΑΓΗ ΜΕ ΤΗΝ ΜΟΤΟΣΥΚΛΕΤΑ ΣΑΣ - PW50 -1550e (2019) - TTR110 -2750e(2019) - YZ85LW -4150e(2019) - YZ125 -6190e(2017) - YZ250 -6700e(2017) - YZ250F -6990e(2017) - YZ450F -7590e(2017) - Less - "}