{"query": {"url": "https://www.car.gr/10258996-husqvarna-tc-450", "type": "CAR_ADDE", "trial_count": 1, "last_processed": 1553094879}, "title": "Husqvarna TC 450  '08", "ad_id": "10258996", "ad_data": {"Make/Model": "Husqvarna TC 450 '08", "Classified number": "10258996", "Price": "€2.999", "Category": "Bike - Super Motard", "Registration": "8 / 2008", "Mileage": "10 km", "Fuel type": "Gasoline", "Cubic capacity": "450 cc", "Power": "58 bhp", "Color": "Red", "Modified": "2 days", "Times clicked": "2978", "Short link": "www.car.gr/10258996", "Telephone": "+30 6986737121"}, "ad_seller": {"Dealer": "Γκαμιλης Α Κυριάκος", "Address": "ΗΡΑΚΛΕΙΟ", "City": "ΗΡΑΚΛΕΙΟ", "": "+30 6986737121", "Dealer page": "https//kyriakos-cars.car.gr/"}, "metadata": {"type": "Bikes", "brand": "Husqvarna", "model": "TC 450"}, "extras": [], "description": "TC 450 Supermotard γενική επισκευή στο μοτέρ πιστόνι και κύλινδρος wiseco. καρμπυρατέρ fcr 3 κουστούμια διαφορετικά πλαστικά UFO ζάντες Excel με καινούργια λάστιχα Michelin αλυσίδες γρανάζια καινούργια εξάτμιση ολόσωμη fmf σωληνάκια υψηλής πίεσης φρένα και συμπλέκτη η μηχανή είναι σε άριστη κατάσταση . Μόνο σοβαρές προτάσεις όχι άσκοπα τηλέφωνα - Less - "}