{"query": {"url": "https://www.car.gr/classifieds/bikes/view/10712803/", "type": "CAR_ADDE", "trial_count": 1, "last_processed": 1553097415}, "title": "Αλλο  ανταλλαγη με μηχανη '03", "ad_id": "10712803", "ad_data": {"Make/Model": "Αλλο ανταλλαγη με μηχανη '03", "Classified number": "10712803", "Price": "€4.900", "Category": "Bike - Other", "Registration": "1 / 2003", "Mileage": "7,000 km", "Fuel type": "Gasoline", "Cubic capacity": "125 cc", "Power": "75 bhp", "Color": "White", "Modified": "8 days", "Times clicked": "29", "Short link": "www.car.gr/10712803", "Telephone": "None"}, "ad_seller": {}, "metadata": {"type": "Bikes", "brand": "Αλλο", "model": "Αλλο  ανταλλαγη με μηχανη '03 - € 4.900 EUR (Negotiable)"}, "extras": ["Car Exchange", "Exchange with Moto accepted"], "description": "ανταλλαζω σκαραβαιο μονο για χρηση αντικας του 1971.για πληροφοριες καλεστε στο τηλ. - Less - "}