{"query": {"url": "https://www.car.gr/10141767-aprilia-rsv-1000-tuono-r", "type": "CAR_ADDE", "trial_count": 1, "last_processed": 1553104787}, "title": "Aprilia RSV 1000 Tuono R  '04", "ad_id": "10141767", "ad_data": {"Make/Model": "Aprilia RSV 1000 Tuono R '04", "Classified number": "10141767", "Price": "€3.500", "Category": "Bike - Naked", "Registration": "1 / 2004", "Mileage": "27,000 km", "Fuel type": "Gasoline", "Cubic capacity": "1,000 cc", "Power": "135 bhp", "Color": "Red", "Modified": "over 2 months", "Times clicked": "6298", "Short link": "www.car.gr/10141767", "Telephone": "+30 2107601269"}, "ad_seller": {"Dealer": "MOTO BOOST", "Address": "Κύπρου55-57", "City": "ΒΥΡΩΝΑΣ", "": "+30 2107601269", "Dealer page": "https//motoboost.car.gr/"}, "metadata": {"type": "Bikes", "brand": "Aprilia", "model": "RSV 1000 Tuono R"}, "extras": [], "description": "APRILIA TUONO 1000R 2004 ΑΡΙΣΤΗ ΚΑΤΑΣΤΑΣΗ ΠΡΑΓΜΑΤΙΚΑ ΧΙΛΙΟΜΕΤΡΑ ΚΑΙΝΟΥΡΙΑ ΛΑΣΤΙΧΑ ΓΡΑΝΑΖΙΑ ΑΛΥΣΙΔΑ ΕΞΑΤΜΙΣΗ ΑΠΟ ΓΕΝΙΚΟ SERVICE ΣΤΟ BILL ΜΟΝΟΣΕΛΟ CARBON ΖΕΛΑΤΙΝΑ ΨΗΛΗ MRA ΜΑΜΑ ΕΞΑΤΜΙΣΗ ΔΕΚΤΟΣ ΚΑΘΕ ΕΛΕΓΧΟΣ ΑΝΤΑΛΛΑΓΗ ΜΕ CAPONORD 1000 - Less - "}