{"query": {"url": "https://www.car.gr/10252762-honda-cbf-600s", "type": "CAR_ADDE", "trial_count": 1, "last_processed": 1553096432}, "title": "Honda CBF 600S  '08", "ad_id": "10252762", "ad_data": {"Make/Model": "Honda CBF 600S '08", "Classified number": "10252762", "Price": "€3.500", "Category": "Bike - Sport Touring", "Registration": "6 / 2008", "Mileage": "29,600 km", "Fuel type": "Gasoline", "Cubic capacity": "600 cc", "Power": "80 bhp", "Color": "Silver (Metallic)", "Modified": "5 days", "Times clicked": "1580", "Short link": "www.car.gr/10252762", "Telephone": "None"}, "ad_seller": {}, "metadata": {"type": "Bikes", "brand": "Honda", "model": "CBF 600S"}, "extras": ["ABS", "Alarm", "Centerstand", "Electric starter", "Engine Guards", "Gelatin", "Service Book", "Sidestand"], "description": "Σε άριστη κατάσταση - φυλάσσεται σε κλειστό parking. - Δεκτός οποισδήποτε έλεγχος. - Πωλείται λόγω μετακόμισης στο εξωτερικό. - Less - "}