{"query": {"url": "https://www.car.gr/10102934-kawasaki-zzr-1100", "type": "CAR_ADDE", "trial_count": 1, "last_processed": 1553099585}, "title": "Kawasaki ZZR 1100  '95", "ad_id": "10102934", "ad_data": {"Make/Model": "Kawasaki ZZR 1100 '95", "Classified number": "10102934", "Price": "€2.000", "Category": "Bike - Super Sport", "Registration": "1 / 1995", "Mileage": "35,000 km", "Fuel type": "Gasoline", "Cubic capacity": "1,100 cc", "Power": "11 bhp", "Color": "Black (Metallic)", "Kteo to": "11 / 2018", "Modified": "14 days", "Times clicked": "4418", "Short link": "www.car.gr/10102934", "Telephone": "None"}, "ad_seller": {}, "metadata": {"type": "Bikes", "brand": "Kawasaki", "model": "ZZR 1100"}, "extras": [], "description": "Αριστο, εγγυημένο - Less - "}