{"query": {"url": "https://www.car.gr/10713627-kawasaki-klx-300", "type": "CAR_ADDE", "trial_count": 1, "last_processed": 1553097487}, "title": "Kawasaki KLX 300  '99", "ad_id": "10713627", "ad_data": {"Make/Model": "Kawasaki KLX 300 '99", "Classified number": "10713627", "Price": "€3.300", "Category": "Bike - Εnduro", "Registration": "1 / 1999", "Fuel type": "Gasoline", "Cubic capacity": "300 cc", "Power": "33 bhp", "Color": "Green", "Previous owners": "1", "Modified": "8 days", "Times clicked": "74", "Short link": "www.car.gr/10713627", "Telephone": "+30 2102916028"}, "ad_seller": {"Dealer": "NIKOLAOU MOTO", "Address": "ΑΓΓΛΥΚΕΡΙΑΣ52", "City": "ΓΑΛΑΤΣΙ", "": "+30 2102928165", "Fax": "+30 2102136214", "Dealer page": "https//nikolaou-moto.car.gr/"}, "metadata": {"type": "Bikes", "brand": "Kawasaki", "model": "KLX 300"}, "extras": [], "description": "ΠΡΩΤΟ ΧΕΡΙ ΑΠΟ ΙΔΙΩΤΗ ΣΕ ΑΡΙΣΤΗ ΚΑΤΑΣΤΑΣΗ ΦΥΛΛΑΣΩΜΕΝΟ ΣΕ ΓΚΑΡΑΖ ΜΕ ΠΙΝΑΚΙΔΕΣ ΚΥΚΛΟΦΟΡΙΑΣ. - Less - "}