{"query": {"url": "https://www.car.gr/10713683-aprilia-caponord-1200-caponord-1200-abs-travel-pack", "type": "CAR_ADDE", "trial_count": 1, "last_processed": 1553094402}, "title": "Aprilia Caponord 1200 CAPONORD 1200 ABS TRAVEL PACK '16", "ad_id": "10713683", "ad_data": {"Make/Model": "Aprilia Caponord 1200 CAPONORD 1200 ABS TRAVEL PACK '16", "Classified number": "10713683", "Price": "€12.500", "Category": "Bike - Sport Touring", "Registration": "2 / 2016", "Mileage": "17,569 km", "Fuel type": "Gasoline", "Cubic capacity": "1,200 cc", "Power": "130 bhp", "Color": "White", "Modified": "22 hours", "Times clicked": "9284", "Short link": "www.car.gr/10713683", "Telephone": "+30 2109707198"}, "ad_seller": {"Dealer": "ΑΡΜΑΚΟΛΑΣ", "Address": "Λ.ΑΜΦΙΘΕΑΣ151Π.ΦΑΛΗΡΟ", "City": "ΠΑΛΑΙΟΦΑΛΗΡΟ", "": "+30 2109401260", "Dealer page": "https//armakolasmoto.car.gr/", "Website": "http//www.armakolasmoto.gr", "Open hours": "Δευτέρα - Παρασκευή από 0900 έως 2000, Σάββατο 0900 έως 1400, Κυριακή κλειστά."}, "metadata": {"type": "Bikes", "brand": "Aprilia", "model": "Caponord 1200"}, "extras": ["ABS", "Alarm", "Bars", "Cargo Rack", "Centerstand", "Credit card-Visa accepted", "Engine Guards", "Exchange with Moto accepted", "Exhaust Special", "Four-stroke engine", "Gelatin", "Service Book", "Sidestand", "Skid Plate", "TCS-TractionControl", "Top Box-Μπαγκαζιέρα", "Trip computer"], "description": "Η ΕΚΔΟΣΗ ΤΟΥ ΜΟΤΟ ΕΙΝΑΙ ADD ΜΕ ΟΛΑ ΤΑ ΗΛΕΚΤΡΟΝΙΚΑ ΣΥΣΤΗΜΑΤΑ. ΠΡΩΤΟ ΧΕΡΙ ΟΛΑ ΤΑ SERVICE ΣΤΟ ΚΑΤΑΣΤΗΜΑ ΜΑΣ, EXTRA (ΠΛΑΙΝΕΣ ΒΑΛΙΤΣΕΣ 40L ΚΕΤΡΙΚΗ ΒΑΛΙΤΣΑ 52L, ALARM META SYSTEM DEF3, ΚΑΛΥΜΜΑ ΡΕΖΕΡΒΟΥΑΡ APRILIA, ΚΕΝΤΡΙΚΟ ΣΤΑΝΤ,ΕΞΑΤΜΙΣΗ ARROW ΒΥ APRILIA,ΑΝΟΙΧΤΟ ΦΙΛΤΡΟ, ΠΡΟΓΡΑΜΜΑ, ΒΑΣΗ ΚΙΝΗΤΟΥ, ΚΑΓΚΕΛΑ , ΛΑΜΠΕΣ, ΚΑΙΝΟΥΡΓΙΑ ΛΑΣΤΙΧΑ) ΣΑΝ ΚΑΙΝΟΥΡΓΙΟ. - Less - "}