{"query": {"url": "https://www.car.gr/10577158-bmw-f-650-cs-abs-scarver", "type": "CAR_ADDE", "trial_count": 1, "last_processed": 1553094782}, "title": "Bmw F 650 CS ABS SCARVER  ΜΕΙΩΜΕΝΗ ΤΙΜΗ '02", "ad_id": "10577158", "ad_data": {"Make/Model": "Bmw F 650 CS ABS SCARVER  ΜΕΙΩΜΕΝΗ ΤΙΜΗ '02", "Classified number": "10577158", "Price": "€2.600", "Category": "Bike - Sport Touring", "Registration": "8 / 2002", "Mileage": "57,500 km", "Fuel type": "Gasoline", "Cubic capacity": "652 cc", "Power": "50 bhp", "Color": "Light Blue (Metallic)", "Kteo to": "04 / 2019", "Liters/100km": "4.4 (Εντός)/3 (Εκτός)/3.7 (Μικτό)", "Modified": "1 day", "Times clicked": "3042", "Short link": "www.car.gr/10577158", "Telephone": "None"}, "ad_seller": {"Name": "Κώστας", "Address": "ΑΡΤΑP.ΑΡΤΑΣ"}, "metadata": {"type": "Bikes", "brand": "Bmw", "model": "F 650 CS"}, "extras": ["ABS", "Alarm", "Cargo Rack", "Cast wheels", "Catalyst", "Electric starter", "Four-stroke engine", "Gelatin", "Lights Xenon", "Service Book", "Sidestand", "Trip computer"], "description": "ΟΠΟΙΟΣ ΠΡΟΛΑΒΕΙ!! ΑΠΟ ΔΕΥΤΕΡΑ 25/2 ΜΠΑΙΝΕΙ ΣΕ ΕΚΘΕΣΗ! Σαν καινούρια. Φυλάσσεται σε κλειστό γκαράζ.Πρώτο «χέρι»-Ένας ιδιοκτήτης.Ελληνικής Αντιπροσωπείας .Ατρακάριστη-ποτέ πτώση! Τηρήθηκε ακριβές βιβλίο service. Διαθέτει ABS, σύστημα φρένων της BREMBO, τεχνολογία μετάδοσης με ιμάντα γεγονός που εξασφαλίζει μηδενικές απώλειες ισχύος (στον τροχό), ασφάλεια στις μετακινήσεις και καμιά απαίτηση για συντήρηση. Διαθέτει, επίσης, μια σειρά από extras όπως: φώτα xenon, trip computer (ενδείξεις: στιγμιαίας ταχύτητας, μέσης ταχύτητας, χρόνου ταξιδίου, μερικής οδομέτρησης, συνολικής οδομέτρησης, ώρας..κ.α.), υψηλότερος ανεμοθώρακας της Ermax-(καλύτερη προστασία από τον άνεμο). Καινούρια Μπαταρία νέας τεχνολογίας ΙΟΝΤΩΝ ΛΙΘΙΟΥ της Skyrich (κόστους 105€ - ελαστικά της Metzeler Sportech σε άριστη κατάσταση, αποθηκευτικό σάκο ταξιδίου, όλα σύμφωνα με τις προδιαγραφές και τα standard της BMW. Τα χιλιόμετρα είναι τα αναγραφόμενα κι έχουν γίνει σε εθνικό οδικό δίκτυο, Μικρές απαιτήσεις στα service-Χαμηλή κατανάλωση καυσίμου (3-3,3lit/100Km με μια λογική μέση ταχύτητα ταξιδίου της τάξεως των 100-120 χλμ/ώρα) λόγω του μονοκύλινδρου μοτέρ. Πολύ εύκολη στην οδήγηση και κυρίως ασφαλής στη χρήση. Δεκτός έλεγχος κατόπιν συνεννόησης. - Less - "}