{"query": {"url": "https://www.car.gr/10176408-sym-joyride-125", "type": "CAR_ADDE", "trial_count": 1, "last_processed": 1553097150}, "title": "Sym Joyride 125  '03", "ad_id": "10176408", "ad_data": {"Make/Model": "Sym Joyride 125 '03", "Classified number": "10176408", "Price": "€999", "Category": "Bike - Roller/Scooter", "Registration": "1 / 2003", "Mileage": "29,000 km", "Fuel type": "Gasoline", "Cubic capacity": "125 cc", "Power": "14 bhp", "Color": "Black (Metallic)", "Previous owners": "1", "Modified": "8 days", "Times clicked": "1559", "Short link": "www.car.gr/10176408", "Telephone": "+30 6978485232"}, "ad_seller": {"Dealer": "AUTOPLAN CORFU LTD", "Address": "13οΧΛΜΕΘΝΙΚΗΠΑΛΑΙΟ/ΤΣΑΣ", "City": "ΚΕΡΚΥΡΑ", "": "+30 2661099480", "Fax": "+30 2663022770", "Dealer page": "https//autoplan-corfu.car.gr/", "Website": "http//www.autoplancorfu.gr"}, "metadata": {"type": "Bikes", "brand": "Sym", "model": "Joyride 125"}, "extras": ["Car Exchange", "Electric starter", "Exchange with Moto accepted", "Four-stroke engine", "Service Book"], "description": "αριστη κατασταση - δεκτος ελεγχος - δεν χρειαζεται τιποτα - τηλ για πληροφοριες 6932646371 - κωστας - Less - "}