{"query": {"url": "https://www.car.gr/10572374-aprilia-pegaso-strada", "type": "CAR_ADDE", "trial_count": 1, "last_processed": 1553104270}, "title": "Aprilia Pegaso Strada  '05", "ad_id": "10572374", "ad_data": {"Make/Model": "Aprilia Pegaso Strada '05", "Classified number": "10572374", "Price": "€2.000", "Category": "Bike - On/Off", "Registration": "6 / 2005", "Mileage": "49,000 km", "Fuel type": "Gasoline", "Cubic capacity": "650 cc", "Power": "48 bhp", "Color": "Black", "Kteo to": "03 / 2018", "Liters/100km": "4.7 (Μικτό)", "Previous owners": "1", "Modified": "47 days", "Times clicked": "4181", "Short link": "www.car.gr/10572374", "Telephone": "None"}, "ad_seller": {}, "metadata": {"type": "Bikes", "brand": "Aprilia", "model": "Pegaso Strada"}, "extras": [], "description": "το μηχανακι ειναι σε παρα πολυ καλη κατασταση. - Για περισσοτερες πληροφοριες τηλεφωνικα. - Κυριακος - Less - "}