{"query": {"url": "https://www.car.gr/10088671-gemini-one-50", "type": "CAR_ADDE", "trial_count": 1, "last_processed": 1553103247}, "title": "Gemini  ONE 50  '16", "ad_id": "10088671", "ad_data": {"Make/Model": "Gemini ONE 50  '16", "Classified number": "10088671", "Price": "€800", "Category": "Bike - Roller/Scooter", "Registration": "1 / 2016", "Mileage": "1,064 km", "Fuel type": "Gasoline", "Cubic capacity": "50 cc", "Power": "5 bhp", "Color": "Black (Metallic)", "Previous owners": "1", "Modified": "38 days", "Times clicked": "2313", "Short link": "www.car.gr/10088671", "Telephone": "+30 2541023575"}, "ad_seller": {"Dealer": "ΜΟΤΟ ΤΑΜΙΑΣ", "Address": "ΒΟΥΛΓΑΡΟΚΤΟΝΟΥ20", "City": "ΞΑΝΘΗ", "": "+30 2541023575", "Dealer page": "https//moto-tamias.car.gr/", "Website": "http//www.mototamias.gr"}, "metadata": {"type": "Bikes", "brand": "Gemini", "model": "Gemini  ONE 50  '16 - € 800 EUR"}, "extras": ["Automatic", "Cast wheels", "Centerstand", "Credit card-Visa accepted", "Electric starter", "Exchange with Moto accepted", "Four-stroke engine", "Kick-Starter", "Sidestand"], "description": ""}