{"query": {"url": "https://www.car.gr/10160840-yamaha-xt-400-artesia", "type": "CAR_ADDE", "trial_count": 1, "last_processed": 1553096111}, "title": "Yamaha  XT 400 Artesia '99", "ad_id": "10160840", "ad_data": {"Make/Model": "Yamaha XT 400 Artesia '99", "Classified number": "10160840", "Price": "€1.300", "Category": "Bike - On/Off", "Registration": "6 / 1999", "Mileage": "79,000 km", "Fuel type": "Gasoline", "Cubic capacity": "399 cc", "Power": "35 bhp", "Color": "Blue (Metallic)", "Kteo to": "06 / 2019", "Previous owners": "1", "Modified": "4 days", "Times clicked": "1895", "Short link": "www.car.gr/10160840", "Telephone": "None"}, "ad_seller": {}, "metadata": {"type": "Bikes", "brand": "Yamaha", "model": "Yamaha  XT 400 Artesia '99 - € 1.300 EUR"}, "extras": [], "description": "Ειναι σε αριστη κατασταση με καινουρια λαστιχα(μπροστινο με 500-600 χλμ),μπαταρια μιας εβδομαδας πισω δισκοπλακα γνησια με 500-600 χλμ,ζαντες αριστες D.I.D γραναζι αλυσιδα D.I.D.με λιγα χλμ και αρκετη προικα απο κοστουμι,ρεζερβουαρ αγρατζουνιστο,σκαρα με βαλιτσα KAPPA μεγαλη και αλλα πολλα και διαφορα.Οδηγητε και με μικρο παλαιο διπλωμα μεχρι 25 kwa διοτι ειναι 22.8 kwa.Επισης αλλαχτηκε καδενα,εισαγωγες,σελα και εγινε σερβις(λαδια,μπουζι ρυθμιση βαλβιδων κλπ κλπ) . Διδετε λογο αγορας μικροτερης απο οικογενειαρχη.ΚΤΕΟ μεχρι 7-2019 - Less - "}