{"query": {"url": "https://www.car.gr/10050118-aprilia-pegaso-650", "type": "CAR_ADDE", "trial_count": 1, "last_processed": 1553101042}, "title": "Aprilia PEGASO-650  '03", "ad_id": "10050118", "ad_data": {"Make/Model": "Aprilia PEGASO-650 '03", "Classified number": "10050118", "Price": "€1.800", "Category": "Bike - On/Off", "Registration": "10 / 2003", "Mileage": "23,000 km", "Fuel type": "Gasoline", "Cubic capacity": "650 cc", "Power": "55 bhp", "Color": "Blue (Metallic)", "Kteo to": "09 / 2018", "Liters/100km": "5 (Εντός)/5 (Εκτός)", "Previous owners": "1", "Modified": "21 days", "Times clicked": "1588", "Short link": "www.car.gr/10050118", "Telephone": "None"}, "ad_seller": {}, "metadata": {"type": "Bikes", "brand": "Aprilia", "model": "PEGASO-650"}, "extras": ["Car Exchange", "Electric starter", "Exchange with Moto accepted", "Led lights", "Service Book", "Sidestand", "Top Box-Μπαγκαζιέρα"], "description": "TO MHXANAKI EINAI ΣΕ ΑΡΙΣΤΗ ΚΑΤΑΣΤΑΣΗ.ANTΑΛΛΑΓΕΣ ΔΕΚΤΕΣ.ΚΤΕΟ ΠΕΡΑΣΜΈΝΟ. ΒOOK SERVICE. ΚΑΙΝΟΎΡΙΑ ΜΠΑΤΑΡΊΑ ΓΡΑΝΆΖΙ ΑΛΥΣΊΔΑ ΜΠΑΤΑΡΊΑ ΤΑΚΆΚΙΑ ΚΟΜΠΛΈΡ ΜΙΖΑΣ. - Less - "}