{"query": {"url": "https://www.car.gr/10207992-kawasaki-kle-500", "type": "CAR_ADDE", "trial_count": 1, "last_processed": 1553104671}, "title": "Kawasaki KLE 500  '02", "ad_id": "10207992", "ad_data": {"Make/Model": "Kawasaki KLE 500 '02", "Classified number": "10207992", "Price": "€1.500", "Category": "Bike - On/Off", "Registration": "2 / 2002", "Mileage": "45,000 km", "Fuel type": "Gasoline", "Cubic capacity": "500 cc", "Power": "47 bhp", "Color": "Dark blue (Metallic)", "Previous owners": "1", "Modified": "over 2 months", "Times clicked": "3266", "Short link": "www.car.gr/10207992", "Telephone": "+30 2541023575"}, "ad_seller": {"Dealer": "ΜΟΤΟ ΤΑΜΙΑΣ", "Address": "ΒΟΥΛΓΑΡΟΚΤΟΝΟΥ20", "City": "ΞΑΝΘΗ", "": "+30 2541023575", "Dealer page": "https//moto-tamias.car.gr/", "Website": "http//www.mototamias.gr"}, "metadata": {"type": "Bikes", "brand": "Kawasaki", "model": "KLE 500"}, "extras": ["Cargo Rack", "Credit card-Visa accepted", "Electric starter", "Engine Guards", "Exhaust Special", "Four-stroke engine", "Sidestand", "Skid Plate", "Spoke wheels", "Top Box-Μπαγκαζιέρα"], "description": ""}