{"query": {"url": "https://www.car.gr/10236304-honda-c50", "type": "CAR_ADDE", "trial_count": 1, "last_processed": 1553102599}, "title": "Honda  C50 '88", "ad_id": "10236304", "ad_data": {"Make/Model": "Honda C50 '88", "Classified number": "10236304", "Price": "€1.250", "Category": "Bike - Underbone", "Registration": "1 / 1988", "Mileage": "12,500 km", "Fuel type": "Gasoline", "Cubic capacity": "50 cc", "Power": "6 bhp", "Color": "Red (Metallic)", "Modified": "32 days", "Times clicked": "678", "Short link": "www.car.gr/10236304", "Telephone": "None"}, "ad_seller": {}, "metadata": {"type": "Bikes", "brand": "Honda", "model": "Honda  C50 '88 - € 1.250 EUR (Negotiable)"}, "extras": ["Cargo Rack", "Exchange with Moto accepted", "Four-stroke engine", "Semiautomatic", "Spoke wheels"], "description": "Το μηχανακι εχει κανει ανακατασκευη πολυ προσεγμενη , με αμοβολη. Απο τοτε που αγοραστηκε καινουριο εχει κανει 12500 χλμ. Στην ανακατασκευη τα πραγματα που χρησιμοποιηθηκαν ειναι σχεδον ολα γνησια. Φοραει 75cm κυλινδοπιστονα ομως υπαρχουν τα δικα του σε πολυ καλη κατασταση. Μονο σοβαρες προτασεις το μηχανακη εχει ολα ατα χαρτια του. Επισης γινεται ανταλλαγη με Honda Enduro xr125L, και με suzuki van van 125. - Less - "}