{"query": {"url": "https://www.car.gr/10160503-piaggio-beverly-350-sporttouring", "type": "CAR_ADDE", "trial_count": 1, "last_processed": 1553101964}, "title": "Piaggio Beverly 350 SportTouring  '13", "ad_id": "10160503", "ad_data": {"Make/Model": "Piaggio Beverly 350 SportTouring '13", "Classified number": "10160503", "Price": "€3.500", "Category": "Bike - Other", "Registration": "4 / 2013", "Mileage": "15,000 km", "Fuel type": "Gasoline", "Cubic capacity": "350 cc", "Power": "33 bhp", "Color": "Black", "Kteo to": "04 / 2019", "Modified": "27 days", "Times clicked": "167", "Short link": "www.car.gr/10160503", "Telephone": "None"}, "ad_seller": {}, "metadata": {"type": "Bikes", "brand": "Piaggio", "model": "Beverly 350 SportTouring"}, "extras": [], "description": ""}