{"query": {"url": "https://www.car.gr/10462444-suzuki-rm-z-450", "type": "CAR_ADDE", "trial_count": 1, "last_processed": 1553100360}, "title": "Suzuki RM-Z 450  '07", "ad_id": "10462444", "ad_data": {"Make/Model": "Suzuki RM-Z 450 '07", "Classified number": "10462444", "Price": "€2.200", "Category": "Bike - Motocross", "Registration": "1 / 2007", "Fuel type": "Gasoline", "Cubic capacity": "450 cc", "Power": "15 bhp", "Color": "Yellow", "Kteo to": "01 / 2019", "Modified": "17 days", "Times clicked": "4520", "Short link": "www.car.gr/10462444", "Telephone": "None"}, "ad_seller": {}, "metadata": {"type": "Bikes", "brand": "Suzuki", "model": "RM-Z 450"}, "extras": ["Exchange with Moto accepted", "Exhaust Special", "Service Book"], "description": ""}