{"query": {"url": "https://www.car.gr/10638319-peugeot-speedfight-2-victories", "type": "CAR_ADDE", "trial_count": 1, "last_processed": 1553097487}, "title": "Peugeot Speedfight 2 victories ΚΑΙΝΟΥΡΙΟ ΠΡΟΣΦΟΡΑ '06", "ad_id": "10638319", "ad_data": {"Make/Model": "Peugeot Speedfight 2 victories ΚΑΙΝΟΥΡΙΟ ΠΡΟΣΦΟΡΑ '06", "Classified number": "10638319", "Price": "€1.700", "Category": "Bike - Roller/Scooter", "Registration": "1 / 2006", "Fuel type": "Gasoline", "Cubic capacity": "100 cc", "Power": "65 bhp", "Color": "Red (Metallic)", "Modified": "8 days", "Times clicked": "22", "Short link": "www.car.gr/10638319", "Telephone": "+30 2102916028"}, "ad_seller": {"Dealer": "NIKOLAOU MOTO", "Address": "ΑΓΓΛΥΚΕΡΙΑΣ52", "City": "ΓΑΛΑΤΣΙ", "": "+30 2102928165", "Fax": "+30 2102136214", "Dealer page": "https//nikolaou-moto.car.gr/"}, "metadata": {"type": "Bikes", "brand": "Peugeot", "model": "Speedfight 2"}, "extras": [], "description": "Το scooter είναι με μηδέν χιλιόμετρα αντιπροσωπείας απο stock εχει δυο χρόνια εγγύηση απο την ημερομηνία αγοράς του. - Less - "}