{"query": {"url": "https://www.car.gr/10048882-bmw-k-1200-r-k1300r", "type": "CAR_ADDE", "trial_count": 1, "last_processed": 1553104923}, "title": "Bmw K 1200 R K1300R '09", "ad_id": "10048882", "ad_data": {"Make/Model": "Bmw K 1200 R K1300R '09", "Classified number": "10048882", "Price": "€3", "Category": "Bike - Naked", "Registration": "9 / 2009", "Mileage": "6 km", "Fuel type": "Gasoline", "Cubic capacity": "1,200 cc", "Power": "170 bhp", "Color": "Black (Metallic)", "Kteo to": "11 / 2019", "Modified": "10 hours", "Times clicked": "14", "Short link": "www.car.gr/10048882", "Telephone": "None"}, "ad_seller": {"Name": "Dimitrios", "Address": "ΚΑΣΣΑΝΔΡΕΙΑP.ΧΑΛΚΙΔΙΚΗΣ"}, "metadata": {"type": "Bikes", "brand": "Bmw", "model": "K 1200 R"}, "extras": ["ABS", "Alarm", "Car Exchange", "Catalyst", "Electric starter", "Exhaust Special", "Four-stroke engine", "Gelatin", "Heated Handguards", "Lights Xenon", "Semiautomatic", "Service Book", "Sidestand", "TCS-TractionControl", "Top Box-Μπαγκαζιέρα", "Trip computer"], "description": "ΤΟ ΜΗΧΑΝΆΚΙ ΕΊΝΑΙ ΑΠΌ ΤΑ ΠΙΟ ΠΛΟΎΣΙΑ ΣΤΟ CAR ΚΑΙ ΕΊΝΑΙ ΠΡΏΤΟ ΧΕΡΙ 1 ΙΔΙΟΚΤΗΤΗΣ . ΜΑΖΊ ΔΕΙΝΕΤΕ ΕΞΑΤΜΙΣΗ ΜΑΜΑ ΚΑΙ ΒΑΛΙΤΕΣ ΤΑ CARBON ΚΑΙ ΔΙΆΦΟΡΑ ΆΛΛΑ. ΑΝΤΑΛΛΑΓΉ ΜΕ BMW XR . DUCATI DIAVEL. DUCATI MULTI KTM 1200.1290 - ΕΥΧΑΡΙΣΤΩ - Less - "}