{"query": {"url": "https://www.car.gr/10374656-gilera-runner-200-vxr-rst-e3", "type": "CAR_ADDE", "trial_count": 1, "last_processed": 1553101760}, "title": "Gilera Runner 200 VXR RST E3  '13", "ad_id": "10374656", "ad_data": {"Make/Model": "Gilera Runner 200 VXR RST E3 '13", "Classified number": "10374656", "Price": "€2.150", "Category": "Bike - Roller/Scooter", "Registration": "7 / 2013", "Mileage": "27,000 km", "Fuel type": "Gasoline", "Cubic capacity": "200 cc", "Power": "19 bhp", "Color": "Black", "Modified": "25 days", "Times clicked": "4910", "Short link": "www.car.gr/10374656", "Telephone": "None"}, "ad_seller": {}, "metadata": {"type": "Bikes", "brand": "Gilera", "model": "Runner 200 VXR RST E3"}, "extras": ["Automatic", "Catalyst", "Electric starter", "Four-stroke engine", "Service Book"], "description": "Δεκτός κάθε έλεγχος Άριστη κατάσταση Καινούργια ελαστικά - Less - "}