{"query": {"url": "https://www.car.gr/10382925-kawasaki-zx-12-r", "type": "CAR_ADDE", "trial_count": 1, "last_processed": 1553096628}, "title": "Kawasaki ZX-12 R  '03", "ad_id": "10382925", "ad_data": {"Make/Model": "Kawasaki ZX-12 R '03", "Classified number": "10382925", "Price": "€4.400", "Category": "Bike - Sport Touring", "Registration": "6 / 2003", "Mileage": "36,200 km", "Fuel type": "Gasoline", "Cubic capacity": "1,200 cc", "Power": "160 bhp", "Color": "Black (Metallic)", "Modified": "6 days", "Times clicked": "4327", "Short link": "www.car.gr/10382925", "Telephone": "+30 2130298899"}, "ad_seller": {"Dealer": "DYNAMIC MOTO HOUSE", "Address": "ΠΕΤΡΟΥΡΑΛΛΗ110", "City": "ΝΙΚΑΙΑ", "": "+30 6983030487", "Fax": "+30 2130298899", "Dealer page": "https//dynamic-moto-house.car.gr/"}, "metadata": {"type": "Bikes", "brand": "Kawasaki", "model": "ZX-12 R"}, "extras": ["Cast wheels", "Electric starter", "Exchange with Moto accepted", "Four-stroke engine", "Sidestand"], "description": "H MOTOΣΥΚΛΕΤΑ ΔΙΑΘΕΤΕΙ - *ΛΑΣΤΙΧΑ AVON - *ΚΑΙΝΟΥΡΙΑ ΑΛΥΣΙΔΟΓΡΑΝΑΖΑ - AΡΙΣΤΗ ΚΑΤΑΣΤΑΣΗ -ΔΕΚΤΟΣ ΚΑΘΕ ΤΕΧΝΙΚΟΣ ΕΛΕΓΧΟΣ -ΔΕΚΤΗ ΚΑΙ Η ΜΟΤΟΣ/ΤΑ ΣΑΣ ΓΙΑ ΑΝΤΑΛΛΑΓΗ -ΧΡΗΜΑΤΟΔΟΤΗΣΗ ΕΩΣ 72 ΜΗΝΕΣ ΜΕΣΩ ΤΡΑΠΕΖΗΣ -ΔΥΝΑΤΟΤΗΤΑ ΑΠΟΣΤΟΛΗΣ ΣΕ ΟΛΗ ΤΗΝ ΕΛΛΑΔΑ -ΑΓΟΡΑΖΟΥΜΕ ΤΗΝ ΜΟΤΟΣΥΚΛΕΤΑ ΣΑΣ ΑΥΘΗΜΕΡΟΝ METΡHTA* -Η ΜΟΤΟΣ/ΤΑ ΒΡΙΣΚΕΤΑΙ ΣΤΟ ΚΑΤΑΣΤΗΜΑ ΜΑΣ Π.ΡΑΛΛΗ 110 ΝΙΚΑΙΑ 213-0298899 - Less - "}