{"query": {"url": "https://www.car.gr/10419799-daytona-sprinter-125-efi-cbs-euro-4", "type": "CAR_ADDE", "trial_count": 1, "last_processed": 1553094748}, "title": "Daytona Sprinter 125 EFI CBS EURO-4 '18", "ad_id": "10419799", "ad_data": {"Make/Model": "Daytona Sprinter 125 EFI CBS EURO-4 '18", "Classified number": "10419799", "Price": "€1.495", "Category": "Bike - Underbone", "Registration": "7 / 2018", "Fuel type": "Gasoline", "Cubic capacity": "125 cc", "Power": "85 bhp", "Color": "Black (Metallic)", "Previous owners": "1", "Modified": "1 hour", "Times clicked": "4586", "Short link": "www.car.gr/10419799", "Telephone": "+30 2106616016"}, "ad_seller": {"Dealer": "Papanikolakis Moto", "Address": "ΚΛΕΙΣΘΕΝΟΥΣ48", "City": "ΓΕΡΑΚΑΣ", "": "+30 2106616016", "Fax": "+30 2106616016", "Dealer page": "https//papanikolakis.car.gr/", "Website": "http//www.papanikolakis.gr", "Open hours": "Δευτέρα εώς Παρασκευή 830-730"}, "metadata": {"type": "Bikes", "brand": "Daytona", "model": "Sprinter 125"}, "extras": ["Alarm", "Cast wheels", "Centerstand", "Credit card-Visa accepted", "Electric starter", "Exchange with Moto accepted", "Four-stroke engine", "Kick-Starter", "Service Book", "Sidestand"], "description": "Μαζί με την αγορά σας προσφέρουμε: - *Συναγερμό με εμπλοκή κινητήρα - *Μπαγαζιέρα - *Λουκέτο δισκοφρένου - *Κουκούλα - *Δωρεάν τοποθέτηση - *Δωρεάν εργασία στο πρώτο σέρβις - *Δυνατότητα δόσεων με πιστωτική κάρτα - *Έκπτωση μέχρι και -20% στα αξεσουάρ με την αγορά σας - Δείτε το στο κατάστημα Papanikolakis Moto και ενημερωθείτε για ευνοικά πακέτα πληρωμών - Όταν μας επισκεφθείτε θα διαπιστώσετε την φιλική μας εξυπηρέτηση καθώς και την πολύχρονη εμπειρία μας - Κάνετε like στην σελίδα μας στο F/B Papanikolakis-Moto για να ενημερώνεστε για νέα-προσφορές του καταστηματός μας - •Δυναμική εμφάνιση – σπόρ χαρακτήρα - •Εξελιγμένους κινητήρες της DAYTONA - •Σύστημα συνδυασμένης πέδησης – CBS - •Σύστημα ηλεκτρονικού ψεκασμού καυσίμου EFI. - •Μοντέρνες ζάντες κράματος αλουμινίου - •Εμπρός-Πίσω δισκόφρενο - •Καρίνα – spoiler αλουμινίου – στροφόμετρο - •Ενισχυμένο ψαλίδι ανεστραμμένης δοκού - Less - "}