{"query": {"url": "https://www.car.gr/10389842-honda-nx-250", "type": "CAR_ADDE", "trial_count": 1, "last_processed": 1553102515}, "title": "Honda NX 250  '03", "ad_id": "10389842", "ad_data": {"Make/Model": "Honda NX 250 '03", "Classified number": "10389842", "Price": "€1.950", "Category": "Bike - On/Off", "Registration": "5 / 2003", "Mileage": "46,000 km", "Fuel type": "Gasoline", "Cubic capacity": "250 cc", "Power": "30 bhp", "Color": "Black (Metallic)", "Kteo to": "07 / 2019", "Liters/100km": "3 (Εκτός)", "Previous owners": "1", "Modified": "31 days", "Times clicked": "277", "Short link": "www.car.gr/10389842", "Telephone": "None"}, "ad_seller": {}, "metadata": {"type": "Bikes", "brand": "Honda", "model": "NX 250"}, "extras": ["Cargo Rack", "Electric starter", "Exchange with Moto accepted", "Exhaust Special", "Four-stroke engine", "Led lights", "Sidestand", "Top Box-Μπαγκαζιέρα"], "description": "Σε άριστη κατάσταση. . Βλέπε φωτογραφία , Σε γκαράζ, πολύ προσεγμένο, λάδια, φίλτρα, Λάστιχα καινούργια, δίνονται επίσης, μπαγκαζιέρα, κουκουλα αξίας 60 ευρώ, spray κάδενα. Δίνεται λόγο μεγαλύτερου κυβισμού...!!! - Less - "}