{"query": {"url": "https://www.car.gr/10050869-honda-sh-150i", "type": "CAR_ADDE", "trial_count": 1, "last_processed": 1553096496}, "title": "Honda SH 150i ΑΨΟΓΟ '07", "ad_id": "10050869", "ad_data": {"Make/Model": "Honda SH 150i ΑΨΟΓΟ '07", "Classified number": "10050869", "Price": "€1.595", "Category": "Bike - Roller/Scooter", "Registration": "11 / 2007", "Mileage": "32,000 km", "Fuel type": "Gasoline", "Cubic capacity": "150 cc", "Power": "16 bhp", "Color": "Black", "Previous owners": "1", "Modified": "5 days", "Times clicked": "19", "Short link": "www.car.gr/10050869", "Telephone": "+30 2310886200"}, "ad_seller": {"Dealer": "RIDERSMARKET", "Address": "ΠΑΠΑΝΑΣΤΑΣΙΟΥ31", "City": "ΘΕΣΣΑΛΟΝΙΚΗ", "": "+30 2310900013", "Fax": "+30 2310858002", "Dealer page": "https//nikitakis.car.gr/", "Website": "http//WWW.RIDERSMARKET.GR", "Open hours": "ΔΕΥΤΕΡΑ - ΠΑΡΑΣΚΕΥΗ  900-1730"}, "metadata": {"type": "Bikes", "brand": "Honda", "model": "SH 150i"}, "extras": ["Automatic", "Cast wheels", "Centerstand", "Electric starter", "Exchange with Moto accepted"], "description": "ΝΕΑ ΑΝΤΙΠΡΟΣΩΠΕΙΑ HONDA ΝΙΚΗΤΑΚΗΣ ΑΝΑΤΟΛΙΚΗΣ ΘΕΣΣΑΛΟΝΙΚΗΣ - ΜΕ ΠΟΛΥΕΤΉ ΕΜΠΕΙΡΊΑ ΣΤΟ ΧΩΡΟ ΤΗΣ ΜΟΤΟΣΙΚΛΈΤΑΣ 35 ΧΡΌΝΩΝ - ΜΕ ΟΡΓΆΝΩΣΗ ΚΑΙ ΣΥΝΈΠΕΙΑ - ΣΑΣ ΠΡΟΣΦΕΡΟΥΜΕ ΆΡΙΣΤΗ ΠΟΙΌΤΗΤΑ ΥΠΗΡΕΣΙΏΝ - ΣΤΗ ΠΩΛΗΣΗ ΜΟΤΟ - ΑΞΕΣΟΥΑΡ - SERVICE - ΑΝΤΑΛΛΑΚΤΙΚΑ - ΕΛΑΣΤΙΚΑ - ΚΑΙ ΣΕ ΟΤΙ ΑΛΛΟ ΧΡΕΙΑΣΤΕΊΤΕ -ΕΚΠΤΩΤΙΚΗ ΚΑΡΤΑ RIDERSMARKET - Less - "}