{"query": {"url": "https://www.car.gr/10235449-bmw-c-650-fuduro-650", "type": "CAR_ADDE", "trial_count": 1, "last_processed": 1553096420}, "title": "Bmw C 650 FUDURO 650 '97", "ad_id": "10235449", "ad_data": {"Make/Model": "Bmw C 650 FUDURO 650 '97", "Classified number": "10235449", "Price": "€1.080", "Category": "Bike - On/Off", "Registration": "1 / 1997", "Mileage": "67,800 km", "Fuel type": "Gasoline", "Cubic capacity": "650 cc", "Power": "48 bhp", "Color": "Black", "Previous owners": "1", "Modified": "5 days", "Times clicked": "423", "Short link": "www.car.gr/10235449", "Telephone": "None"}, "ad_seller": {}, "metadata": {"type": "Bikes", "brand": "Bmw", "model": "C 650"}, "extras": ["Gelatin", "Service Book", "Top Box-Μπαγκαζιέρα"], "description": "πολύ καλή κατάσταση με όλα τα servis - Less - "}