{"query": {"url": "https://www.car.gr/10475667-lifan-lf-125-gy-6", "type": "CAR_ADDE", "trial_count": 1, "last_processed": 1553100415}, "title": "Lifan LF 125 GY-6  '05", "ad_id": "10475667", "ad_data": {"Make/Model": "Lifan LF 125 GY-6 '05", "Classified number": "10475667", "Price": "€650", "Category": "Bike - Roller/Scooter", "Registration": "10 / 2005", "Mileage": "11,800 km", "Fuel type": "Gasoline", "Cubic capacity": "125 cc", "Power": "8 bhp", "Color": "Silver", "Kteo to": "04 / 2019", "Liters/100km": "4 (Εντός)/4 (Εκτός)/4 (Μικτό)", "Previous owners": "1", "Modified": "18 days", "Times clicked": "357", "Short link": "www.car.gr/10475667", "Telephone": "None"}, "ad_seller": {}, "metadata": {"type": "Bikes", "brand": "Lifan", "model": "LF 125 GY-6"}, "extras": ["ABS", "Automatic", "Centerstand", "Electric starter", "Four-stroke engine", "Kick-Starter", "Sidestand"], "description": "ΠΩΛΕΙΤΑΙ SCOOTER LIFAN 125cc ΜΕ 11.800 ΧΛΜ ΠΡΟΣΦΑΤΟ SERVICE ΜΕ ΑΛΛΑΓΗ ΙΜΑΝΤΑ, ΛΑΔΙΑ ΜΠΟΥΖ 8/ 2018 ΜΠΑΤΑΡΙΑ 11/ 2018 ΤΟ ΦΤΗΝΟΤΕΡΟ ΣΕ ΑΥΤΗ ΤΗΝ ΚΑΤΗΓΟΡΙΑ. ΚΑΛΟΚΑΙΡΙ ΤΟ ΠΕΡΠΑΤΑΩ ΜΟΝΟ.ΠΟΛΥ ΑΞΙΟΠΙΣΤΟ ΑΞΙΖΕΙ ΝΑ ΤΟ ΔΕΙΤΕ.!!!ΕΧΩ ΚΑΙ ΟΛΟ ΤΟ ΚΟΥΣΤΟΥΜΙ ΑΠΟ ΠΛΑΣΤΙΚΑ ΕΞΤΡΑ....(ΔΕΝ ΠΡΟΛΑΒΑ ΝΑ ΤΑ ΒΑΛΩ)ΠΛΗΡΩΜΕΝΑ ΤΕΛΗ 2019.... ΓΙΑ ΟΣΟΥΣ ΞΕΡΟΥΝ ΕΙΝΑΙ ΕΝΑ KYMCO ΜΕ ΑΛΛΟ ΟΝΟΜΑ. - Less - "}