{"query": {"url": "https://www.car.gr/10475653-suzuki-gsx-250", "type": "CAR_ADDE", "trial_count": 1, "last_processed": 1553099045}, "title": "Suzuki GSX 250  '83", "ad_id": "10475653", "ad_data": {"Make/Model": "Suzuki GSX 250 '83", "Classified number": "10475653", "Price": "€900", "Category": "Bike - Street Bike", "Registration": "1 / 1983", "Mileage": "64,978 km", "Fuel type": "Gasoline", "Cubic capacity": "250 cc", "Power": "23 bhp", "Color": "Bordeaux (Metallic)", "Modified": "13 days", "Times clicked": "9025", "Short link": "www.car.gr/10475653", "Telephone": "+30 2102400616"}, "ad_seller": {"Dealer": "Sakis Power", "Address": "kuprou62-axarnai", "City": "ΑΧΑΡΝΕΣ", "": "+30 2102400616", "Dealer page": "https//sakispower.car.gr/"}, "metadata": {"type": "Bikes", "brand": "Suzuki", "model": "GSX 250"}, "extras": ["Antique-Classic", "Exchange with Moto accepted"], "description": "ΤΟ ΜΗΧΑΝΑΚΙ ΕΙΝΑΙ ΣΕ ΚΑΛΗ ΚΑΤΑΣΤΑΣΗ ΛΕΙΤΟΥΡΓΕΙ ΚΑΝΟΝΙΚΑ ΚΑΙ ΕΙΝΑΙ ΟΠΩΣ ΤΟ ΒΛΕΠΕΤΕ. - Less - "}