{"query": {"url": "https://www.car.gr/10143211-suzuki-vx-800", "type": "CAR_ADDE", "trial_count": 1, "last_processed": 1553099270}, "title": "Suzuki VX 800  '95", "ad_id": "10143211", "ad_data": {"Make/Model": "Suzuki VX 800 '95", "Classified number": "10143211", "Price": "€1.500", "Category": "Bike - Naked", "Registration": "6 / 1995", "Mileage": "69,677 km", "Fuel type": "Gasoline", "Cubic capacity": "800 cc", "Power": "63 bhp", "Color": "Black", "Kteo to": "01 / 2019", "Previous owners": "1", "Modified": "13 days", "Times clicked": "143", "Short link": "www.car.gr/10143211", "Telephone": "None"}, "ad_seller": {}, "metadata": {"type": "Bikes", "brand": "Suzuki", "model": "VX 800"}, "extras": ["Cargo Rack", "Cast wheels", "Centerstand", "Electric starter", "Four-stroke engine", "Gelatin", "Sidestand", "Top Box-Μπαγκαζιέρα"], "description": "Η μηχανή είναι σε καλή κατάσταση, ατρακάριστη, φυλλασόμενη σε κλειστό πάρκινγκ, λάστιχα σε καλή κατάσταση με λίγα χλμ, καινούρια μπαταρία, δεκτός κάθε έλεγχος, υπάρχει έξτρα ζελατίνα και βάση για βαλίτσα. - Less - "}