{"query": {"url": "https://www.car.gr/10406512-yamaha-xt-660x", "type": "CAR_ADDE", "trial_count": 1, "last_processed": 1553101966}, "title": "Yamaha XT 660X  '07", "ad_id": "10406512", "ad_data": {"Make/Model": "Yamaha XT 660X '07", "Classified number": "10406512", "Price": "€4.450", "Category": "Bike - Super Motard", "Registration": "4 / 2007", "Mileage": "21,000 km", "Fuel type": "Gasoline", "Cubic capacity": "660 cc", "Power": "48 bhp", "Color": "Black", "Kteo to": "12 / 2019", "Modified": "27 days", "Times clicked": "900", "Short link": "www.car.gr/10406512", "Telephone": "None"}, "ad_seller": {}, "metadata": {"type": "Bikes", "brand": "Yamaha", "model": "XT 660X"}, "extras": ["Cargo Rack", "Electric starter", "Four-stroke engine", "Injection", "Sidestand", "Top Box-Μπαγκαζιέρα"], "description": "ΣΕ ΓΚΑΡΑΖ - ΚΑΙΝΟΥΡΙΑ ΛΑΣΤΙΧΑ PIRELLI TRAIL II - ΚΤΕΟ ΩΣ 05/12/19 - Less - "}