{"query": {"url": "https://www.car.gr/10070589-bmw-r-25-3-r-25", "type": "CAR_ADDE", "trial_count": 1, "last_processed": 1553104748}, "title": "Bmw R 25/3 R 25 '50", "ad_id": "10070589", "ad_data": {"Make/Model": "Bmw R 25/3 R 25 '50", "Classified number": "10070589", "Price": "€8.000", "Category": "Bike - Other", "Registration": "1 / 1950", "Fuel type": "Petroleum", "Cubic capacity": "250 cc", "Power": "50 bhp", "Color": "Black", "Modified": "over 2 months", "Times clicked": "5269", "Short link": "www.car.gr/10070589", "Telephone": "+30 2610430717"}, "ad_seller": {"Dealer": "ΘΑΝΟΠΟΥΛΟΣ  KAWASAKI-PEUGEOT-DAELIM ΕΠΙΣΗΜΟΣ ΕΜΠΟΡΟΣ", "Address": "ΝΕΟΠΑΤΡΩΝΑΘΗΝΩΝ111", "City": "ΠΑΤΡΑ", "": "+30 6986988630", "Fax": "+30 2610430280", "Dealer page": "https//motothanopoulos.car.gr/", "Website": "http//www.facebook.com/pages/Thanopoulos-Kawasaki-Peugeot-Daelim-Patras/208655379162789?ref=tn_tnmn"}, "metadata": {"type": "Bikes", "brand": "Bmw", "model": "R 25/3"}, "extras": ["Antique-Classic"], "description": ""}