{"query": {"url": "https://www.car.gr/10118218-sym-hd-125-evo", "type": "CAR_ADDE", "trial_count": 1, "last_processed": 1553099391}, "title": "Sym HD 125 EVO ΑΨΟΓΟ '10", "ad_id": "10118218", "ad_data": {"Make/Model": "Sym HD 125 EVO ΑΨΟΓΟ '10", "Classified number": "10118218", "Price": "€1.295", "Category": "Bike - Roller/Scooter", "Registration": "11 / 2010", "Mileage": "31,000 km", "Fuel type": "Gasoline", "Cubic capacity": "125 cc", "Power": "13 bhp", "Color": "Grey (Metallic)", "Previous owners": "1", "Modified": "13 days", "Times clicked": "39", "Short link": "www.car.gr/10118218", "Telephone": "+30 2310886200"}, "ad_seller": {"Dealer": "RIDERSMARKET", "Address": "ΠΑΠΑΝΑΣΤΑΣΙΟΥ31", "City": "ΘΕΣΣΑΛΟΝΙΚΗ", "": "+30 2310900013", "Fax": "+30 2310858002", "Dealer page": "https//nikitakis.car.gr/", "Website": "http//WWW.RIDERSMARKET.GR", "Open hours": "ΔΕΥΤΕΡΑ - ΠΑΡΑΣΚΕΥΗ  900-1730"}, "metadata": {"type": "Bikes", "brand": "Sym", "model": "HD 125 EVO"}, "extras": ["Automatic", "Cast wheels", "Centerstand", "Credit card-Visa accepted", "Electric starter", "Exchange with Moto accepted", "Four-stroke engine", "Sidestand"], "description": "ΑΝΤΙΠΡΟΣΩΠΕΙΑ SUZUKI ΝΙΚΗΤΑΚΗΣ ΒΟΡΕΙΑΣ ΕΛΛΑΔΑΣ - ΜΕ ΠΟΛΥΕΤΉ ΕΜΠΕΙΡΊΑ ΣΤΟ ΧΩΡΟ ΤΗΣ ΜΟΤΟΣΙΚΛΈΤΑΣ 35 ΧΡΌΝΩΝ - ΜΕ ΟΡΓΆΝΩΣΗ ΚΑΙ ΣΥΝΈΠΕΙΑ - ΣΑΣ ΠΡΟΣΦΕΡΟΥΜΕ ΆΡΙΣΤΗ ΠΟΙΌΤΗΤΑ ΥΠΗΡΕΣΙΏΝ - ΣΤΗ ΠΩΛΗΣΗ ΜΟΤΟ - ΑΞΕΣΟΥΑΡ - SERVICE - ΑΝΤΑΛΛΑΚΤΙΚΑ - ΕΛΑΣΤΙΚΑ - ΚΑΙ ΣΕ ΟΤΙ ΑΛΛΟ ΧΡΕΙΑΣΤΕΊΤΕ - Σε αριστη κατασταση,με σερβις,δεκτες και ανταλλαγες. - Less - "}