{"query": {"url": "https://www.car.gr/10267483-suzuki-dl-650-v-strom", "type": "CAR_ADDE", "trial_count": 1, "last_processed": 1553101698}, "title": "Suzuki DL 650 V-STROM  '05", "ad_id": "10267483", "ad_data": {"Make/Model": "Suzuki DL 650 V-STROM '05", "Classified number": "10267483", "Price": "€3.600", "Category": "Bike - On/Off", "Registration": "5 / 2005", "Mileage": "47,900 km", "Fuel type": "Gasoline", "Cubic capacity": "650 cc", "Power": "73 bhp", "Color": "Silver (Metallic)", "Kteo to": "04 / 2019", "Liters/100km": "1 (Εντός)", "Modified": "24 days", "Times clicked": "1149", "Short link": "www.car.gr/10267483", "Telephone": "None"}, "ad_seller": {}, "metadata": {"type": "Bikes", "brand": "Suzuki", "model": "DL 650 V-STROM"}, "extras": ["Car Exchange", "Cargo Rack", "Cast wheels", "Centerstand", "Engine Guards", "Four-stroke engine", "Gelatin", "Service Book", "Sidestand", "Top Box-Μπαγκαζιέρα"], "description": "Η μηχανή βρίσκεται σε άψογη κατάσταση . - Τα extra που έχει ξεπερνούν τα 1500 euro. - Μερικά από αυτά είναι: - Mπαγκαζιέρα Kappa 48 - Προβολάκια - Bagster - Κάγκελα προστασίας εμπρός . - Κάγκελα προστασίας πίσω . - Σωληνάκια υψηλής πίεσης στα φρένα - Χούφτες - Καρίνα suzuki - Αλυσίδα did με γρανάζια, όλα αλλαγμένα πριν 12 μήνες - Λάστιχα Bridgestone - Διπλό σταντ - Και πολλά άλλα που τώρα ξεχνάω.. - Η μηχανή δεν έχει τρακάρει ποτέ και δεν έχει βγάλει το παραμικρό πρόβλημα.. δεκτός οποιοσδήποτε έλεγχος. - Η τιμή ΔΕΝ είναι συζητήσιμη παρακαλώ μην με καλείτε για άσκοπα παζάρια... - Less - "}