{"query": {"url": "https://www.car.gr/10445333-honda-xl-1000v-varadero", "type": "CAR_ADDE", "trial_count": 1, "last_processed": 1553102484}, "title": "Honda XL 1000V Varadero  '01", "ad_id": "10445333", "ad_data": {"Make/Model": "Honda XL 1000V Varadero '01", "Classified number": "10445333", "Price": "€2.600", "Category": "Bike - On/Off", "Registration": "1 / 2001", "Mileage": "50,195 km", "Fuel type": "Gasoline", "Cubic capacity": "1,000 cc", "Power": "96 bhp", "Color": "Black (Metallic)", "Modified": "30 days", "Times clicked": "3779", "Short link": "www.car.gr/10445333", "Telephone": "+30 2531033683"}, "ad_seller": {"Dealer": "AUTO-MOTO ELLI ΜΑΛΑΜΙΔΗΣ ΑΘΑΝΑΣΙΟΣ", "Address": "1oχιλκομοτηνήςκοσμίου", "City": "ΚΟΜΟΤΗΝΗ", "": "+30 2531033683", "Fax": "+30 2531022269", "Dealer page": "https//motoelli-malamidis.car.gr/", "Website": "http//www.malamidis.gr", "Open hours": "ΔΕΥΤΕΡΑ - ΣΑΒΒΑΤΟ 9 ΜΕ 3 \nΤΡΙΤΗ - ΠΕΜΠΤΗ 5-8"}, "metadata": {"type": "Bikes", "brand": "Honda", "model": "XL 1000V Varadero"}, "extras": ["Automatic", "Car Exchange", "Cargo Rack", "Cast wheels", "Centerstand", "Credit card-Visa accepted", "Electric starter", "Engine Guards", "Exchange with Boat", "Exchange with Moto accepted", "Exhibition", "Four-stroke engine", "Gelatin", "Notes, checks accepted", "Service Book", "Sidestand", "Skid Plate", "Top Box-Μπαγκαζιέρα"], "description": "ΕΓΓΥΗΜΕΝΗ ΜΟΤ/ΤΑ ΣΕ ΑΡΙΣΤΗ ΚΑΤΑΣΤΑΣΗ... - ΔΕΚΤΟΣ ΚΑΘΕ ΕΛΕΓΧΟΣ ΚΑΙ ΔΥΝΑΤΟΤΗΤΑ TEST DRIVE!!! - ΔΕΚΤΕΣ ΑΝΤΑΛΛΑΓΕΣ, ΕΥΝΟΙΚΗ ΧΡΗΜΑΤΟΔΟΤΗΣΗ ΚΑΙ ΔΥΝΑΤΟΤΗΤΑ ΠΛΗΡΩΜΗΣ ΜΕ ΠΙΣΤΩΤΙΚΗ ΚΑΡΤΑ. - Εγγύηση αναγραφόμενων χιλιομέτρων - • Πλήρες αρχείο service - • Από 0% προκαταβολή και με το χαμηλότερο επιτόκιο της αγοράς - • Δυνατότητα προεξόφλησης χωρίς επιβάρυνση - • Δωρεάν Service για 3 χρόνια - • Γραπτή εγγύηση ατρακάριστου - • Δωρεάν Οδική Βοήθεια με την ασφάλεια - • Δυνατότητα ανταλλαγής - • Service πριν την παράδοση - • Ολικό γυάλισμα χρώματος - • Ολικό κέρωμα - • Δυνατότητα δόσεων μέσω πιστωτικής κάρτας - • Πιστοποιημένο έγγραφο Κ.Τ.Ε.Ο του οχήματος σε ισχύ - • Ασυναγώνιστες τιμές σε ανταλλακτικά, service και ασφάλιση - Less - "}