{"query": {"url": "https://www.car.gr/10380304-suzuki-uh-200-burgman-burgman", "type": "CAR_ADDE", "trial_count": 1, "last_processed": 1553101764}, "title": "Suzuki UH 200 Burgman BURGMAN '14", "ad_id": "10380304", "ad_data": {"Make/Model": "Suzuki UH 200 Burgman BURGMAN '14", "Classified number": "10380304", "Price": "€3.000", "Category": "Bike - Roller/Scooter", "Registration": "6 / 2014", "Mileage": "40,000 km", "Fuel type": "Gasoline", "Cubic capacity": "200 cc", "Power": "18 bhp", "Color": "White", "Modified": "25 days", "Times clicked": "54", "Short link": "www.car.gr/10380304", "Telephone": "None"}, "ad_seller": {}, "metadata": {"type": "Bikes", "brand": "Suzuki", "model": "UH 200 Burgman"}, "extras": ["Automatic", "Centerstand", "Electric starter", "Four-stroke engine", "Gelatin", "Kick-Starter", "Service Book", "Sidestand", "Skid Plate"], "description": "Άριστη κατάσταση, αυτόματο, τετράχρονο, όλα τα service (με βιβλιαράκι) μόνο σε συνεργείο της επίσημης αντιπροσωπείας. Μεγάλος χώρος κάτω από τη σέλα (2 κράνη full face) άνετο, σταθερό, οικονομικό. Πρόσφατο γενικό service (1/2019) . - Less - "}