{"query": {"url": "https://www.car.gr/10380385-yamaha-xvs-950-a-racer", "type": "CAR_ADDE", "trial_count": 1, "last_processed": 1553099012}, "title": "Yamaha XVS 950 A Racer '17", "ad_id": "10380385", "ad_data": {"Make/Model": "Yamaha XVS 950 A Racer '17", "Classified number": "10380385", "Price": "€8.500", "Category": "Bike - Cafe Racer", "Registration": "6 / 2017", "Mileage": "200 km", "Fuel type": "Gasoline", "Cubic capacity": "950 cc", "Power": "60 bhp", "Color": "Grey (Metallic)", "Modified": "13 days", "Times clicked": "4494", "Short link": "www.car.gr/10380385", "Telephone": "+30 2721082035"}, "ad_seller": {"Dealer": "alfa marine & motor", "Address": "3ηΠΑΡΟΔΟΣΑΡΤΕΜΙΔΟΣ,ΓΟΥΛΙΜΙΔΕΣ", "City": "ΚΑΛΑΜΑΤΑ", "": "+30 2721082035", "Fax": "+30 2721082035", "Dealer page": "https//alfamarine.car.gr/", "Website": "http//www.alfamarine.gr"}, "metadata": {"type": "Bikes", "brand": "Yamaha", "model": "XVS 950 A"}, "extras": ["ABS", "Car Exchange", "Exchange with Boat", "Exchange with Moto accepted", "TCS-TractionControl"], "description": ""}